[LOG] FMOD_System_Create                       : Header version = 2.03.14. Current version = 2.03.14.
[LOG] system_create                            : Header version = 2.03.14. Current version = 2.03.14.
[LOG] SystemI::setOutputInternal               : Setting output to 'FMOD WASAPI Output'
[LOG] Manager::init                            : maxchannels = 256 studioflags = 00000006 flags 00000000 extradriverdata 0000000000000000.
[LOG] SystemI::init                            : Initialize version=20314 (164239), maxchannels=256, flags=0x00020000
[LOG] OutputWASAPI::init                       : Mix Format (WAVEFORMATEX): wFormatTag=0xFFFE, nChannels=2, nSamplesPerSec=44100, nAvgBytesPerSec=352800, nBlockAlign=8, wBitsPerSample=32, cbSize=22.
[LOG] OutputWASAPI::init                       : Mix Format (WAVEFORMATEXTENSIBLE): wValidBitsPerSample=32, dwChannelMask=0x00000003, SubFormat=00000003-0000-0010-8000-00AA00389B71.
[LOG] OutputWASAPI::init                       : Output buffer size: 1880 samples, latency: 0.00ms, period: 10.07ms, DSP buffer: 512 * 4
[LOG] SystemI::init                            : Output requires a sample rate of 44100Hz, resampling will occur.
[LOG] Thread::initThread                       : Init FMOD stream thread. Affinity: 0x4000000000000003, Priority: 0xFFFF7FFB, Stack Size: 98304, Semaphore: No, Sleep Time: 10, Looping: Yes.
[LOG] SystemI::DSPCodecPoolRegister            : register codec pool for pool type 0
[LOG] Thread::initThread                       : Init FMOD mixer thread. Affinity: 0x4000000000000001, Priority: 0xFFFF7FFA, Stack Size: 81920, Semaphore: No, Sleep Time: 0, Looping: Yes.
[LOG] AsyncManager::init                       : manager 000001AD6D4B6A28 isAsync 0 updatePeriod 0.02
[LOG] AsyncManager::init                       : done
[LOG] PlaybackSystem::init                     : 
[LOG] Thread::initThread                       : Init FMOD Studio sample load thread. Affinity: 0x4000000000000003, Priority: 0xFFFF7FFD, Stack Size: 98304, Semaphore: No, Sleep Time: 1, Looping: No.
[LOG] PlaybackSystem::init                     : done
[LOG] Thread::initThread                       : Init FMOD Studio bank load thread. Affinity: 0x4000000000000003, Priority: 0xFFFF7FFD, Stack Size: 98304, Semaphore: No, Sleep Time: 1, Looping: No.
[LOG] Manager::init                            : done.
[LOG] BankLoader::serializeBank                : fileversion = 146, compatVersion = 146 (oldest = 44, newest = 146)
[LOG] BankLoader::serializeBank                : fileversion = 146, compatVersion = 146 (oldest = 44, newest = 146)
[LOG] BankLoader::serializeBank                : fileversion = 146, compatVersion = 146 (oldest = 44, newest = 146)
[LOG] PlaybackSystem::acquireMasterBus         : Setting master channel group format to 6
[LOG] SystemI::createSoundInternal             : Create name='', mode=0x02000202
[LOG] SystemI::createSoundInternal             : exinfo->cbsize             = 224
[LOG] SystemI::createSoundInternal             : exinfo->length             = 1265920
[LOG] SystemI::createSoundInternal             : exinfo->fileoffset         = 137760
[LOG] SystemI::createSoundInternal             : exinfo->numsubsounds       = 1
[LOG] SystemI::createSoundInternal             : exinfo->inclusionlist      = 00000038351BEC28
[LOG] SystemI::createSoundInternal             : exinfo->inclusionlistnum   = 1
[LOG] SystemI::createSoundInternal             : exinfo->suggestedsoundtype = 5
[LOG] SystemI::createSoundInternal             : exinfo->useropen           = 00007FFE97FDDA70
[LOG] SystemI::createSoundInternal             : exinfo->userclose          = 00007FFE97FDDA30
[LOG] SystemI::createSoundInternal             : exinfo->userread           = 00007FFE97FDDB50
[LOG] SystemI::createSoundInternal             : exinfo->userseek           = 00007FFE97FDDC10
[LOG] SystemI::createSoundInternal             : exinfo->fileuserdata       = 000001ADD3E92828
[LOG] SystemI::createSoundInternal             : exinfo->initialseekpostype = 1
[LOG] SystemI::DSPCodecPoolRegister            : register codec pool for pool type 4
[LOG] SystemI::createSoundInternal             : Sample 0/1: name='Wood_Run-006', format=5, channels=2, frequency=48000, lengthbytes=4576, lengthpcm=24000, pcmblocksize=0, loopstart=0, loopend=0, mode=0x00000000, channelmask=0x00000000, channelorder=0, peakvolume=0.164431.
[LOG] SystemI::createSoundInternal             : Create name='', mode=0x02000202
[LOG] SystemI::createSoundInternal             : exinfo->cbsize             = 224
[LOG] SystemI::createSoundInternal             : exinfo->length             = 1265920
[LOG] SystemI::createSoundInternal             : exinfo->fileoffset         = 137760
[LOG] SystemI::createSoundInternal             : exinfo->numsubsounds       = 1
[LOG] SystemI::createSoundInternal             : exinfo->inclusionlist      = 00000038351BEC28
[LOG] SystemI::createSoundInternal             : exinfo->inclusionlistnum   = 1
[LOG] SystemI::createSoundInternal             : exinfo->suggestedsoundtype = 5
[LOG] SystemI::createSoundInternal             : exinfo->useropen           = 00007FFE97FDDA70
[LOG] SystemI::createSoundInternal             : exinfo->userclose          = 00007FFE97FDDA30
[LOG] SystemI::createSoundInternal             : exinfo->userread           = 00007FFE97FDDB50
[LOG] SystemI::createSoundInternal             : exinfo->userseek           = 00007FFE97FDDC10
[LOG] SystemI::createSoundInternal             : exinfo->fileuserdata       = 000001ADD3E92828
[LOG] SystemI::createSoundInternal             : exinfo->initialseekpostype = 1
[LOG] SystemI::DSPCodecPoolRegister            : register codec pool for pool type 4
[LOG] SystemI::createSoundInternal             : Sample 0/1: name='linoleum_Run-003', format=5, channels=2, frequency=48000, lengthbytes=4608, lengthpcm=48000, pcmblocksize=0, loopstart=0, loopend=0, mode=0x00000000, channelmask=0x00000000, channelorder=0, peakvolume=0.238214.
[LOG] SystemI::createSoundInternal             : Create name='', mode=0x02000202
[LOG] SystemI::createSoundInternal             : exinfo->cbsize             = 224
[LOG] SystemI::createSoundInternal             : exinfo->length             = 1265920
[LOG] SystemI::createSoundInternal             : exinfo->fileoffset         = 137760
[LOG] SystemI::createSoundInternal             : exinfo->numsubsounds       = 1
[LOG] SystemI::createSoundInternal             : exinfo->inclusionlist      = 00000038351BEC28
[LOG] SystemI::createSoundInternal             : exinfo->inclusionlistnum   = 1
[LOG] SystemI::createSoundInternal             : exinfo->suggestedsoundtype = 5
[LOG] SystemI::createSoundInternal             : exinfo->useropen           = 00007FFE97FDDA70
[LOG] SystemI::createSoundInternal             : exinfo->userclose          = 00007FFE97FDDA30
[LOG] SystemI::createSoundInternal             : exinfo->userread           = 00007FFE97FDDB50
[LOG] SystemI::createSoundInternal             : exinfo->userseek           = 00007FFE97FDDC10
[LOG] SystemI::createSoundInternal             : exinfo->fileuserdata       = 000001ADD3E92828
[LOG] SystemI::createSoundInternal             : exinfo->initialseekpostype = 1
[LOG] SystemI::DSPCodecPoolRegister            : register codec pool for pool type 4
[LOG] SystemI::createSoundInternal             : Sample 0/1: name='Footsteps, Human, Barefoot, Walk, Slow, on Glass SND147193 S00', format=5, channels=2, frequency=48000, lengthbytes=13888, lengthpcm=48346, pcmblocksize=0, loopstart=0, loopend=0, mode=0x00000000, channelmask=0x00000000, channelorder=0, peakvolume=0.479744.
[LOG] SystemI::createSoundInternal             : Create name='', mode=0x02000202
[LOG] SystemI::createSoundInternal             : exinfo->cbsize             = 224
[LOG] SystemI::createSoundInternal             : exinfo->length             = 1265920
[LOG] SystemI::createSoundInternal             : exinfo->fileoffset         = 137760
[LOG] SystemI::createSoundInternal             : exinfo->numsubsounds       = 1
[LOG] SystemI::createSoundInternal             : exinfo->inclusionlist      = 00000038351BEC28
[LOG] SystemI::createSoundInternal             : exinfo->inclusionlistnum   = 1
[LOG] SystemI::createSoundInternal             : exinfo->suggestedsoundtype = 5
[LOG] SystemI::createSoundInternal             : exinfo->useropen           = 00007FFE97FDDA70
[LOG] SystemI::createSoundInternal             : exinfo->userclose          = 00007FFE97FDDA30
[LOG] SystemI::createSoundInternal             : exinfo->userread           = 00007FFE97FDDB50
[LOG] SystemI::createSoundInternal             : exinfo->userseek           = 00007FFE97FDDC10
[LOG] SystemI::createSoundInternal             : exinfo->fileuserdata       = 000001ADD3E92828
[LOG] SystemI::createSoundInternal             : exinfo->initialseekpostype = 1
[LOG] SystemI::DSPCodecPoolRegister            : register codec pool for pool type 4
[LOG] SystemI::createSoundInternal             : Sample 0/1: name='Wood_Run-007', format=5, channels=2, frequency=48000, lengthbytes=4320, lengthpcm=24000, pcmblocksize=0, loopstart=0, loopend=0, mode=0x00000000, channelmask=0x00000000, channelorder=0, peakvolume=0.143322.
[LOG] SystemI::createSoundInternal             : Create name='', mode=0x02000202
[LOG] SystemI::createSoundInternal             : exinfo->cbsize             = 224
[LOG] SystemI::createSoundInternal             : exinfo->length             = 1265920
[LOG] SystemI::createSoundInternal             : exinfo->fileoffset         = 137760
[LOG] SystemI::createSoundInternal             : exinfo->numsubsounds       = 1
[LOG] SystemI::createSoundInternal             : exinfo->inclusionlist      = 00000038351BEC28
[LOG] SystemI::createSoundInternal             : exinfo->inclusionlistnum   = 1
[LOG] SystemI::createSoundInternal             : exinfo->suggestedsoundtype = 5
[LOG] SystemI::createSoundInternal             : exinfo->useropen           = 00007FFE97FDDA70
[LOG] SystemI::createSoundInternal             : exinfo->userclose          = 00007FFE97FDDA30
[LOG] SystemI::createSoundInternal             : exinfo->userread           = 00007FFE97FDDB50
[LOG] SystemI::createSoundInternal             : exinfo->userseek           = 00007FFE97FDDC10
[LOG] SystemI::createSoundInternal             : exinfo->fileuserdata       = 000001ADD3E92828
[LOG] SystemI::createSoundInternal             : exinfo->initialseekpostype = 1
[LOG] SystemI::DSPCodecPoolRegister            : register codec pool for pool type 4
[LOG] SystemI::createSoundInternal             : Sample 0/1: name='linoleum_Walk-007', format=5, channels=2, frequency=48000, lengthbytes=4768, lengthpcm=48000, pcmblocksize=0, loopstart=0, loopend=0, mode=0x00000000, channelmask=0x00000000, channelorder=0, peakvolume=0.445044.
[LOG] SystemI::createSoundInternal             : Create name='', mode=0x02000202
[LOG] SystemI::createSoundInternal             : exinfo->cbsize             = 224
[LOG] SystemI::createSoundInternal             : exinfo->length             = 1265920
[LOG] SystemI::createSoundInternal             : exinfo->fileoffset         = 137760
[LOG] SystemI::createSoundInternal             : exinfo->numsubsounds       = 1
[LOG] SystemI::createSoundInternal             : exinfo->inclusionlist      = 00000038351BEC28
[LOG] SystemI::createSoundInternal             : exinfo->inclusionlistnum   = 1
[LOG] SystemI::createSoundInternal             : exinfo->suggestedsoundtype = 5
[LOG] SystemI::createSoundInternal             : exinfo->useropen           = 00007FFE97FDDA70
[LOG] SystemI::createSoundInternal             : exinfo->userclose          = 00007FFE97FDDA30
[LOG] SystemI::createSoundInternal             : exinfo->userread           = 00007FFE97FDDB50
[LOG] SystemI::createSoundInternal             : exinfo->userseek           = 00007FFE97FDDC10
[LOG] SystemI::createSoundInternal             : exinfo->fileuserdata       = 000001ADD3E92828
[LOG] SystemI::createSoundInternal             : exinfo->initialseekpostype = 1
[LOG] SystemI::DSPCodecPoolRegister            : register codec pool for pool type 4
[LOG] SystemI::createSoundInternal             : Sample 0/1: name='Concrete_Run-001', format=5, channels=2, frequency=48000, lengthbytes=4256, lengthpcm=24000, pcmblocksize=0, loopstart=0, loopend=0, mode=0x00000000, channelmask=0x00000000, channelorder=0, peakvolume=0.186656.
[LOG] SystemI::createSoundInternal             : Create name='', mode=0x02000202
[LOG] SystemI::createSoundInternal             : exinfo->cbsize             = 224
[LOG] SystemI::createSoundInternal             : exinfo->length             = 1265920
[LOG] SystemI::createSoundInternal             : exinfo->fileoffset         = 137760
[LOG] SystemI::createSoundInternal             : exinfo->numsubsounds       = 1
[LOG] SystemI::createSoundInternal             : exinfo->inclusionlist      = 00000038351BEC28
[LOG] SystemI::createSoundInternal             : exinfo->inclusionlistnum   = 1
[LOG] SystemI::createSoundInternal             : exinfo->suggestedsoundtype = 5
[LOG] SystemI::createSoundInternal             : exinfo->useropen           = 00007FFE97FDDA70
[LOG] SystemI::createSoundInternal             : exinfo->userclose          = 00007FFE97FDDA30
[LOG] SystemI::createSoundInternal             : exinfo->userread           = 00007FFE97FDDB50
[LOG] SystemI::createSoundInternal             : exinfo->userseek           = 00007FFE97FDDC10
[LOG] SystemI::createSoundInternal             : exinfo->fileuserdata       = 000001ADD3E92828
[LOG] SystemI::createSoundInternal             : exinfo->initialseekpostype = 1
[LOG] SystemI::DSPCodecPoolRegister            : register codec pool for pool type 4
[LOG] SystemI::createSoundInternal             : Sample 0/1: name='Footsteps, Human, Sneakers, Concrete, Walk, Distant SND127941 S11', format=5, channels=1, frequency=48000, lengthbytes=4544, lengthpcm=26950, pcmblocksize=0, loopstart=0, loopend=0, mode=0x00000000, channelmask=0x00000000, channelorder=0, peakvolume=0.012358.
[LOG] SystemI::createSoundInternal             : Create name='', mode=0x02000202
[LOG] SystemI::createSoundInternal             : exinfo->cbsize             = 224
[LOG] SystemI::createSoundInternal             : exinfo->length             = 1265920
[LOG] SystemI::createSoundInternal             : exinfo->fileoffset         = 137760
[LOG] SystemI::createSoundInternal             : exinfo->numsubsounds       = 1
[LOG] SystemI::createSoundInternal             : exinfo->inclusionlist      = 00000038351BEC28
[LOG] SystemI::createSoundInternal             : exinfo->inclusionlistnum   = 1
[LOG] SystemI::createSoundInternal             : exinfo->suggestedsoundtype = 5
[LOG] SystemI::createSoundInternal             : exinfo->useropen           = 00007FFE97FDDA70
[LOG] SystemI::createSoundInternal             : exinfo->userclose          = 00007FFE97FDDA30
[LOG] SystemI::createSoundInternal             : exinfo->userread           = 00007FFE97FDDB50
[LOG] SystemI::createSoundInternal             : exinfo->userseek           = 00007FFE97FDDC10
[LOG] SystemI::createSoundInternal             : exinfo->fileuserdata       = 000001ADD3E92828
[LOG] SystemI::createSoundInternal             : exinfo->initialseekpostype = 1
[LOG] SystemI::DSPCodecPoolRegister            : register codec pool for pool type 4
[LOG] SystemI::createSoundInternal             : Sample 0/1: name='Carpet_Walk-003', format=5, channels=2, frequency=48000, lengthbytes=4896, lengthpcm=24000, pcmblocksize=0, loopstart=0, loopend=0, mode=0x00000000, channelmask=0x00000000, channelorder=0, peakvolume=0.157382.
[LOG] SystemI::createSoundInternal             : Create name='', mode=0x02000202
[LOG] SystemI::createSoundInternal             : exinfo->cbsize             = 224
[LOG] SystemI::createSoundInternal             : exinfo->length             = 1265920
[LOG] SystemI::createSoundInternal             : exinfo->fileoffset         = 137760
[LOG] SystemI::createSoundInternal             : exinfo->numsubsounds       = 1
[LOG] SystemI::createSoundInternal             : exinfo->inclusionlist      = 00000038351BEC28
[LOG] SystemI::createSoundInternal             : exinfo->inclusionlistnum   = 1
[LOG] SystemI::createSoundInternal             : exinfo->suggestedsoundtype = 5
[LOG] SystemI::createSoundInternal             : exinfo->useropen           = 00007FFE97FDDA70
[LOG] SystemI::createSoundInternal             : exinfo->userclose          = 00007FFE97FDDA30
[LOG] SystemI::createSoundInternal             : exinfo->userread           = 00007FFE97FDDB50
[LOG] SystemI::createSoundInternal             : exinfo->userseek           = 00007FFE97FDDC10
[LOG] SystemI::createSoundInternal             : exinfo->fileuserdata       = 000001ADD3E92828
[LOG] SystemI::createSoundInternal             : exinfo->initialseekpostype = 1
[LOG] SystemI::DSPCodecPoolRegister            : register codec pool for pool type 4
[LOG] SystemI::createSoundInternal             : Sample 0/1: name='Wood_Run-002', format=5, channels=2, frequency=48000, lengthbytes=4672, lengthpcm=24000, pcmblocksize=0, loopstart=0, loopend=0, mode=0x00000000, channelmask=0x00000000, channelorder=0, peakvolume=0.221385.
[LOG] SystemI::createSoundInternal             : Create name='', mode=0x02000202
[LOG] SystemI::createSoundInternal             : exinfo->cbsize             = 224
[LOG] SystemI::createSoundInternal             : exinfo->length             = 1265920
[LOG] SystemI::createSoundInternal             : exinfo->fileoffset         = 137760
[LOG] SystemI::createSoundInternal             : exinfo->numsubsounds       = 1
[LOG] SystemI::createSoundInternal             : exinfo->inclusionlist      = 00000038351BEC28
[LOG] SystemI::createSoundInternal             : exinfo->inclusionlistnum   = 1
[LOG] SystemI::createSoundInternal             : exinfo->suggestedsoundtype = 5
[LOG] SystemI::createSoundInternal             : exinfo->useropen           = 00007FFE97FDDA70
[LOG] SystemI::createSoundInternal             : exinfo->userclose          = 00007FFE97FDDA30
[LOG] SystemI::createSoundInternal             : exinfo->userread           = 00007FFE97FDDB50
[LOG] SystemI::createSoundInternal             : exinfo->userseek           = 00007FFE97FDDC10
[LOG] SystemI::createSoundInternal             : exinfo->fileuserdata       = 000001ADD3E92828
[LOG] SystemI::createSoundInternal             : exinfo->initialseekpostype = 1
[LOG] SystemI::DSPCodecPoolRegister            : register codec pool for pool type 4
[LOG] SystemI::createSoundInternal             : Sample 0/1: name='linoleum_Walk-009', format=5, channels=2, frequency=48000, lengthbytes=4704, lengthpcm=24000, pcmblocksize=0, loopstart=0, loopend=0, mode=0x00000000, channelmask=0x00000000, channelorder=0, peakvolume=0.131093.
[LOG] SystemI::createSoundInternal             : Create name='', mode=0x02000202
[LOG] SystemI::createSoundInternal             : exinfo->cbsize             = 224
[LOG] SystemI::createSoundInternal             : exinfo->length             = 1265920
[LOG] SystemI::createSoundInternal             : exinfo->fileoffset         = 137760
[LOG] SystemI::createSoundInternal             : exinfo->numsubsounds       = 1
[LOG] SystemI::createSoundInternal             : exinfo->inclusionlist      = 00000038351BEC28
[LOG] SystemI::createSoundInternal             : exinfo->inclusionlistnum   = 1
[LOG] SystemI::createSoundInternal             : exinfo->suggestedsoundtype = 5
[LOG] SystemI::createSoundInternal             : exinfo->useropen           = 00007FFE97FDDA70
[LOG] SystemI::createSoundInternal             : exinfo->userclose          = 00007FFE97FDDA30
[LOG] SystemI::createSoundInternal             : exinfo->userread           = 00007FFE97FDDB50
[LOG] SystemI::createSoundInternal             : exinfo->userseek           = 00007FFE97FDDC10
[LOG] SystemI::createSoundInternal             : exinfo->fileuserdata       = 000001ADD3E92828
[LOG] SystemI::createSoundInternal             : exinfo->initialseekpostype = 1
[LOG] SystemI::DSPCodecPoolRegister            : register codec pool for pool type 4
[LOG] SystemI::createSoundInternal             : Sample 0/1: name='Glass-007', format=5, channels=2, frequency=48000, lengthbytes=6496, lengthpcm=24000, pcmblocksize=0, loopstart=0, loopend=0, mode=0x00000000, channelmask=0x00000000, channelorder=0, peakvolume=0.289038.
[LOG] SystemI::createSoundInternal             : Create name='', mode=0x02000202
[LOG] SystemI::createSoundInternal             : exinfo->cbsize             = 224
[LOG] SystemI::createSoundInternal             : exinfo->length             = 1265920
[LOG] SystemI::createSoundInternal             : exinfo->fileoffset         = 137760
[LOG] SystemI::createSoundInternal             : exinfo->numsubsounds       = 1
[LOG] SystemI::createSoundInternal             : exinfo->inclusionlist      = 00000038351BEC28
[LOG] SystemI::createSoundInternal             : exinfo->inclusionlistnum   = 1
[LOG] SystemI::createSoundInternal             : exinfo->suggestedsoundtype = 5
[LOG] SystemI::createSoundInternal             : exinfo->useropen           = 00007FFE97FDDA70
[LOG] SystemI::createSoundInternal             : exinfo->userclose          = 00007FFE97FDDA30
[LOG] SystemI::createSoundInternal             : exinfo->userread           = 00007FFE97FDDB50
[LOG] SystemI::createSoundInternal             : exinfo->userseek           = 00007FFE97FDDC10
[LOG] SystemI::createSoundInternal             : exinfo->fileuserdata       = 000001ADD3E92828
[LOG] SystemI::createSoundInternal             : exinfo->initialseekpostype = 1
[LOG] SystemI::DSPCodecPoolRegister            : register codec pool for pool type 4
[LOG] SystemI::createSoundInternal             : Sample 0/1: name='Cloth, Movement, Cotton, Walk, Distant Perspective SND129133 S04', format=5, channels=1, frequency=48000, lengthbytes=4800, lengthpcm=26852, pcmblocksize=0, loopstart=0, loopend=0, mode=0x00000000, channelmask=0x00000000, channelorder=0, peakvolume=0.114542.
[LOG] SystemI::createSoundInternal             : Create name='', mode=0x02000202
[LOG] SystemI::createSoundInternal             : exinfo->cbsize             = 224
[LOG] SystemI::createSoundInternal             : exinfo->length             = 1265920
[LOG] SystemI::createSoundInternal             : exinfo->fileoffset         = 137760
[LOG] SystemI::createSoundInternal             : exinfo->numsubsounds       = 1
[LOG] SystemI::createSoundInternal             : exinfo->inclusionlist      = 00000038351BEC28
[LOG] SystemI::createSoundInternal             : exinfo->inclusionlistnum   = 1
[LOG] SystemI::createSoundInternal             : exinfo->suggestedsoundtype = 5
[LOG] SystemI::createSoundInternal             : exinfo->useropen           = 00007FFE97FDDA70
[LOG] SystemI::createSoundInternal             : exinfo->userclose          = 00007FFE97FDDA30
[LOG] SystemI::createSoundInternal             : exinfo->userread           = 00007FFE97FDDB50
[LOG] SystemI::createSoundInternal             : exinfo->userseek           = 00007FFE97FDDC10
[LOG] SystemI::createSoundInternal             : exinfo->fileuserdata       = 000001ADD3E92828
[LOG] SystemI::createSoundInternal             : exinfo->initialseekpostype = 1
[LOG] SystemI::DSPCodecPoolRegister            : register codec pool for pool type 4
[LOG] SystemI::createSoundInternal             : Sample 0/1: name='Footsteps, Human, Barefoot, Walk, Slow, on Glass SND147193 S05', format=5, channels=2, frequency=48000, lengthbytes=15840, lengthpcm=51464, pcmblocksize=0, loopstart=0, loopend=0, mode=0x00000000, channelmask=0x00000000, channelorder=0, peakvolume=0.426774.
[LOG] SystemI::createSoundInternal             : Create name='', mode=0x02000202
[LOG] SystemI::createSoundInternal             : exinfo->cbsize             = 224
[LOG] SystemI::createSoundInternal             : exinfo->length             = 1265920
[LOG] SystemI::createSoundInternal             : exinfo->fileoffset         = 137760
[LOG] SystemI::createSoundInternal             : exinfo->numsubsounds       = 1
[LOG] SystemI::createSoundInternal             : exinfo->inclusionlist      = 00000038351BEC28
[LOG] SystemI::createSoundInternal             : exinfo->inclusionlistnum   = 1
[LOG] SystemI::createSoundInternal             : exinfo->suggestedsoundtype = 5
[LOG] SystemI::createSoundInternal             : exinfo->useropen           = 00007FFE97FDDA70
[LOG] SystemI::createSoundInternal             : exinfo->userclose          = 00007FFE97FDDA30
[LOG] SystemI::createSoundInternal             : exinfo->userread           = 00007FFE97FDDB50
[LOG] SystemI::createSoundInternal             : exinfo->userseek           = 00007FFE97FDDC10
[LOG] SystemI::createSoundInternal             : exinfo->fileuserdata       = 000001ADD3E92828
[LOG] SystemI::createSoundInternal             : exinfo->initialseekpostype = 1
[LOG] SystemI::DSPCodecPoolRegister            : register codec pool for pool type 4
[LOG] SystemI::createSoundInternal             : Sample 0/1: name='Cloth, Movement, Cotton, Sprint, Distant Perspective SND129141 S12', format=5, channels=1, frequency=48000, lengthbytes=3104, lengthpcm=17281, pcmblocksize=0, loopstart=0, loopend=0, mode=0x00000000, channelmask=0x00000000, channelorder=0, peakvolume=0.066567.
[LOG] SystemI::createSoundInternal             : Create name='', mode=0x02000202
[LOG] SystemI::createSoundInternal             : exinfo->cbsize             = 224
[LOG] SystemI::createSoundInternal             : exinfo->length             = 1265920
[LOG] SystemI::createSoundInternal             : exinfo->fileoffset         = 137760
[LOG] SystemI::createSoundInternal             : exinfo->numsubsounds       = 1
[LOG] SystemI::createSoundInternal             : exinfo->inclusionlist      = 00000038351BEC28
[LOG] SystemI::createSoundInternal             : exinfo->inclusionlistnum   = 1
[LOG] SystemI::createSoundInternal             : exinfo->suggestedsoundtype = 5
[LOG] SystemI::createSoundInternal             : exinfo->useropen           = 00007FFE97FDDA70
[LOG] SystemI::createSoundInternal             : exinfo->userclose          = 00007FFE97FDDA30
[LOG] SystemI::createSoundInternal             : exinfo->userread           = 00007FFE97FDDB50
[LOG] SystemI::createSoundInternal             : exinfo->userseek           = 00007FFE97FDDC10
[LOG] SystemI::createSoundInternal             : exinfo->fileuserdata       = 000001ADD3E92828
[LOG] SystemI::createSoundInternal             : exinfo->initialseekpostype = 1
[LOG] SystemI::DSPCodecPoolRegister            : register codec pool for pool type 4
[LOG] SystemI::createSoundInternal             : Sample 0/1: name='linoleum_Walk-008', format=5, channels=2, frequency=48000, lengthbytes=4736, lengthpcm=48000, pcmblocksize=0, loopstart=0, loopend=0, mode=0x00000000, channelmask=0x00000000, channelorder=0, peakvolume=0.188784.
[LOG] SystemI::createSoundInternal             : Create name='', mode=0x02000202
[LOG] SystemI::createSoundInternal             : exinfo->cbsize             = 224
[LOG] SystemI::createSoundInternal             : exinfo->length             = 1265920
[LOG] SystemI::createSoundInternal             : exinfo->fileoffset         = 137760
[LOG] SystemI::createSoundInternal             : exinfo->numsubsounds       = 1
[LOG] SystemI::createSoundInternal             : exinfo->inclusionlist      = 00000038351BEC28
[LOG] SystemI::createSoundInternal             : exinfo->inclusionlistnum   = 1
[LOG] SystemI::createSoundInternal             : exinfo->suggestedsoundtype = 5
[LOG] SystemI::createSoundInternal             : exinfo->useropen           = 00007FFE97FDDA70
[LOG] SystemI::createSoundInternal             : exinfo->userclose          = 00007FFE97FDDA30
[LOG] SystemI::createSoundInternal             : exinfo->userread           = 00007FFE97FDDB50
[LOG] SystemI::createSoundInternal             : exinfo->userseek           = 00007FFE97FDDC10
[LOG] SystemI::createSoundInternal             : exinfo->fileuserdata       = 000001ADD3E92828
[LOG] SystemI::createSoundInternal             : exinfo->initialseekpostype = 1
[LOG] SystemI::DSPCodecPoolRegister            : register codec pool for pool type 4
[LOG] SystemI::createSoundInternal             : Sample 0/1: name='Carpet_Run-007', format=5, channels=2, frequency=48000, lengthbytes=3584, lengthpcm=24000, pcmblocksize=0, loopstart=0, loopend=0, mode=0x00000000, channelmask=0x00000000, channelorder=0, peakvolume=0.113173.
[LOG] SystemI::createSoundInternal             : Create name='', mode=0x02000202
[LOG] SystemI::createSoundInternal             : exinfo->cbsize             = 224
[LOG] SystemI::createSoundInternal             : exinfo->length             = 1265920
[LOG] SystemI::createSoundInternal             : exinfo->fileoffset         = 137760
[LOG] SystemI::createSoundInternal             : exinfo->numsubsounds       = 1
[LOG] SystemI::createSoundInternal             : exinfo->inclusionlist      = 00000038351BEC28
[LOG] SystemI::createSoundInternal             : exinfo->inclusionlistnum   = 1
[LOG] SystemI::createSoundInternal             : exinfo->suggestedsoundtype = 5
[LOG] SystemI::createSoundInternal             : exinfo->useropen           = 00007FFE97FDDA70
[LOG] SystemI::createSoundInternal             : exinfo->userclose          = 00007FFE97FDDA30
[LOG] SystemI::createSoundInternal             : exinfo->userread           = 00007FFE97FDDB50
[LOG] SystemI::createSoundInternal             : exinfo->userseek           = 00007FFE97FDDC10
[LOG] SystemI::createSoundInternal             : exinfo->fileuserdata       = 000001ADD3E92828
[LOG] SystemI::createSoundInternal             : exinfo->initialseekpostype = 1
[LOG] SystemI::DSPCodecPoolRegister            : register codec pool for pool type 4
[LOG] SystemI::createSoundInternal             : Sample 0/1: name='loc_run_ammunition_06', format=5, channels=2, frequency=48000, lengthbytes=8672, lengthpcm=36171, pcmblocksize=0, loopstart=0, loopend=0, mode=0x00000000, channelmask=0x00000000, channelorder=0, peakvolume=0.442413.
[LOG] SystemI::createSoundInternal             : Create name='', mode=0x02000202
[LOG] SystemI::createSoundInternal             : exinfo->cbsize             = 224
[LOG] SystemI::createSoundInternal             : exinfo->length             = 1265920
[LOG] SystemI::createSoundInternal             : exinfo->fileoffset         = 137760
[LOG] SystemI::createSoundInternal             : exinfo->numsubsounds       = 1
[LOG] SystemI::createSoundInternal             : exinfo->inclusionlist      = 00000038351BEC28
[LOG] SystemI::createSoundInternal             : exinfo->inclusionlistnum   = 1
[LOG] SystemI::createSoundInternal             : exinfo->suggestedsoundtype = 5
[LOG] SystemI::createSoundInternal             : exinfo->useropen           = 00007FFE97FDDA70
[LOG] SystemI::createSoundInternal             : exinfo->userclose          = 00007FFE97FDDA30
[LOG] SystemI::createSoundInternal             : exinfo->userread           = 00007FFE97FDDB50
[LOG] SystemI::createSoundInternal             : exinfo->userseek           = 00007FFE97FDDC10
[LOG] SystemI::createSoundInternal             : exinfo->fileuserdata       = 000001ADD3E92828
[LOG] SystemI::createSoundInternal             : exinfo->initialseekpostype = 1
[LOG] SystemI::DSPCodecPoolRegister            : register codec pool for pool type 4
[LOG] SystemI::createSoundInternal             : Sample 0/1: name='Carpet_Walk-002', format=5, channels=2, frequency=48000, lengthbytes=4960, lengthpcm=24000, pcmblocksize=0, loopstart=0, loopend=0, mode=0x00000000, channelmask=0x00000000, channelorder=0, peakvolume=0.106984.
[LOG] SystemI::createSoundInternal             : Create name='', mode=0x02000202
[LOG] SystemI::createSoundInternal             : exinfo->cbsize             = 224
[LOG] SystemI::createSoundInternal             : exinfo->length             = 1265920
[LOG] SystemI::createSoundInternal             : exinfo->fileoffset         = 137760
[LOG] SystemI::createSoundInternal             : exinfo->numsubsounds       = 1
[LOG] SystemI::createSoundInternal             : exinfo->inclusionlist      = 00000038351BEC28
[LOG] SystemI::createSoundInternal             : exinfo->inclusionlistnum   = 1
[LOG] SystemI::createSoundInternal             : exinfo->suggestedsoundtype = 5
[LOG] SystemI::createSoundInternal             : exinfo->useropen           = 00007FFE97FDDA70
[LOG] SystemI::createSoundInternal             : exinfo->userclose          = 00007FFE97FDDA30
[LOG] SystemI::createSoundInternal             : exinfo->userread           = 00007FFE97FDDB50
[LOG] SystemI::createSoundInternal             : exinfo->userseek           = 00007FFE97FDDC10
[LOG] SystemI::createSoundInternal             : exinfo->fileuserdata       = 000001ADD3E92828
[LOG] SystemI::createSoundInternal             : exinfo->initialseekpostype = 1
[LOG] SystemI::DSPCodecPoolRegister            : register codec pool for pool type 4
[LOG] SystemI::createSoundInternal             : Sample 0/1: name='linoleum_Run-005', format=5, channels=2, frequency=48000, lengthbytes=4032, lengthpcm=48000, pcmblocksize=0, loopstart=0, loopend=0, mode=0x00000000, channelmask=0x00000000, channelorder=0, peakvolume=0.152469.
[LOG] SystemI::createSoundInternal             : Create name='', mode=0x02000202
[LOG] SystemI::createSoundInternal             : exinfo->cbsize             = 224
[LOG] SystemI::createSoundInternal             : exinfo->length             = 1265920
[LOG] SystemI::createSoundInternal             : exinfo->fileoffset         = 137760
[LOG] SystemI::createSoundInternal             : exinfo->numsubsounds       = 1
[LOG] SystemI::createSoundInternal             : exinfo->inclusionlist      = 00000038351BEC28
[LOG] SystemI::createSoundInternal             : exinfo->inclusionlistnum   = 1
[LOG] SystemI::createSoundInternal             : exinfo->suggestedsoundtype = 5
[LOG] SystemI::createSoundInternal             : exinfo->useropen           = 00007FFE97FDDA70
[LOG] SystemI::createSoundInternal             : exinfo->userclose          = 00007FFE97FDDA30
[LOG] SystemI::createSoundInternal             : exinfo->userread           = 00007FFE97FDDB50
[LOG] SystemI::createSoundInternal             : exinfo->userseek           = 00007FFE97FDDC10
[LOG] SystemI::createSoundInternal             : exinfo->fileuserdata       = 000001ADD3E92828
[LOG] SystemI::createSoundInternal             : exinfo->initialseekpostype = 1
[LOG] SystemI::DSPCodecPoolRegister            : register codec pool for pool type 4
[LOG] SystemI::createSoundInternal             : Sample 0/1: name='Glass-004', format=5, channels=2, frequency=48000, lengthbytes=6432, lengthpcm=24000, pcmblocksize=0, loopstart=0, loopend=0, mode=0x00000000, channelmask=0x00000000, channelorder=0, peakvolume=0.303676.
[LOG] SystemI::createSoundInternal             : Create name='', mode=0x02000202
[LOG] SystemI::createSoundInternal             : exinfo->cbsize             = 224
[LOG] SystemI::createSoundInternal             : exinfo->length             = 1265920
[LOG] SystemI::createSoundInternal             : exinfo->fileoffset         = 137760
[LOG] SystemI::createSoundInternal             : exinfo->numsubsounds       = 1
[LOG] SystemI::createSoundInternal             : exinfo->inclusionlist      = 00000038351BEC28
[LOG] SystemI::createSoundInternal             : exinfo->inclusionlistnum   = 1
[LOG] SystemI::createSoundInternal             : exinfo->suggestedsoundtype = 5
[LOG] SystemI::createSoundInternal             : exinfo->useropen           = 00007FFE97FDDA70
[LOG] SystemI::createSoundInternal             : exinfo->userclose          = 00007FFE97FDDA30
[LOG] SystemI::createSoundInternal             : exinfo->userread           = 00007FFE97FDDB50
[LOG] SystemI::createSoundInternal             : exinfo->userseek           = 00007FFE97FDDC10
[LOG] SystemI::createSoundInternal             : exinfo->fileuserdata       = 000001ADD3E92828
[LOG] SystemI::createSoundInternal             : exinfo->initialseekpostype = 1
[LOG] SystemI::DSPCodecPoolRegister            : register codec pool for pool type 4
[LOG] SystemI::createSoundInternal             : Sample 0/1: name='Footsteps, Human, Sandals, Walk, Fast, on Glass SND147264 S08', format=5, channels=2, frequency=48000, lengthbytes=11200, lengthpcm=34081, pcmblocksize=0, loopstart=0, loopend=0, mode=0x00000000, channelmask=0x00000000, channelorder=0, peakvolume=0.406643.
[LOG] SystemI::createSoundInternal             : Create name='', mode=0x02000202
[LOG] SystemI::createSoundInternal             : exinfo->cbsize             = 224
[LOG] SystemI::createSoundInternal             : exinfo->length             = 1265920
[LOG] SystemI::createSoundInternal             : exinfo->fileoffset         = 137760
[LOG] SystemI::createSoundInternal             : exinfo->numsubsounds       = 1
[LOG] SystemI::createSoundInternal             : exinfo->inclusionlist      = 00000038351BEC28
[LOG] SystemI::createSoundInternal             : exinfo->inclusionlistnum   = 1
[LOG] SystemI::createSoundInternal             : exinfo->suggestedsoundtype = 5
[LOG] SystemI::createSoundInternal             : exinfo->useropen           = 00007FFE97FDDA70
[LOG] SystemI::createSoundInternal             : exinfo->userclose          = 00007FFE97FDDA30
[LOG] SystemI::createSoundInternal             : exinfo->userread           = 00007FFE97FDDB50
[LOG] SystemI::createSoundInternal             : exinfo->userseek           = 00007FFE97FDDC10
[LOG] SystemI::createSoundInternal             : exinfo->fileuserdata       = 000001ADD3E92828
[LOG] SystemI::createSoundInternal             : exinfo->initialseekpostype = 1
[LOG] SystemI::DSPCodecPoolRegister            : register codec pool for pool type 4
[LOG] SystemI::createSoundInternal             : Sample 0/1: name='Cloth, Movement, Cotton, Sprint, Distant Perspective SND129141 S16', format=5, channels=1, frequency=48000, lengthbytes=3456, lengthpcm=19536, pcmblocksize=0, loopstart=0, loopend=0, mode=0x00000000, channelmask=0x00000000, channelorder=0, peakvolume=0.042690.
[LOG] SystemI::createSoundInternal             : Create name='', mode=0x02000202
[LOG] SystemI::createSoundInternal             : exinfo->cbsize             = 224
[LOG] SystemI::createSoundInternal             : exinfo->length             = 1265920
[LOG] SystemI::createSoundInternal             : exinfo->fileoffset         = 137760
[LOG] SystemI::createSoundInternal             : exinfo->numsubsounds       = 1
[LOG] SystemI::createSoundInternal             : exinfo->inclusionlist      = 00000038351BEC28
[LOG] SystemI::createSoundInternal             : exinfo->inclusionlistnum   = 1
[LOG] SystemI::createSoundInternal             : exinfo->suggestedsoundtype = 5
[LOG] SystemI::createSoundInternal             : exinfo->useropen           = 00007FFE97FDDA70
[LOG] SystemI::createSoundInternal             : exinfo->userclose          = 00007FFE97FDDA30
[LOG] SystemI::createSoundInternal             : exinfo->userread           = 00007FFE97FDDB50
[LOG] SystemI::createSoundInternal             : exinfo->userseek           = 00007FFE97FDDC10
[LOG] SystemI::createSoundInternal             : exinfo->fileuserdata       = 000001ADD3E92828
[LOG] SystemI::createSoundInternal             : exinfo->initialseekpostype = 1
[LOG] SystemI::DSPCodecPoolRegister            : register codec pool for pool type 4
[LOG] SystemI::createSoundInternal             : Sample 0/1: name='Glass-003', format=5, channels=2, frequency=48000, lengthbytes=6400, lengthpcm=24000, pcmblocksize=0, loopstart=0, loopend=0, mode=0x00000000, channelmask=0x00000000, channelorder=0, peakvolume=0.303223.
[LOG] SystemI::createSoundInternal             : Create name='', mode=0x02000202
[LOG] SystemI::createSoundInternal             : exinfo->cbsize             = 224
[LOG] SystemI::createSoundInternal             : exinfo->length             = 1265920
[LOG] SystemI::createSoundInternal             : exinfo->fileoffset         = 137760
[LOG] SystemI::createSoundInternal             : exinfo->numsubsounds       = 1
[LOG] SystemI::createSoundInternal             : exinfo->inclusionlist      = 00000038351BEC28
[LOG] SystemI::createSoundInternal             : exinfo->inclusionlistnum   = 1
[LOG] SystemI::createSoundInternal             : exinfo->suggestedsoundtype = 5
[LOG] SystemI::createSoundInternal             : exinfo->useropen           = 00007FFE97FDDA70
[LOG] SystemI::createSoundInternal             : exinfo->userclose          = 00007FFE97FDDA30
[LOG] SystemI::createSoundInternal             : exinfo->userread           = 00007FFE97FDDB50
[LOG] SystemI::createSoundInternal             : exinfo->userseek           = 00007FFE97FDDC10
[LOG] SystemI::createSoundInternal             : exinfo->fileuserdata       = 000001ADD3E92828
[LOG] SystemI::createSoundInternal             : exinfo->initialseekpostype = 1
[LOG] SystemI::DSPCodecPoolRegister            : register codec pool for pool type 4
[LOG] SystemI::createSoundInternal             : Sample 0/1: name='Concrete_Run-007', format=5, channels=2, frequency=48000, lengthbytes=3552, lengthpcm=24000, pcmblocksize=0, loopstart=0, loopend=0, mode=0x00000000, channelmask=0x00000000, channelorder=0, peakvolume=0.320877.
[LOG] SystemI::createSoundInternal             : Create name='', mode=0x02000202
[LOG] SystemI::createSoundInternal             : exinfo->cbsize             = 224
[LOG] SystemI::createSoundInternal             : exinfo->length             = 1265920
[LOG] SystemI::createSoundInternal             : exinfo->fileoffset         = 137760
[LOG] SystemI::createSoundInternal             : exinfo->numsubsounds       = 1
[LOG] SystemI::createSoundInternal             : exinfo->inclusionlist      = 00000038351BEC28
[LOG] SystemI::createSoundInternal             : exinfo->inclusionlistnum   = 1
[LOG] SystemI::createSoundInternal             : exinfo->suggestedsoundtype = 5
[LOG] SystemI::createSoundInternal             : exinfo->useropen           = 00007FFE97FDDA70
[LOG] SystemI::createSoundInternal             : exinfo->userclose          = 00007FFE97FDDA30
[LOG] SystemI::createSoundInternal             : exinfo->userread           = 00007FFE97FDDB50
[LOG] SystemI::createSoundInternal             : exinfo->userseek           = 00007FFE97FDDC10
[LOG] SystemI::createSoundInternal             : exinfo->fileuserdata       = 000001ADD3E92828
[LOG] SystemI::createSoundInternal             : exinfo->initialseekpostype = 1
[LOG] SystemI::DSPCodecPoolRegister            : register codec pool for pool type 4
[LOG] SystemI::createSoundInternal             : Sample 0/1: name='Footsteps, Human, Sandals, Walk, Fast, on Glass SND147264 S06', format=5, channels=2, frequency=48000, lengthbytes=10528, lengthpcm=33807, pcmblocksize=0, loopstart=0, loopend=0, mode=0x00000000, channelmask=0x00000000, channelorder=0, peakvolume=0.332054.
[LOG] SystemI::createSoundInternal             : Create name='', mode=0x02000202
[LOG] SystemI::createSoundInternal             : exinfo->cbsize             = 224
[LOG] SystemI::createSoundInternal             : exinfo->length             = 1265920
[LOG] SystemI::createSoundInternal             : exinfo->fileoffset         = 137760
[LOG] SystemI::createSoundInternal             : exinfo->numsubsounds       = 1
[LOG] SystemI::createSoundInternal             : exinfo->inclusionlist      = 00000038351BEC28
[LOG] SystemI::createSoundInternal             : exinfo->inclusionlistnum   = 1
[LOG] SystemI::createSoundInternal             : exinfo->suggestedsoundtype = 5
[LOG] SystemI::createSoundInternal             : exinfo->useropen           = 00007FFE97FDDA70
[LOG] SystemI::createSoundInternal             : exinfo->userclose          = 00007FFE97FDDA30
[LOG] SystemI::createSoundInternal             : exinfo->userread           = 00007FFE97FDDB50
[LOG] SystemI::createSoundInternal             : exinfo->userseek           = 00007FFE97FDDC10
[LOG] SystemI::createSoundInternal             : exinfo->fileuserdata       = 000001ADD3E92828
[LOG] SystemI::createSoundInternal             : exinfo->initialseekpostype = 1
[LOG] SystemI::DSPCodecPoolRegister            : register codec pool for pool type 4
[LOG] SystemI::createSoundInternal             : Sample 0/1: name='loc_walk_ammunition_12', format=5, channels=2, frequency=48000, lengthbytes=4864, lengthpcm=20939, pcmblocksize=0, loopstart=0, loopend=0, mode=0x00000000, channelmask=0x00000000, channelorder=0, peakvolume=0.446991.
[LOG] SystemI::createSoundInternal             : Create name='', mode=0x02000202
[LOG] SystemI::createSoundInternal             : exinfo->cbsize             = 224
[LOG] SystemI::createSoundInternal             : exinfo->length             = 1265920
[LOG] SystemI::createSoundInternal             : exinfo->fileoffset         = 137760
[LOG] SystemI::createSoundInternal             : exinfo->numsubsounds       = 1
[LOG] SystemI::createSoundInternal             : exinfo->inclusionlist      = 00000038351BEC28
[LOG] SystemI::createSoundInternal             : exinfo->inclusionlistnum   = 1
[LOG] SystemI::createSoundInternal             : exinfo->suggestedsoundtype = 5
[LOG] SystemI::createSoundInternal             : exinfo->useropen           = 00007FFE97FDDA70
[LOG] SystemI::createSoundInternal             : exinfo->userclose          = 00007FFE97FDDA30
[LOG] SystemI::createSoundInternal             : exinfo->userread           = 00007FFE97FDDB50
[LOG] SystemI::createSoundInternal             : exinfo->userseek           = 00007FFE97FDDC10
[LOG] SystemI::createSoundInternal             : exinfo->fileuserdata       = 000001ADD3E92828
[LOG] SystemI::createSoundInternal             : exinfo->initialseekpostype = 1
[LOG] SystemI::DSPCodecPoolRegister            : register codec pool for pool type 4
[LOG] SystemI::createSoundInternal             : Sample 0/1: name='Footsteps, Human, Sandals, Walk, Fast, on Glass SND147264 S02', format=5, channels=2, frequency=48000, lengthbytes=11360, lengthpcm=32532, pcmblocksize=0, loopstart=0, loopend=0, mode=0x00000000, channelmask=0x00000000, channelorder=0, peakvolume=0.362449.
[LOG] SystemI::createSoundInternal             : Create name='', mode=0x02000202
[LOG] SystemI::createSoundInternal             : exinfo->cbsize             = 224
[LOG] SystemI::createSoundInternal             : exinfo->length             = 1265920
[LOG] SystemI::createSoundInternal             : exinfo->fileoffset         = 137760
[LOG] SystemI::createSoundInternal             : exinfo->numsubsounds       = 1
[LOG] SystemI::createSoundInternal             : exinfo->inclusionlist      = 00000038351BEC28
[LOG] SystemI::createSoundInternal             : exinfo->inclusionlistnum   = 1
[LOG] SystemI::createSoundInternal             : exinfo->suggestedsoundtype = 5
[LOG] SystemI::createSoundInternal             : exinfo->useropen           = 00007FFE97FDDA70
[LOG] SystemI::createSoundInternal             : exinfo->userclose          = 00007FFE97FDDA30
[LOG] SystemI::createSoundInternal             : exinfo->userread           = 00007FFE97FDDB50
[LOG] SystemI::createSoundInternal             : exinfo->userseek           = 00007FFE97FDDC10
[LOG] SystemI::createSoundInternal             : exinfo->fileuserdata       = 000001ADD3E92828
[LOG] SystemI::createSoundInternal             : exinfo->initialseekpostype = 1
[LOG] SystemI::DSPCodecPoolRegister            : register codec pool for pool type 4
[LOG] SystemI::createSoundInternal             : Sample 0/1: name='Concrete_Walk-003', format=5, channels=2, frequency=48000, lengthbytes=5344, lengthpcm=24000, pcmblocksize=0, loopstart=0, loopend=0, mode=0x00000000, channelmask=0x00000000, channelorder=0, peakvolume=0.185561.
[LOG] SystemI::createSoundInternal             : Create name='', mode=0x02000202
[LOG] SystemI::createSoundInternal             : exinfo->cbsize             = 224
[LOG] SystemI::createSoundInternal             : exinfo->length             = 1265920
[LOG] SystemI::createSoundInternal             : exinfo->fileoffset         = 137760
[LOG] SystemI::createSoundInternal             : exinfo->numsubsounds       = 1
[LOG] SystemI::createSoundInternal             : exinfo->inclusionlist      = 00000038351BEC28
[LOG] SystemI::createSoundInternal             : exinfo->inclusionlistnum   = 1
[LOG] SystemI::createSoundInternal             : exinfo->suggestedsoundtype = 5
[LOG] SystemI::createSoundInternal             : exinfo->useropen           = 00007FFE97FDDA70
[LOG] SystemI::createSoundInternal             : exinfo->userclose          = 00007FFE97FDDA30
[LOG] SystemI::createSoundInternal             : exinfo->userread           = 00007FFE97FDDB50
[LOG] SystemI::createSoundInternal             : exinfo->userseek           = 00007FFE97FDDC10
[LOG] SystemI::createSoundInternal             : exinfo->fileuserdata       = 000001ADD3E92828
[LOG] SystemI::createSoundInternal             : exinfo->initialseekpostype = 1
[LOG] SystemI::DSPCodecPoolRegister            : register codec pool for pool type 4
[LOG] SystemI::createSoundInternal             : Sample 0/1: name='Cloth, Movement, Cotton, Walk, Distant Perspective SND129133 S06', format=5, channels=1, frequency=48000, lengthbytes=4800, lengthpcm=26453, pcmblocksize=0, loopstart=0, loopend=0, mode=0x00000000, channelmask=0x00000000, channelorder=0, peakvolume=0.110642.
[LOG] SystemI::createSoundInternal             : Create name='', mode=0x02000202
[LOG] SystemI::createSoundInternal             : exinfo->cbsize             = 224
[LOG] SystemI::createSoundInternal             : exinfo->length             = 1265920
[LOG] SystemI::createSoundInternal             : exinfo->fileoffset         = 137760
[LOG] SystemI::createSoundInternal             : exinfo->numsubsounds       = 1
[LOG] SystemI::createSoundInternal             : exinfo->inclusionlist      = 00000038351BEC28
[LOG] SystemI::createSoundInternal             : exinfo->inclusionlistnum   = 1
[LOG] SystemI::createSoundInternal             : exinfo->suggestedsoundtype = 5
[LOG] SystemI::createSoundInternal             : exinfo->useropen           = 00007FFE97FDDA70
[LOG] SystemI::createSoundInternal             : exinfo->userclose          = 00007FFE97FDDA30
[LOG] SystemI::createSoundInternal             : exinfo->userread           = 00007FFE97FDDB50
[LOG] SystemI::createSoundInternal             : exinfo->userseek           = 00007FFE97FDDC10
[LOG] SystemI::createSoundInternal             : exinfo->fileuserdata       = 000001ADD3E92828
[LOG] SystemI::createSoundInternal             : exinfo->initialseekpostype = 1
[LOG] SystemI::DSPCodecPoolRegister            : register codec pool for pool type 4
[LOG] SystemI::createSoundInternal             : Sample 0/1: name='loc_crouch_ammunition_6', format=5, channels=2, frequency=48000, lengthbytes=9920, lengthpcm=42156, pcmblocksize=0, loopstart=0, loopend=0, mode=0x00000000, channelmask=0x00000000, channelorder=0, peakvolume=0.381439.
[LOG] SystemI::createSoundInternal             : Create name='', mode=0x02000202
[LOG] SystemI::createSoundInternal             : exinfo->cbsize             = 224
[LOG] SystemI::createSoundInternal             : exinfo->length             = 1265920
[LOG] SystemI::createSoundInternal             : exinfo->fileoffset         = 137760
[LOG] SystemI::createSoundInternal             : exinfo->numsubsounds       = 1
[LOG] SystemI::createSoundInternal             : exinfo->inclusionlist      = 00000038351BEC28
[LOG] SystemI::createSoundInternal             : exinfo->inclusionlistnum   = 1
[LOG] SystemI::createSoundInternal             : exinfo->suggestedsoundtype = 5
[LOG] SystemI::createSoundInternal             : exinfo->useropen           = 00007FFE97FDDA70
[LOG] SystemI::createSoundInternal             : exinfo->userclose          = 00007FFE97FDDA30
[LOG] SystemI::createSoundInternal             : exinfo->userread           = 00007FFE97FDDB50
[LOG] SystemI::createSoundInternal             : exinfo->userseek           = 00007FFE97FDDC10
[LOG] SystemI::createSoundInternal             : exinfo->fileuserdata       = 000001ADD3E92828
[LOG] SystemI::createSoundInternal             : exinfo->initialseekpostype = 1
[LOG] SystemI::DSPCodecPoolRegister            : register codec pool for pool type 4
[LOG] SystemI::createSoundInternal             : Sample 0/1: name='Wood_Walk-007', format=5, channels=2, frequency=48000, lengthbytes=3328, lengthpcm=24000, pcmblocksize=0, loopstart=0, loopend=0, mode=0x00000000, channelmask=0x00000000, channelorder=0, peakvolume=0.284935.
[LOG] SystemI::createSoundInternal             : Create name='', mode=0x02000202
[LOG] SystemI::createSoundInternal             : exinfo->cbsize             = 224
[LOG] SystemI::createSoundInternal             : exinfo->length             = 1265920
[LOG] SystemI::createSoundInternal             : exinfo->fileoffset         = 137760
[LOG] SystemI::createSoundInternal             : exinfo->numsubsounds       = 1
[LOG] SystemI::createSoundInternal             : exinfo->inclusionlist      = 00000038351BEC28
[LOG] SystemI::createSoundInternal             : exinfo->inclusionlistnum   = 1
[LOG] SystemI::createSoundInternal             : exinfo->suggestedsoundtype = 5
[LOG] SystemI::createSoundInternal             : exinfo->useropen           = 00007FFE97FDDA70
[LOG] SystemI::createSoundInternal             : exinfo->userclose          = 00007FFE97FDDA30
[LOG] SystemI::createSoundInternal             : exinfo->userread           = 00007FFE97FDDB50
[LOG] SystemI::createSoundInternal             : exinfo->userseek           = 00007FFE97FDDC10
[LOG] SystemI::createSoundInternal             : exinfo->fileuserdata       = 000001ADD3E92828
[LOG] SystemI::createSoundInternal             : exinfo->initialseekpostype = 1
[LOG] SystemI::DSPCodecPoolRegister            : register codec pool for pool type 4
[LOG] SystemI::createSoundInternal             : Sample 0/1: name='Footsteps, Human, Sandals, Walk, Fast, on Glass SND147264 S10', format=5, channels=2, frequency=48000, lengthbytes=10208, lengthpcm=32442, pcmblocksize=0, loopstart=0, loopend=0, mode=0x00000000, channelmask=0x00000000, channelorder=0, peakvolume=0.348755.
[LOG] SystemI::createSoundInternal             : Create name='', mode=0x02000202
[LOG] SystemI::createSoundInternal             : exinfo->cbsize             = 224
[LOG] SystemI::createSoundInternal             : exinfo->length             = 1265920
[LOG] SystemI::createSoundInternal             : exinfo->fileoffset         = 137760
[LOG] SystemI::createSoundInternal             : exinfo->numsubsounds       = 1
[LOG] SystemI::createSoundInternal             : exinfo->inclusionlist      = 00000038351BEC28
[LOG] SystemI::createSoundInternal             : exinfo->inclusionlistnum   = 1
[LOG] SystemI::createSoundInternal             : exinfo->suggestedsoundtype = 5
[LOG] SystemI::createSoundInternal             : exinfo->useropen           = 00007FFE97FDDA70
[LOG] SystemI::createSoundInternal             : exinfo->userclose          = 00007FFE97FDDA30
[LOG] SystemI::createSoundInternal             : exinfo->userread           = 00007FFE97FDDB50
[LOG] SystemI::createSoundInternal             : exinfo->userseek           = 00007FFE97FDDC10
[LOG] SystemI::createSoundInternal             : exinfo->fileuserdata       = 000001ADD3E92828
[LOG] SystemI::createSoundInternal             : exinfo->initialseekpostype = 1
[LOG] SystemI::DSPCodecPoolRegister            : register codec pool for pool type 4
[LOG] SystemI::createSoundInternal             : Sample 0/1: name='Concrete_Walk-007', format=5, channels=2, frequency=48000, lengthbytes=5472, lengthpcm=24000, pcmblocksize=0, loopstart=0, loopend=0, mode=0x00000000, channelmask=0x00000000, channelorder=0, peakvolume=0.245784.
[LOG] SystemI::createSoundInternal             : Create name='', mode=0x02000202
[LOG] SystemI::createSoundInternal             : exinfo->cbsize             = 224
[LOG] SystemI::createSoundInternal             : exinfo->length             = 1265920
[LOG] SystemI::createSoundInternal             : exinfo->fileoffset         = 137760
[LOG] SystemI::createSoundInternal             : exinfo->numsubsounds       = 1
[LOG] SystemI::createSoundInternal             : exinfo->inclusionlist      = 00000038351BEC28
[LOG] SystemI::createSoundInternal             : exinfo->inclusionlistnum   = 1
[LOG] SystemI::createSoundInternal             : exinfo->suggestedsoundtype = 5
[LOG] SystemI::createSoundInternal             : exinfo->useropen           = 00007FFE97FDDA70
[LOG] SystemI::createSoundInternal             : exinfo->userclose          = 00007FFE97FDDA30
[LOG] SystemI::createSoundInternal             : exinfo->userread           = 00007FFE97FDDB50
[LOG] SystemI::createSoundInternal             : exinfo->userseek           = 00007FFE97FDDC10
[LOG] SystemI::createSoundInternal             : exinfo->fileuserdata       = 000001ADD3E92828
[LOG] SystemI::createSoundInternal             : exinfo->initialseekpostype = 1
[LOG] SystemI::DSPCodecPoolRegister            : register codec pool for pool type 4
[LOG] SystemI::createSoundInternal             : Sample 0/1: name='Wood_Walk-006', format=5, channels=2, frequency=48000, lengthbytes=2912, lengthpcm=24000, pcmblocksize=0, loopstart=0, loopend=0, mode=0x00000000, channelmask=0x00000000, channelorder=0, peakvolume=0.328748.
[LOG] SystemI::createSoundInternal             : Create name='', mode=0x02000202
[LOG] SystemI::createSoundInternal             : exinfo->cbsize             = 224
[LOG] SystemI::createSoundInternal             : exinfo->length             = 1265920
[LOG] SystemI::createSoundInternal             : exinfo->fileoffset         = 137760
[LOG] SystemI::createSoundInternal             : exinfo->numsubsounds       = 1
[LOG] SystemI::createSoundInternal             : exinfo->inclusionlist      = 00000038351BEC28
[LOG] SystemI::createSoundInternal             : exinfo->inclusionlistnum   = 1
[LOG] SystemI::createSoundInternal             : exinfo->suggestedsoundtype = 5
[LOG] SystemI::createSoundInternal             : exinfo->useropen           = 00007FFE97FDDA70
[LOG] SystemI::createSoundInternal             : exinfo->userclose          = 00007FFE97FDDA30
[LOG] SystemI::createSoundInternal             : exinfo->userread           = 00007FFE97FDDB50
[LOG] SystemI::createSoundInternal             : exinfo->userseek           = 00007FFE97FDDC10
[LOG] SystemI::createSoundInternal             : exinfo->fileuserdata       = 000001ADD3E92828
[LOG] SystemI::createSoundInternal             : exinfo->initialseekpostype = 1
[LOG] SystemI::DSPCodecPoolRegister            : register codec pool for pool type 4
[LOG] SystemI::createSoundInternal             : Sample 0/1: name='Cloth, Movement, Cotton, Sprint, Distant Perspective SND129141 S18', format=5, channels=1, frequency=48000, lengthbytes=2944, lengthpcm=16287, pcmblocksize=0, loopstart=0, loopend=0, mode=0x00000000, channelmask=0x00000000, channelorder=0, peakvolume=0.095331.
[LOG] SystemI::createSoundInternal             : Create name='', mode=0x02000202
[LOG] SystemI::createSoundInternal             : exinfo->cbsize             = 224
[LOG] SystemI::createSoundInternal             : exinfo->length             = 1265920
[LOG] SystemI::createSoundInternal             : exinfo->fileoffset         = 137760
[LOG] SystemI::createSoundInternal             : exinfo->numsubsounds       = 1
[LOG] SystemI::createSoundInternal             : exinfo->inclusionlist      = 00000038351BEC28
[LOG] SystemI::createSoundInternal             : exinfo->inclusionlistnum   = 1
[LOG] SystemI::createSoundInternal             : exinfo->suggestedsoundtype = 5
[LOG] SystemI::createSoundInternal             : exinfo->useropen           = 00007FFE97FDDA70
[LOG] SystemI::createSoundInternal             : exinfo->userclose          = 00007FFE97FDDA30
[LOG] SystemI::createSoundInternal             : exinfo->userread           = 00007FFE97FDDB50
[LOG] SystemI::createSoundInternal             : exinfo->userseek           = 00007FFE97FDDC10
[LOG] SystemI::createSoundInternal             : exinfo->fileuserdata       = 000001ADD3E92828
[LOG] SystemI::createSoundInternal             : exinfo->initialseekpostype = 1
[LOG] SystemI::DSPCodecPoolRegister            : register codec pool for pool type 4
[LOG] SystemI::createSoundInternal             : Sample 0/1: name='Wood_Walk-001', format=5, channels=2, frequency=48000, lengthbytes=3328, lengthpcm=24000, pcmblocksize=0, loopstart=0, loopend=0, mode=0x00000000, channelmask=0x00000000, channelorder=0, peakvolume=0.324074.
[LOG] SystemI::createSoundInternal             : Create name='', mode=0x02000202
[LOG] SystemI::createSoundInternal             : exinfo->cbsize             = 224
[LOG] SystemI::createSoundInternal             : exinfo->length             = 1265920
[LOG] SystemI::createSoundInternal             : exinfo->fileoffset         = 137760
[LOG] SystemI::createSoundInternal             : exinfo->numsubsounds       = 1
[LOG] SystemI::createSoundInternal             : exinfo->inclusionlist      = 00000038351BEC28
[LOG] SystemI::createSoundInternal             : exinfo->inclusionlistnum   = 1
[LOG] SystemI::createSoundInternal             : exinfo->suggestedsoundtype = 5
[LOG] SystemI::createSoundInternal             : exinfo->useropen           = 00007FFE97FDDA70
[LOG] SystemI::createSoundInternal             : exinfo->userclose          = 00007FFE97FDDA30
[LOG] SystemI::createSoundInternal             : exinfo->userread           = 00007FFE97FDDB50
[LOG] SystemI::createSoundInternal             : exinfo->userseek           = 00007FFE97FDDC10
[LOG] SystemI::createSoundInternal             : exinfo->fileuserdata       = 000001ADD3E92828
[LOG] SystemI::createSoundInternal             : exinfo->initialseekpostype = 1
[LOG] SystemI::DSPCodecPoolRegister            : register codec pool for pool type 4
[LOG] SystemI::createSoundInternal             : Sample 0/1: name='Footsteps, Human, Linoleum, Sneaker, Slow SND1080 S15', format=5, channels=1, frequency=48000, lengthbytes=9472, lengthpcm=55752, pcmblocksize=0, loopstart=0, loopend=0, mode=0x00000000, channelmask=0x00000000, channelorder=0, peakvolume=0.084692.
[LOG] SystemI::createSoundInternal             : Create name='', mode=0x02000202
[LOG] SystemI::createSoundInternal             : exinfo->cbsize             = 224
[LOG] SystemI::createSoundInternal             : exinfo->length             = 1265920
[LOG] SystemI::createSoundInternal             : exinfo->fileoffset         = 137760
[LOG] SystemI::createSoundInternal             : exinfo->numsubsounds       = 1
[LOG] SystemI::createSoundInternal             : exinfo->inclusionlist      = 00000038351BEC28
[LOG] SystemI::createSoundInternal             : exinfo->inclusionlistnum   = 1
[LOG] SystemI::createSoundInternal             : exinfo->suggestedsoundtype = 5
[LOG] SystemI::createSoundInternal             : exinfo->useropen           = 00007FFE97FDDA70
[LOG] SystemI::createSoundInternal             : exinfo->userclose          = 00007FFE97FDDA30
[LOG] SystemI::createSoundInternal             : exinfo->userread           = 00007FFE97FDDB50
[LOG] SystemI::createSoundInternal             : exinfo->userseek           = 00007FFE97FDDC10
[LOG] SystemI::createSoundInternal             : exinfo->fileuserdata       = 000001ADD3E92828
[LOG] SystemI::createSoundInternal             : exinfo->initialseekpostype = 1
[LOG] SystemI::DSPCodecPoolRegister            : register codec pool for pool type 4
[LOG] SystemI::createSoundInternal             : Sample 0/1: name='Footsteps, Human, Slippers, Wood, Hollow, Walk, Distant SND128428 S06', format=5, channels=1, frequency=48000, lengthbytes=4544, lengthpcm=25556, pcmblocksize=0, loopstart=0, loopend=0, mode=0x00000000, channelmask=0x00000000, channelorder=0, peakvolume=0.066276.
[LOG] SystemI::createSoundInternal             : Create name='', mode=0x02000202
[LOG] SystemI::createSoundInternal             : exinfo->cbsize             = 224
[LOG] SystemI::createSoundInternal             : exinfo->length             = 1265920
[LOG] SystemI::createSoundInternal             : exinfo->fileoffset         = 137760
[LOG] SystemI::createSoundInternal             : exinfo->numsubsounds       = 1
[LOG] SystemI::createSoundInternal             : exinfo->inclusionlist      = 00000038351BEC28
[LOG] SystemI::createSoundInternal             : exinfo->inclusionlistnum   = 1
[LOG] SystemI::createSoundInternal             : exinfo->suggestedsoundtype = 5
[LOG] SystemI::createSoundInternal             : exinfo->useropen           = 00007FFE97FDDA70
[LOG] SystemI::createSoundInternal             : exinfo->userclose          = 00007FFE97FDDA30
[LOG] SystemI::createSoundInternal             : exinfo->userread           = 00007FFE97FDDB50
[LOG] SystemI::createSoundInternal             : exinfo->userseek           = 00007FFE97FDDC10
[LOG] SystemI::createSoundInternal             : exinfo->fileuserdata       = 000001ADD3E92828
[LOG] SystemI::createSoundInternal             : exinfo->initialseekpostype = 1
[LOG] SystemI::DSPCodecPoolRegister            : register codec pool for pool type 4
[LOG] SystemI::createSoundInternal             : Sample 0/1: name='linoleum_Run-009', format=5, channels=2, frequency=48000, lengthbytes=2944, lengthpcm=24000, pcmblocksize=0, loopstart=0, loopend=0, mode=0x00000000, channelmask=0x00000000, channelorder=0, peakvolume=0.661978.
[LOG] SystemI::createSoundInternal             : Create name='', mode=0x02000202
[LOG] SystemI::createSoundInternal             : exinfo->cbsize             = 224
[LOG] SystemI::createSoundInternal             : exinfo->length             = 1265920
[LOG] SystemI::createSoundInternal             : exinfo->fileoffset         = 137760
[LOG] SystemI::createSoundInternal             : exinfo->numsubsounds       = 1
[LOG] SystemI::createSoundInternal             : exinfo->inclusionlist      = 00000038351BEC28
[LOG] SystemI::createSoundInternal             : exinfo->inclusionlistnum   = 1
[LOG] SystemI::createSoundInternal             : exinfo->suggestedsoundtype = 5
[LOG] SystemI::createSoundInternal             : exinfo->useropen           = 00007FFE97FDDA70
[LOG] SystemI::createSoundInternal             : exinfo->userclose          = 00007FFE97FDDA30
[LOG] SystemI::createSoundInternal             : exinfo->userread           = 00007FFE97FDDB50
[LOG] SystemI::createSoundInternal             : exinfo->userseek           = 00007FFE97FDDC10
[LOG] SystemI::createSoundInternal             : exinfo->fileuserdata       = 000001ADD3E92828
[LOG] SystemI::createSoundInternal             : exinfo->initialseekpostype = 1
[LOG] SystemI::DSPCodecPoolRegister            : register codec pool for pool type 4
[LOG] SystemI::createSoundInternal             : Sample 0/1: name='Footsteps, Human, Sneakers, Concrete, Walk, Distant SND127941 S07', format=5, channels=1, frequency=48000, lengthbytes=4640, lengthpcm=27190, pcmblocksize=0, loopstart=0, loopend=0, mode=0x00000000, channelmask=0x00000000, channelorder=0, peakvolume=0.020271.
[LOG] SystemI::createSoundInternal             : Create name='', mode=0x02000202
[LOG] SystemI::createSoundInternal             : exinfo->cbsize             = 224
[LOG] SystemI::createSoundInternal             : exinfo->length             = 1265920
[LOG] SystemI::createSoundInternal             : exinfo->fileoffset         = 137760
[LOG] SystemI::createSoundInternal             : exinfo->numsubsounds       = 1
[LOG] SystemI::createSoundInternal             : exinfo->inclusionlist      = 00000038351BEC28
[LOG] SystemI::createSoundInternal             : exinfo->inclusionlistnum   = 1
[LOG] SystemI::createSoundInternal             : exinfo->suggestedsoundtype = 5
[LOG] SystemI::createSoundInternal             : exinfo->useropen           = 00007FFE97FDDA70
[LOG] SystemI::createSoundInternal             : exinfo->userclose          = 00007FFE97FDDA30
[LOG] SystemI::createSoundInternal             : exinfo->userread           = 00007FFE97FDDB50
[LOG] SystemI::createSoundInternal             : exinfo->userseek           = 00007FFE97FDDC10
[LOG] SystemI::createSoundInternal             : exinfo->fileuserdata       = 000001ADD3E92828
[LOG] SystemI::createSoundInternal             : exinfo->initialseekpostype = 1
[LOG] SystemI::DSPCodecPoolRegister            : register codec pool for pool type 4
[LOG] SystemI::createSoundInternal             : Sample 0/1: name='Carpet_Walk-007', format=5, channels=2, frequency=48000, lengthbytes=4928, lengthpcm=24000, pcmblocksize=0, loopstart=0, loopend=0, mode=0x00000000, channelmask=0x00000000, channelorder=0, peakvolume=0.236119.
[LOG] SystemI::createSoundInternal             : Create name='', mode=0x02000202
[LOG] SystemI::createSoundInternal             : exinfo->cbsize             = 224
[LOG] SystemI::createSoundInternal             : exinfo->length             = 1265920
[LOG] SystemI::createSoundInternal             : exinfo->fileoffset         = 137760
[LOG] SystemI::createSoundInternal             : exinfo->numsubsounds       = 1
[LOG] SystemI::createSoundInternal             : exinfo->inclusionlist      = 00000038351BEC28
[LOG] SystemI::createSoundInternal             : exinfo->inclusionlistnum   = 1
[LOG] SystemI::createSoundInternal             : exinfo->suggestedsoundtype = 5
[LOG] SystemI::createSoundInternal             : exinfo->useropen           = 00007FFE97FDDA70
[LOG] SystemI::createSoundInternal             : exinfo->userclose          = 00007FFE97FDDA30
[LOG] SystemI::createSoundInternal             : exinfo->userread           = 00007FFE97FDDB50
[LOG] SystemI::createSoundInternal             : exinfo->userseek           = 00007FFE97FDDC10
[LOG] SystemI::createSoundInternal             : exinfo->fileuserdata       = 000001ADD3E92828
[LOG] SystemI::createSoundInternal             : exinfo->initialseekpostype = 1
[LOG] SystemI::DSPCodecPoolRegister            : register codec pool for pool type 4
[LOG] SystemI::createSoundInternal             : Sample 0/1: name='Concrete_Run-002', format=5, channels=2, frequency=48000, lengthbytes=3040, lengthpcm=24000, pcmblocksize=0, loopstart=0, loopend=0, mode=0x00000000, channelmask=0x00000000, channelorder=0, peakvolume=0.514942.
[LOG] SystemI::createSoundInternal             : Create name='', mode=0x02000202
[LOG] SystemI::createSoundInternal             : exinfo->cbsize             = 224
[LOG] SystemI::createSoundInternal             : exinfo->length             = 1265920
[LOG] SystemI::createSoundInternal             : exinfo->fileoffset         = 137760
[LOG] SystemI::createSoundInternal             : exinfo->numsubsounds       = 1
[LOG] SystemI::createSoundInternal             : exinfo->inclusionlist      = 00000038351BEC28
[LOG] SystemI::createSoundInternal             : exinfo->inclusionlistnum   = 1
[LOG] SystemI::createSoundInternal             : exinfo->suggestedsoundtype = 5
[LOG] SystemI::createSoundInternal             : exinfo->useropen           = 00007FFE97FDDA70
[LOG] SystemI::createSoundInternal             : exinfo->userclose          = 00007FFE97FDDA30
[LOG] SystemI::createSoundInternal             : exinfo->userread           = 00007FFE97FDDB50
[LOG] SystemI::createSoundInternal             : exinfo->userseek           = 00007FFE97FDDC10
[LOG] SystemI::createSoundInternal             : exinfo->fileuserdata       = 000001ADD3E92828
[LOG] SystemI::createSoundInternal             : exinfo->initialseekpostype = 1
[LOG] SystemI::DSPCodecPoolRegister            : register codec pool for pool type 4
[LOG] SystemI::createSoundInternal             : Sample 0/1: name='Concrete_Run-008', format=5, channels=2, frequency=48000, lengthbytes=4192, lengthpcm=24000, pcmblocksize=0, loopstart=0, loopend=0, mode=0x00000000, channelmask=0x00000000, channelorder=0, peakvolume=0.367746.
[LOG] SystemI::createSoundInternal             : Create name='', mode=0x02000202
[LOG] SystemI::createSoundInternal             : exinfo->cbsize             = 224
[LOG] SystemI::createSoundInternal             : exinfo->length             = 1265920
[LOG] SystemI::createSoundInternal             : exinfo->fileoffset         = 137760
[LOG] SystemI::createSoundInternal             : exinfo->numsubsounds       = 1
[LOG] SystemI::createSoundInternal             : exinfo->inclusionlist      = 00000038351BEC28
[LOG] SystemI::createSoundInternal             : exinfo->inclusionlistnum   = 1
[LOG] SystemI::createSoundInternal             : exinfo->suggestedsoundtype = 5
[LOG] SystemI::createSoundInternal             : exinfo->useropen           = 00007FFE97FDDA70
[LOG] SystemI::createSoundInternal             : exinfo->userclose          = 00007FFE97FDDA30
[LOG] SystemI::createSoundInternal             : exinfo->userread           = 00007FFE97FDDB50
[LOG] SystemI::createSoundInternal             : exinfo->userseek           = 00007FFE97FDDC10
[LOG] SystemI::createSoundInternal             : exinfo->fileuserdata       = 000001ADD3E92828
[LOG] SystemI::createSoundInternal             : exinfo->initialseekpostype = 1
[LOG] SystemI::DSPCodecPoolRegister            : register codec pool for pool type 4
[LOG] SystemI::createSoundInternal             : Sample 0/1: name='Concrete_Walk-004', format=5, channels=2, frequency=48000, lengthbytes=5120, lengthpcm=24000, pcmblocksize=0, loopstart=0, loopend=0, mode=0x00000000, channelmask=0x00000000, channelorder=0, peakvolume=0.166532.
[LOG] SystemI::createSoundInternal             : Create name='', mode=0x02000202
[LOG] SystemI::createSoundInternal             : exinfo->cbsize             = 224
[LOG] SystemI::createSoundInternal             : exinfo->length             = 1265920
[LOG] SystemI::createSoundInternal             : exinfo->fileoffset         = 137760
[LOG] SystemI::createSoundInternal             : exinfo->numsubsounds       = 1
[LOG] SystemI::createSoundInternal             : exinfo->inclusionlist      = 00000038351BEC28
[LOG] SystemI::createSoundInternal             : exinfo->inclusionlistnum   = 1
[LOG] SystemI::createSoundInternal             : exinfo->suggestedsoundtype = 5
[LOG] SystemI::createSoundInternal             : exinfo->useropen           = 00007FFE97FDDA70
[LOG] SystemI::createSoundInternal             : exinfo->userclose          = 00007FFE97FDDA30
[LOG] SystemI::createSoundInternal             : exinfo->userread           = 00007FFE97FDDB50
[LOG] SystemI::createSoundInternal             : exinfo->userseek           = 00007FFE97FDDC10
[LOG] SystemI::createSoundInternal             : exinfo->fileuserdata       = 000001ADD3E92828
[LOG] SystemI::createSoundInternal             : exinfo->initialseekpostype = 1
[LOG] SystemI::DSPCodecPoolRegister            : register codec pool for pool type 4
[LOG] SystemI::createSoundInternal             : Sample 0/1: name='loc_walk_ammunition_10', format=5, channels=2, frequency=48000, lengthbytes=4640, lengthpcm=21646, pcmblocksize=0, loopstart=0, loopend=0, mode=0x00000000, channelmask=0x00000000, channelorder=0, peakvolume=0.292633.
[LOG] SystemI::createSoundInternal             : Create name='', mode=0x02000202
[LOG] SystemI::createSoundInternal             : exinfo->cbsize             = 224
[LOG] SystemI::createSoundInternal             : exinfo->length             = 1265920
[LOG] SystemI::createSoundInternal             : exinfo->fileoffset         = 137760
[LOG] SystemI::createSoundInternal             : exinfo->numsubsounds       = 1
[LOG] SystemI::createSoundInternal             : exinfo->inclusionlist      = 00000038351BEC28
[LOG] SystemI::createSoundInternal             : exinfo->inclusionlistnum   = 1
[LOG] SystemI::createSoundInternal             : exinfo->suggestedsoundtype = 5
[LOG] SystemI::createSoundInternal             : exinfo->useropen           = 00007FFE97FDDA70
[LOG] SystemI::createSoundInternal             : exinfo->userclose          = 00007FFE97FDDA30
[LOG] SystemI::createSoundInternal             : exinfo->userread           = 00007FFE97FDDB50
[LOG] SystemI::createSoundInternal             : exinfo->userseek           = 00007FFE97FDDC10
[LOG] SystemI::createSoundInternal             : exinfo->fileuserdata       = 000001ADD3E92828
[LOG] SystemI::createSoundInternal             : exinfo->initialseekpostype = 1
[LOG] SystemI::DSPCodecPoolRegister            : register codec pool for pool type 4
[LOG] SystemI::createSoundInternal             : Sample 0/1: name='Concrete_Walk-005', format=5, channels=2, frequency=48000, lengthbytes=5600, lengthpcm=24000, pcmblocksize=0, loopstart=0, loopend=0, mode=0x00000000, channelmask=0x00000000, channelorder=0, peakvolume=0.197878.
[LOG] SystemI::createSoundInternal             : Create name='', mode=0x02000202
[LOG] SystemI::createSoundInternal             : exinfo->cbsize             = 224
[LOG] SystemI::createSoundInternal             : exinfo->length             = 1265920
[LOG] SystemI::createSoundInternal             : exinfo->fileoffset         = 137760
[LOG] SystemI::createSoundInternal             : exinfo->numsubsounds       = 1
[LOG] SystemI::createSoundInternal             : exinfo->inclusionlist      = 00000038351BEC28
[LOG] SystemI::createSoundInternal             : exinfo->inclusionlistnum   = 1
[LOG] SystemI::createSoundInternal             : exinfo->suggestedsoundtype = 5
[LOG] SystemI::createSoundInternal             : exinfo->useropen           = 00007FFE97FDDA70
[LOG] SystemI::createSoundInternal             : exinfo->userclose          = 00007FFE97FDDA30
[LOG] SystemI::createSoundInternal             : exinfo->userread           = 00007FFE97FDDB50
[LOG] SystemI::createSoundInternal             : exinfo->userseek           = 00007FFE97FDDC10
[LOG] SystemI::createSoundInternal             : exinfo->fileuserdata       = 000001ADD3E92828
[LOG] SystemI::createSoundInternal             : exinfo->initialseekpostype = 1
[LOG] SystemI::DSPCodecPoolRegister            : register codec pool for pool type 4
[LOG] SystemI::createSoundInternal             : Sample 0/1: name='Footsteps, Human, Slippers, Carpet, Wood, Walk, Distant SND128301 S00 2', format=5, channels=1, frequency=48000, lengthbytes=4992, lengthpcm=29520, pcmblocksize=0, loopstart=0, loopend=0, mode=0x00000000, channelmask=0x00000000, channelorder=0, peakvolume=0.047097.
[LOG] SystemI::createSoundInternal             : Create name='', mode=0x02000202
[LOG] SystemI::createSoundInternal             : exinfo->cbsize             = 224
[LOG] SystemI::createSoundInternal             : exinfo->length             = 1265920
[LOG] SystemI::createSoundInternal             : exinfo->fileoffset         = 137760
[LOG] SystemI::createSoundInternal             : exinfo->numsubsounds       = 1
[LOG] SystemI::createSoundInternal             : exinfo->inclusionlist      = 00000038351BEC28
[LOG] SystemI::createSoundInternal             : exinfo->inclusionlistnum   = 1
[LOG] SystemI::createSoundInternal             : exinfo->suggestedsoundtype = 5
[LOG] SystemI::createSoundInternal             : exinfo->useropen           = 00007FFE97FDDA70
[LOG] SystemI::createSoundInternal             : exinfo->userclose          = 00007FFE97FDDA30
[LOG] SystemI::createSoundInternal             : exinfo->userread           = 00007FFE97FDDB50
[LOG] SystemI::createSoundInternal             : exinfo->userseek           = 00007FFE97FDDC10
[LOG] SystemI::createSoundInternal             : exinfo->fileuserdata       = 000001ADD3E92828
[LOG] SystemI::createSoundInternal             : exinfo->initialseekpostype = 1
[LOG] SystemI::DSPCodecPoolRegister            : register codec pool for pool type 4
[LOG] SystemI::createSoundInternal             : Sample 0/1: name='Glass-006', format=5, channels=2, frequency=48000, lengthbytes=7072, lengthpcm=24000, pcmblocksize=0, loopstart=0, loopend=0, mode=0x00000000, channelmask=0x00000000, channelorder=0, peakvolume=0.288209.
[LOG] SystemI::createSoundInternal             : Create name='', mode=0x02000202
[LOG] SystemI::createSoundInternal             : exinfo->cbsize             = 224
[LOG] SystemI::createSoundInternal             : exinfo->length             = 1265920
[LOG] SystemI::createSoundInternal             : exinfo->fileoffset         = 137760
[LOG] SystemI::createSoundInternal             : exinfo->numsubsounds       = 1
[LOG] SystemI::createSoundInternal             : exinfo->inclusionlist      = 00000038351BEC28
[LOG] SystemI::createSoundInternal             : exinfo->inclusionlistnum   = 1
[LOG] SystemI::createSoundInternal             : exinfo->suggestedsoundtype = 5
[LOG] SystemI::createSoundInternal             : exinfo->useropen           = 00007FFE97FDDA70
[LOG] SystemI::createSoundInternal             : exinfo->userclose          = 00007FFE97FDDA30
[LOG] SystemI::createSoundInternal             : exinfo->userread           = 00007FFE97FDDB50
[LOG] SystemI::createSoundInternal             : exinfo->userseek           = 00007FFE97FDDC10
[LOG] SystemI::createSoundInternal             : exinfo->fileuserdata       = 000001ADD3E92828
[LOG] SystemI::createSoundInternal             : exinfo->initialseekpostype = 1
[LOG] SystemI::DSPCodecPoolRegister            : register codec pool for pool type 4
[LOG] SystemI::createSoundInternal             : Sample 0/1: name='loc_walk_ammunition_05', format=5, channels=2, frequency=48000, lengthbytes=5920, lengthpcm=23649, pcmblocksize=0, loopstart=0, loopend=0, mode=0x00000000, channelmask=0x00000000, channelorder=0, peakvolume=0.503815.
[LOG] SystemI::createSoundInternal             : Create name='', mode=0x02000202
[LOG] SystemI::createSoundInternal             : exinfo->cbsize             = 224
[LOG] SystemI::createSoundInternal             : exinfo->length             = 1265920
[LOG] SystemI::createSoundInternal             : exinfo->fileoffset         = 137760
[LOG] SystemI::createSoundInternal             : exinfo->numsubsounds       = 1
[LOG] SystemI::createSoundInternal             : exinfo->inclusionlist      = 00000038351BEC28
[LOG] SystemI::createSoundInternal             : exinfo->inclusionlistnum   = 1
[LOG] SystemI::createSoundInternal             : exinfo->suggestedsoundtype = 5
[LOG] SystemI::createSoundInternal             : exinfo->useropen           = 00007FFE97FDDA70
[LOG] SystemI::createSoundInternal             : exinfo->userclose          = 00007FFE97FDDA30
[LOG] SystemI::createSoundInternal             : exinfo->userread           = 00007FFE97FDDB50
[LOG] SystemI::createSoundInternal             : exinfo->userseek           = 00007FFE97FDDC10
[LOG] SystemI::createSoundInternal             : exinfo->fileuserdata       = 000001ADD3E92828
[LOG] SystemI::createSoundInternal             : exinfo->initialseekpostype = 1
[LOG] SystemI::DSPCodecPoolRegister            : register codec pool for pool type 4
[LOG] SystemI::createSoundInternal             : Sample 0/1: name='Concrete_Walk-002', format=5, channels=2, frequency=48000, lengthbytes=5184, lengthpcm=24000, pcmblocksize=0, loopstart=0, loopend=0, mode=0x00000000, channelmask=0x00000000, channelorder=0, peakvolume=0.194659.
[LOG] SystemI::createSoundInternal             : Create name='', mode=0x02000202
[LOG] SystemI::createSoundInternal             : exinfo->cbsize             = 224
[LOG] SystemI::createSoundInternal             : exinfo->length             = 1265920
[LOG] SystemI::createSoundInternal             : exinfo->fileoffset         = 137760
[LOG] SystemI::createSoundInternal             : exinfo->numsubsounds       = 1
[LOG] SystemI::createSoundInternal             : exinfo->inclusionlist      = 00000038351BEC28
[LOG] SystemI::createSoundInternal             : exinfo->inclusionlistnum   = 1
[LOG] SystemI::createSoundInternal             : exinfo->suggestedsoundtype = 5
[LOG] SystemI::createSoundInternal             : exinfo->useropen           = 00007FFE97FDDA70
[LOG] SystemI::createSoundInternal             : exinfo->userclose          = 00007FFE97FDDA30
[LOG] SystemI::createSoundInternal             : exinfo->userread           = 00007FFE97FDDB50
[LOG] SystemI::createSoundInternal             : exinfo->userseek           = 00007FFE97FDDC10
[LOG] SystemI::createSoundInternal             : exinfo->fileuserdata       = 000001ADD3E92828
[LOG] SystemI::createSoundInternal             : exinfo->initialseekpostype = 1
[LOG] SystemI::DSPCodecPoolRegister            : register codec pool for pool type 4
[LOG] SystemI::createSoundInternal             : Sample 0/1: name='Carpet_Walk-006', format=5, channels=2, frequency=48000, lengthbytes=4896, lengthpcm=24000, pcmblocksize=0, loopstart=0, loopend=0, mode=0x00000000, channelmask=0x00000000, channelorder=0, peakvolume=0.076892.
[LOG] SystemI::createSoundInternal             : Create name='', mode=0x02000202
[LOG] SystemI::createSoundInternal             : exinfo->cbsize             = 224
[LOG] SystemI::createSoundInternal             : exinfo->length             = 1265920
[LOG] SystemI::createSoundInternal             : exinfo->fileoffset         = 137760
[LOG] SystemI::createSoundInternal             : exinfo->numsubsounds       = 1
[LOG] SystemI::createSoundInternal             : exinfo->inclusionlist      = 00000038351BEC28
[LOG] SystemI::createSoundInternal             : exinfo->inclusionlistnum   = 1
[LOG] SystemI::createSoundInternal             : exinfo->suggestedsoundtype = 5
[LOG] SystemI::createSoundInternal             : exinfo->useropen           = 00007FFE97FDDA70
[LOG] SystemI::createSoundInternal             : exinfo->userclose          = 00007FFE97FDDA30
[LOG] SystemI::createSoundInternal             : exinfo->userread           = 00007FFE97FDDB50
[LOG] SystemI::createSoundInternal             : exinfo->userseek           = 00007FFE97FDDC10
[LOG] SystemI::createSoundInternal             : exinfo->fileuserdata       = 000001ADD3E92828
[LOG] SystemI::createSoundInternal             : exinfo->initialseekpostype = 1
[LOG] SystemI::DSPCodecPoolRegister            : register codec pool for pool type 4
[LOG] SystemI::createSoundInternal             : Sample 0/1: name='loc_run_ammunition_03', format=5, channels=2, frequency=48000, lengthbytes=7680, lengthpcm=33975, pcmblocksize=0, loopstart=0, loopend=0, mode=0x00000000, channelmask=0x00000000, channelorder=0, peakvolume=0.542450.
[LOG] SystemI::createSoundInternal             : Create name='', mode=0x02000202
[LOG] SystemI::createSoundInternal             : exinfo->cbsize             = 224
[LOG] SystemI::createSoundInternal             : exinfo->length             = 1265920
[LOG] SystemI::createSoundInternal             : exinfo->fileoffset         = 137760
[LOG] SystemI::createSoundInternal             : exinfo->numsubsounds       = 1
[LOG] SystemI::createSoundInternal             : exinfo->inclusionlist      = 00000038351BEC28
[LOG] SystemI::createSoundInternal             : exinfo->inclusionlistnum   = 1
[LOG] SystemI::createSoundInternal             : exinfo->suggestedsoundtype = 5
[LOG] SystemI::createSoundInternal             : exinfo->useropen           = 00007FFE97FDDA70
[LOG] SystemI::createSoundInternal             : exinfo->userclose          = 00007FFE97FDDA30
[LOG] SystemI::createSoundInternal             : exinfo->userread           = 00007FFE97FDDB50
[LOG] SystemI::createSoundInternal             : exinfo->userseek           = 00007FFE97FDDC10
[LOG] SystemI::createSoundInternal             : exinfo->fileuserdata       = 000001ADD3E92828
[LOG] SystemI::createSoundInternal             : exinfo->initialseekpostype = 1
[LOG] SystemI::DSPCodecPoolRegister            : register codec pool for pool type 4
[LOG] SystemI::createSoundInternal             : Sample 0/1: name='Footsteps, Human, Linoleum, Sneaker, Slow SND1080 S17', format=5, channels=1, frequency=48000, lengthbytes=9632, lengthpcm=56948, pcmblocksize=0, loopstart=0, loopend=0, mode=0x00000000, channelmask=0x00000000, channelorder=0, peakvolume=0.106243.
[LOG] SystemI::createSoundInternal             : Create name='', mode=0x02000202
[LOG] SystemI::createSoundInternal             : exinfo->cbsize             = 224
[LOG] SystemI::createSoundInternal             : exinfo->length             = 1265920
[LOG] SystemI::createSoundInternal             : exinfo->fileoffset         = 137760
[LOG] SystemI::createSoundInternal             : exinfo->numsubsounds       = 1
[LOG] SystemI::createSoundInternal             : exinfo->inclusionlist      = 00000038351BEC28
[LOG] SystemI::createSoundInternal             : exinfo->inclusionlistnum   = 1
[LOG] SystemI::createSoundInternal             : exinfo->suggestedsoundtype = 5
[LOG] SystemI::createSoundInternal             : exinfo->useropen           = 00007FFE97FDDA70
[LOG] SystemI::createSoundInternal             : exinfo->userclose          = 00007FFE97FDDA30
[LOG] SystemI::createSoundInternal             : exinfo->userread           = 00007FFE97FDDB50
[LOG] SystemI::createSoundInternal             : exinfo->userseek           = 00007FFE97FDDC10
[LOG] SystemI::createSoundInternal             : exinfo->fileuserdata       = 000001ADD3E92828
[LOG] SystemI::createSoundInternal             : exinfo->initialseekpostype = 1
[LOG] SystemI::DSPCodecPoolRegister            : register codec pool for pool type 4
[LOG] SystemI::createSoundInternal             : Sample 0/1: name='linoleum_Walk-006', format=5, channels=2, frequency=48000, lengthbytes=4800, lengthpcm=48000, pcmblocksize=0, loopstart=0, loopend=0, mode=0x00000000, channelmask=0x00000000, channelorder=0, peakvolume=0.392043.
[LOG] SystemI::createSoundInternal             : Create name='', mode=0x02000202
[LOG] SystemI::createSoundInternal             : exinfo->cbsize             = 224
[LOG] SystemI::createSoundInternal             : exinfo->length             = 1265920
[LOG] SystemI::createSoundInternal             : exinfo->fileoffset         = 137760
[LOG] SystemI::createSoundInternal             : exinfo->numsubsounds       = 1
[LOG] SystemI::createSoundInternal             : exinfo->inclusionlist      = 00000038351BEC28
[LOG] SystemI::createSoundInternal             : exinfo->inclusionlistnum   = 1
[LOG] SystemI::createSoundInternal             : exinfo->suggestedsoundtype = 5
[LOG] SystemI::createSoundInternal             : exinfo->useropen           = 00007FFE97FDDA70
[LOG] SystemI::createSoundInternal             : exinfo->userclose          = 00007FFE97FDDA30
[LOG] SystemI::createSoundInternal             : exinfo->userread           = 00007FFE97FDDB50
[LOG] SystemI::createSoundInternal             : exinfo->userseek           = 00007FFE97FDDC10
[LOG] SystemI::createSoundInternal             : exinfo->fileuserdata       = 000001ADD3E92828
[LOG] SystemI::createSoundInternal             : exinfo->initialseekpostype = 1
[LOG] SystemI::DSPCodecPoolRegister            : register codec pool for pool type 4
[LOG] SystemI::createSoundInternal             : Sample 0/1: name='Footsteps, Human, Sandals, Walk, Fast, on Glass SND147264 S05', format=5, channels=2, frequency=48000, lengthbytes=10528, lengthpcm=33218, pcmblocksize=0, loopstart=0, loopend=0, mode=0x00000000, channelmask=0x00000000, channelorder=0, peakvolume=0.289580.
[LOG] SystemI::createSoundInternal             : Create name='', mode=0x02000202
[LOG] SystemI::createSoundInternal             : exinfo->cbsize             = 224
[LOG] SystemI::createSoundInternal             : exinfo->length             = 1265920
[LOG] SystemI::createSoundInternal             : exinfo->fileoffset         = 137760
[LOG] SystemI::createSoundInternal             : exinfo->numsubsounds       = 1
[LOG] SystemI::createSoundInternal             : exinfo->inclusionlist      = 00000038351BEC28
[LOG] SystemI::createSoundInternal             : exinfo->inclusionlistnum   = 1
[LOG] SystemI::createSoundInternal             : exinfo->suggestedsoundtype = 5
[LOG] SystemI::createSoundInternal             : exinfo->useropen           = 00007FFE97FDDA70
[LOG] SystemI::createSoundInternal             : exinfo->userclose          = 00007FFE97FDDA30
[LOG] SystemI::createSoundInternal             : exinfo->userread           = 00007FFE97FDDB50
[LOG] SystemI::createSoundInternal             : exinfo->userseek           = 00007FFE97FDDC10
[LOG] SystemI::createSoundInternal             : exinfo->fileuserdata       = 000001ADD3E92828
[LOG] SystemI::createSoundInternal             : exinfo->initialseekpostype = 1
[LOG] SystemI::DSPCodecPoolRegister            : register codec pool for pool type 4
[LOG] SystemI::createSoundInternal             : Sample 0/1: name='Wood_Run-004', format=5, channels=2, frequency=48000, lengthbytes=4416, lengthpcm=24000, pcmblocksize=0, loopstart=0, loopend=0, mode=0x00000000, channelmask=0x00000000, channelorder=0, peakvolume=0.231622.
[LOG] SystemI::createSoundInternal             : Create name='', mode=0x02000202
[LOG] SystemI::createSoundInternal             : exinfo->cbsize             = 224
[LOG] SystemI::createSoundInternal             : exinfo->length             = 1265920
[LOG] SystemI::createSoundInternal             : exinfo->fileoffset         = 137760
[LOG] SystemI::createSoundInternal             : exinfo->numsubsounds       = 1
[LOG] SystemI::createSoundInternal             : exinfo->inclusionlist      = 00000038351BEC28
[LOG] SystemI::createSoundInternal             : exinfo->inclusionlistnum   = 1
[LOG] SystemI::createSoundInternal             : exinfo->suggestedsoundtype = 5
[LOG] SystemI::createSoundInternal             : exinfo->useropen           = 00007FFE97FDDA70
[LOG] SystemI::createSoundInternal             : exinfo->userclose          = 00007FFE97FDDA30
[LOG] SystemI::createSoundInternal             : exinfo->userread           = 00007FFE97FDDB50
[LOG] SystemI::createSoundInternal             : exinfo->userseek           = 00007FFE97FDDC10
[LOG] SystemI::createSoundInternal             : exinfo->fileuserdata       = 000001ADD3E92828
[LOG] SystemI::createSoundInternal             : exinfo->initialseekpostype = 1
[LOG] SystemI::DSPCodecPoolRegister            : register codec pool for pool type 4
[LOG] SystemI::createSoundInternal             : Sample 0/1: name='Wood_Run-001', format=5, channels=2, frequency=48000, lengthbytes=4576, lengthpcm=24000, pcmblocksize=0, loopstart=0, loopend=0, mode=0x00000000, channelmask=0x00000000, channelorder=0, peakvolume=0.191745.
[LOG] SystemI::createSoundInternal             : Create name='', mode=0x02000202
[LOG] SystemI::createSoundInternal             : exinfo->cbsize             = 224
[LOG] SystemI::createSoundInternal             : exinfo->length             = 1265920
[LOG] SystemI::createSoundInternal             : exinfo->fileoffset         = 137760
[LOG] SystemI::createSoundInternal             : exinfo->numsubsounds       = 1
[LOG] SystemI::createSoundInternal             : exinfo->inclusionlist      = 00000038351BEC28
[LOG] SystemI::createSoundInternal             : exinfo->inclusionlistnum   = 1
[LOG] SystemI::createSoundInternal             : exinfo->suggestedsoundtype = 5
[LOG] SystemI::createSoundInternal             : exinfo->useropen           = 00007FFE97FDDA70
[LOG] SystemI::createSoundInternal             : exinfo->userclose          = 00007FFE97FDDA30
[LOG] SystemI::createSoundInternal             : exinfo->userread           = 00007FFE97FDDB50
[LOG] SystemI::createSoundInternal             : exinfo->userseek           = 00007FFE97FDDC10
[LOG] SystemI::createSoundInternal             : exinfo->fileuserdata       = 000001ADD3E92828
[LOG] SystemI::createSoundInternal             : exinfo->initialseekpostype = 1
[LOG] SystemI::DSPCodecPoolRegister            : register codec pool for pool type 4
[LOG] SystemI::createSoundInternal             : Sample 0/1: name='Footsteps, Human, Barefoot, Walk, Slow, on Glass SND147193 S03', format=5, channels=2, frequency=48000, lengthbytes=13984, lengthpcm=49746, pcmblocksize=0, loopstart=0, loopend=0, mode=0x00000000, channelmask=0x00000000, channelorder=0, peakvolume=0.433417.
[LOG] SystemI::createSoundInternal             : Create name='', mode=0x02000202
[LOG] SystemI::createSoundInternal             : exinfo->cbsize             = 224
[LOG] SystemI::createSoundInternal             : exinfo->length             = 1265920
[LOG] SystemI::createSoundInternal             : exinfo->fileoffset         = 137760
[LOG] SystemI::createSoundInternal             : exinfo->numsubsounds       = 1
[LOG] SystemI::createSoundInternal             : exinfo->inclusionlist      = 00000038351BEC28
[LOG] SystemI::createSoundInternal             : exinfo->inclusionlistnum   = 1
[LOG] SystemI::createSoundInternal             : exinfo->suggestedsoundtype = 5
[LOG] SystemI::createSoundInternal             : exinfo->useropen           = 00007FFE97FDDA70
[LOG] SystemI::createSoundInternal             : exinfo->userclose          = 00007FFE97FDDA30
[LOG] SystemI::createSoundInternal             : exinfo->userread           = 00007FFE97FDDB50
[LOG] SystemI::createSoundInternal             : exinfo->userseek           = 00007FFE97FDDC10
[LOG] SystemI::createSoundInternal             : exinfo->fileuserdata       = 000001ADD3E92828
[LOG] SystemI::createSoundInternal             : exinfo->initialseekpostype = 1
[LOG] SystemI::DSPCodecPoolRegister            : register codec pool for pool type 4
[LOG] SystemI::createSoundInternal             : Sample 0/1: name='loc_run_ammunition_07', format=5, channels=2, frequency=48000, lengthbytes=7392, lengthpcm=30263, pcmblocksize=0, loopstart=0, loopend=0, mode=0x00000000, channelmask=0x00000000, channelorder=0, peakvolume=0.641479.
[LOG] SystemI::createSoundInternal             : Create name='', mode=0x02000202
[LOG] SystemI::createSoundInternal             : exinfo->cbsize             = 224
[LOG] SystemI::createSoundInternal             : exinfo->length             = 1265920
[LOG] SystemI::createSoundInternal             : exinfo->fileoffset         = 137760
[LOG] SystemI::createSoundInternal             : exinfo->numsubsounds       = 1
[LOG] SystemI::createSoundInternal             : exinfo->inclusionlist      = 00000038351BEC28
[LOG] SystemI::createSoundInternal             : exinfo->inclusionlistnum   = 1
[LOG] SystemI::createSoundInternal             : exinfo->suggestedsoundtype = 5
[LOG] SystemI::createSoundInternal             : exinfo->useropen           = 00007FFE97FDDA70
[LOG] SystemI::createSoundInternal             : exinfo->userclose          = 00007FFE97FDDA30
[LOG] SystemI::createSoundInternal             : exinfo->userread           = 00007FFE97FDDB50
[LOG] SystemI::createSoundInternal             : exinfo->userseek           = 00007FFE97FDDC10
[LOG] SystemI::createSoundInternal             : exinfo->fileuserdata       = 000001ADD3E92828
[LOG] SystemI::createSoundInternal             : exinfo->initialseekpostype = 1
[LOG] SystemI::DSPCodecPoolRegister            : register codec pool for pool type 4
[LOG] SystemI::createSoundInternal             : Sample 0/1: name='Footsteps, Human, Slippers, Wood, Hollow, Walk, Distant SND128428 S07', format=5, channels=1, frequency=48000, lengthbytes=4640, lengthpcm=26996, pcmblocksize=0, loopstart=0, loopend=0, mode=0x00000000, channelmask=0x00000000, channelorder=0, peakvolume=0.025036.
[LOG] SystemI::createSoundInternal             : Create name='', mode=0x02000202
[LOG] SystemI::createSoundInternal             : exinfo->cbsize             = 224
[LOG] SystemI::createSoundInternal             : exinfo->length             = 1265920
[LOG] SystemI::createSoundInternal             : exinfo->fileoffset         = 137760
[LOG] SystemI::createSoundInternal             : exinfo->numsubsounds       = 1
[LOG] SystemI::createSoundInternal             : exinfo->inclusionlist      = 00000038351BEC28
[LOG] SystemI::createSoundInternal             : exinfo->inclusionlistnum   = 1
[LOG] SystemI::createSoundInternal             : exinfo->suggestedsoundtype = 5
[LOG] SystemI::createSoundInternal             : exinfo->useropen           = 00007FFE97FDDA70
[LOG] SystemI::createSoundInternal             : exinfo->userclose          = 00007FFE97FDDA30
[LOG] SystemI::createSoundInternal             : exinfo->userread           = 00007FFE97FDDB50
[LOG] SystemI::createSoundInternal             : exinfo->userseek           = 00007FFE97FDDC10
[LOG] SystemI::createSoundInternal             : exinfo->fileuserdata       = 000001ADD3E92828
[LOG] SystemI::createSoundInternal             : exinfo->initialseekpostype = 1
[LOG] SystemI::DSPCodecPoolRegister            : register codec pool for pool type 4
[LOG] SystemI::createSoundInternal             : Sample 0/1: name='Glass-001', format=5, channels=2, frequency=48000, lengthbytes=5792, lengthpcm=24000, pcmblocksize=0, loopstart=0, loopend=0, mode=0x00000000, channelmask=0x00000000, channelorder=0, peakvolume=0.428516.
[LOG] SystemI::createSoundInternal             : Create name='', mode=0x02000202
[LOG] SystemI::createSoundInternal             : exinfo->cbsize             = 224
[LOG] SystemI::createSoundInternal             : exinfo->length             = 1265920
[LOG] SystemI::createSoundInternal             : exinfo->fileoffset         = 137760
[LOG] SystemI::createSoundInternal             : exinfo->numsubsounds       = 1
[LOG] SystemI::createSoundInternal             : exinfo->inclusionlist      = 00000038351BEC28
[LOG] SystemI::createSoundInternal             : exinfo->inclusionlistnum   = 1
[LOG] SystemI::createSoundInternal             : exinfo->suggestedsoundtype = 5
[LOG] SystemI::createSoundInternal             : exinfo->useropen           = 00007FFE97FDDA70
[LOG] SystemI::createSoundInternal             : exinfo->userclose          = 00007FFE97FDDA30
[LOG] SystemI::createSoundInternal             : exinfo->userread           = 00007FFE97FDDB50
[LOG] SystemI::createSoundInternal             : exinfo->userseek           = 00007FFE97FDDC10
[LOG] SystemI::createSoundInternal             : exinfo->fileuserdata       = 000001ADD3E92828
[LOG] SystemI::createSoundInternal             : exinfo->initialseekpostype = 1
[LOG] SystemI::DSPCodecPoolRegister            : register codec pool for pool type 4
[LOG] SystemI::createSoundInternal             : Sample 0/1: name='Cloth, Movement, Cotton, Walk, Distant Perspective SND129133 S01', format=5, channels=1, frequency=48000, lengthbytes=5120, lengthpcm=29055, pcmblocksize=0, loopstart=0, loopend=0, mode=0x00000000, channelmask=0x00000000, channelorder=0, peakvolume=0.120168.
[LOG] SystemI::createSoundInternal             : Create name='', mode=0x02000202
[LOG] SystemI::createSoundInternal             : exinfo->cbsize             = 224
[LOG] SystemI::createSoundInternal             : exinfo->length             = 1265920
[LOG] SystemI::createSoundInternal             : exinfo->fileoffset         = 137760
[LOG] SystemI::createSoundInternal             : exinfo->numsubsounds       = 1
[LOG] SystemI::createSoundInternal             : exinfo->inclusionlist      = 00000038351BEC28
[LOG] SystemI::createSoundInternal             : exinfo->inclusionlistnum   = 1
[LOG] SystemI::createSoundInternal             : exinfo->suggestedsoundtype = 5
[LOG] SystemI::createSoundInternal             : exinfo->useropen           = 00007FFE97FDDA70
[LOG] SystemI::createSoundInternal             : exinfo->userclose          = 00007FFE97FDDA30
[LOG] SystemI::createSoundInternal             : exinfo->userread           = 00007FFE97FDDB50
[LOG] SystemI::createSoundInternal             : exinfo->userseek           = 00007FFE97FDDC10
[LOG] SystemI::createSoundInternal             : exinfo->fileuserdata       = 000001ADD3E92828
[LOG] SystemI::createSoundInternal             : exinfo->initialseekpostype = 1
[LOG] SystemI::DSPCodecPoolRegister            : register codec pool for pool type 4
[LOG] SystemI::createSoundInternal             : Sample 0/1: name='Wood_Run-003', format=5, channels=2, frequency=48000, lengthbytes=4320, lengthpcm=24000, pcmblocksize=0, loopstart=0, loopend=0, mode=0x00000000, channelmask=0x00000000, channelorder=0, peakvolume=0.458193.
[LOG] SystemI::createSoundInternal             : Create name='', mode=0x02000202
[LOG] SystemI::createSoundInternal             : exinfo->cbsize             = 224
[LOG] SystemI::createSoundInternal             : exinfo->length             = 1265920
[LOG] SystemI::createSoundInternal             : exinfo->fileoffset         = 137760
[LOG] SystemI::createSoundInternal             : exinfo->numsubsounds       = 1
[LOG] SystemI::createSoundInternal             : exinfo->inclusionlist      = 00000038351BEC28
[LOG] SystemI::createSoundInternal             : exinfo->inclusionlistnum   = 1
[LOG] SystemI::createSoundInternal             : exinfo->suggestedsoundtype = 5
[LOG] SystemI::createSoundInternal             : exinfo->useropen           = 00007FFE97FDDA70
[LOG] SystemI::createSoundInternal             : exinfo->userclose          = 00007FFE97FDDA30
[LOG] SystemI::createSoundInternal             : exinfo->userread           = 00007FFE97FDDB50
[LOG] SystemI::createSoundInternal             : exinfo->userseek           = 00007FFE97FDDC10
[LOG] SystemI::createSoundInternal             : exinfo->fileuserdata       = 000001ADD3E92828
[LOG] SystemI::createSoundInternal             : exinfo->initialseekpostype = 1
[LOG] SystemI::DSPCodecPoolRegister            : register codec pool for pool type 4
[LOG] SystemI::createSoundInternal             : Sample 0/1: name='loc_walk_ammunition_07', format=5, channels=2, frequency=48000, lengthbytes=4928, lengthpcm=22931, pcmblocksize=0, loopstart=0, loopend=0, mode=0x00000000, channelmask=0x00000000, channelorder=0, peakvolume=0.413239.
[LOG] SystemI::createSoundInternal             : Create name='', mode=0x02000202
[LOG] SystemI::createSoundInternal             : exinfo->cbsize             = 224
[LOG] SystemI::createSoundInternal             : exinfo->length             = 1265920
[LOG] SystemI::createSoundInternal             : exinfo->fileoffset         = 137760
[LOG] SystemI::createSoundInternal             : exinfo->numsubsounds       = 1
[LOG] SystemI::createSoundInternal             : exinfo->inclusionlist      = 00000038351BEC28
[LOG] SystemI::createSoundInternal             : exinfo->inclusionlistnum   = 1
[LOG] SystemI::createSoundInternal             : exinfo->suggestedsoundtype = 5
[LOG] SystemI::createSoundInternal             : exinfo->useropen           = 00007FFE97FDDA70
[LOG] SystemI::createSoundInternal             : exinfo->userclose          = 00007FFE97FDDA30
[LOG] SystemI::createSoundInternal             : exinfo->userread           = 00007FFE97FDDB50
[LOG] SystemI::createSoundInternal             : exinfo->userseek           = 00007FFE97FDDC10
[LOG] SystemI::createSoundInternal             : exinfo->fileuserdata       = 000001ADD3E92828
[LOG] SystemI::createSoundInternal             : exinfo->initialseekpostype = 1
[LOG] SystemI::DSPCodecPoolRegister            : register codec pool for pool type 4
[LOG] SystemI::createSoundInternal             : Sample 0/1: name='Footsteps, Human, Barefoot, Walk, Slow, on Glass SND147193 S01', format=5, channels=2, frequency=48000, lengthbytes=14752, lengthpcm=52070, pcmblocksize=0, loopstart=0, loopend=0, mode=0x00000000, channelmask=0x00000000, channelorder=0, peakvolume=0.447874.
[LOG] SystemI::createSoundInternal             : Create name='', mode=0x02000202
[LOG] SystemI::createSoundInternal             : exinfo->cbsize             = 224
[LOG] SystemI::createSoundInternal             : exinfo->length             = 1265920
[LOG] SystemI::createSoundInternal             : exinfo->fileoffset         = 137760
[LOG] SystemI::createSoundInternal             : exinfo->numsubsounds       = 1
[LOG] SystemI::createSoundInternal             : exinfo->inclusionlist      = 00000038351BEC28
[LOG] SystemI::createSoundInternal             : exinfo->inclusionlistnum   = 1
[LOG] SystemI::createSoundInternal             : exinfo->suggestedsoundtype = 5
[LOG] SystemI::createSoundInternal             : exinfo->useropen           = 00007FFE97FDDA70
[LOG] SystemI::createSoundInternal             : exinfo->userclose          = 00007FFE97FDDA30
[LOG] SystemI::createSoundInternal             : exinfo->userread           = 00007FFE97FDDB50
[LOG] SystemI::createSoundInternal             : exinfo->userseek           = 00007FFE97FDDC10
[LOG] SystemI::createSoundInternal             : exinfo->fileuserdata       = 000001ADD3E92828
[LOG] SystemI::createSoundInternal             : exinfo->initialseekpostype = 1
[LOG] SystemI::DSPCodecPoolRegister            : register codec pool for pool type 4
[LOG] SystemI::createSoundInternal             : Sample 0/1: name='Footsteps, Human, Sandals, Walk, Fast, on Glass SND147264 S03', format=5, channels=2, frequency=48000, lengthbytes=10176, lengthpcm=34083, pcmblocksize=0, loopstart=0, loopend=0, mode=0x00000000, channelmask=0x00000000, channelorder=0, peakvolume=0.114028.
[LOG] SystemI::createSoundInternal             : Create name='', mode=0x02000202
[LOG] SystemI::createSoundInternal             : exinfo->cbsize             = 224
[LOG] SystemI::createSoundInternal             : exinfo->length             = 1265920
[LOG] SystemI::createSoundInternal             : exinfo->fileoffset         = 137760
[LOG] SystemI::createSoundInternal             : exinfo->numsubsounds       = 1
[LOG] SystemI::createSoundInternal             : exinfo->inclusionlist      = 00000038351BEC28
[LOG] SystemI::createSoundInternal             : exinfo->inclusionlistnum   = 1
[LOG] SystemI::createSoundInternal             : exinfo->suggestedsoundtype = 5
[LOG] SystemI::createSoundInternal             : exinfo->useropen           = 00007FFE97FDDA70
[LOG] SystemI::createSoundInternal             : exinfo->userclose          = 00007FFE97FDDA30
[LOG] SystemI::createSoundInternal             : exinfo->userread           = 00007FFE97FDDB50
[LOG] SystemI::createSoundInternal             : exinfo->userseek           = 00007FFE97FDDC10
[LOG] SystemI::createSoundInternal             : exinfo->fileuserdata       = 000001ADD3E92828
[LOG] SystemI::createSoundInternal             : exinfo->initialseekpostype = 1
[LOG] SystemI::DSPCodecPoolRegister            : register codec pool for pool type 4
[LOG] SystemI::createSoundInternal             : Sample 0/1: name='Footsteps, Human, Barefoot, Walk, Slow, on Glass SND147193 S07', format=5, channels=2, frequency=48000, lengthbytes=16064, lengthpcm=49549, pcmblocksize=0, loopstart=0, loopend=0, mode=0x00000000, channelmask=0x00000000, channelorder=0, peakvolume=0.185944.
[LOG] SystemI::createSoundInternal             : Create name='', mode=0x02000202
[LOG] SystemI::createSoundInternal             : exinfo->cbsize             = 224
[LOG] SystemI::createSoundInternal             : exinfo->length             = 1265920
[LOG] SystemI::createSoundInternal             : exinfo->fileoffset         = 137760
[LOG] SystemI::createSoundInternal             : exinfo->numsubsounds       = 1
[LOG] SystemI::createSoundInternal             : exinfo->inclusionlist      = 00000038351BEC28
[LOG] SystemI::createSoundInternal             : exinfo->inclusionlistnum   = 1
[LOG] SystemI::createSoundInternal             : exinfo->suggestedsoundtype = 5
[LOG] SystemI::createSoundInternal             : exinfo->useropen           = 00007FFE97FDDA70
[LOG] SystemI::createSoundInternal             : exinfo->userclose          = 00007FFE97FDDA30
[LOG] SystemI::createSoundInternal             : exinfo->userread           = 00007FFE97FDDB50
[LOG] SystemI::createSoundInternal             : exinfo->userseek           = 00007FFE97FDDC10
[LOG] SystemI::createSoundInternal             : exinfo->fileuserdata       = 000001ADD3E92828
[LOG] SystemI::createSoundInternal             : exinfo->initialseekpostype = 1
[LOG] SystemI::DSPCodecPoolRegister            : register codec pool for pool type 4
[LOG] SystemI::createSoundInternal             : Sample 0/1: name='Footsteps, Human, Sneakers, Concrete, Walk, Distant SND127941 S08', format=5, channels=1, frequency=48000, lengthbytes=4736, lengthpcm=28469, pcmblocksize=0, loopstart=0, loopend=0, mode=0x00000000, channelmask=0x00000000, channelorder=0, peakvolume=0.018721.
[LOG] SystemI::createSoundInternal             : Create name='', mode=0x02000202
[LOG] SystemI::createSoundInternal             : exinfo->cbsize             = 224
[LOG] SystemI::createSoundInternal             : exinfo->length             = 1265920
[LOG] SystemI::createSoundInternal             : exinfo->fileoffset         = 137760
[LOG] SystemI::createSoundInternal             : exinfo->numsubsounds       = 1
[LOG] SystemI::createSoundInternal             : exinfo->inclusionlist      = 00000038351BEC28
[LOG] SystemI::createSoundInternal             : exinfo->inclusionlistnum   = 1
[LOG] SystemI::createSoundInternal             : exinfo->suggestedsoundtype = 5
[LOG] SystemI::createSoundInternal             : exinfo->useropen           = 00007FFE97FDDA70
[LOG] SystemI::createSoundInternal             : exinfo->userclose          = 00007FFE97FDDA30
[LOG] SystemI::createSoundInternal             : exinfo->userread           = 00007FFE97FDDB50
[LOG] SystemI::createSoundInternal             : exinfo->userseek           = 00007FFE97FDDC10
[LOG] SystemI::createSoundInternal             : exinfo->fileuserdata       = 000001ADD3E92828
[LOG] SystemI::createSoundInternal             : exinfo->initialseekpostype = 1
[LOG] SystemI::DSPCodecPoolRegister            : register codec pool for pool type 4
[LOG] SystemI::createSoundInternal             : Sample 0/1: name='Concrete_Run-003', format=5, channels=2, frequency=48000, lengthbytes=3872, lengthpcm=24000, pcmblocksize=0, loopstart=0, loopend=0, mode=0x00000000, channelmask=0x00000000, channelorder=0, peakvolume=0.371403.
[LOG] SystemI::createSoundInternal             : Create name='', mode=0x02000202
[LOG] SystemI::createSoundInternal             : exinfo->cbsize             = 224
[LOG] SystemI::createSoundInternal             : exinfo->length             = 1265920
[LOG] SystemI::createSoundInternal             : exinfo->fileoffset         = 137760
[LOG] SystemI::createSoundInternal             : exinfo->numsubsounds       = 1
[LOG] SystemI::createSoundInternal             : exinfo->inclusionlist      = 00000038351BEC28
[LOG] SystemI::createSoundInternal             : exinfo->inclusionlistnum   = 1
[LOG] SystemI::createSoundInternal             : exinfo->suggestedsoundtype = 5
[LOG] SystemI::createSoundInternal             : exinfo->useropen           = 00007FFE97FDDA70
[LOG] SystemI::createSoundInternal             : exinfo->userclose          = 00007FFE97FDDA30
[LOG] SystemI::createSoundInternal             : exinfo->userread           = 00007FFE97FDDB50
[LOG] SystemI::createSoundInternal             : exinfo->userseek           = 00007FFE97FDDC10
[LOG] SystemI::createSoundInternal             : exinfo->fileuserdata       = 000001ADD3E92828
[LOG] SystemI::createSoundInternal             : exinfo->initialseekpostype = 1
[LOG] SystemI::DSPCodecPoolRegister            : register codec pool for pool type 4
[LOG] SystemI::createSoundInternal             : Sample 0/1: name='Wood_Run-008', format=5, channels=2, frequency=48000, lengthbytes=4320, lengthpcm=24000, pcmblocksize=0, loopstart=0, loopend=0, mode=0x00000000, channelmask=0x00000000, channelorder=0, peakvolume=0.205714.
[LOG] SystemI::createSoundInternal             : Create name='', mode=0x02000202
[LOG] SystemI::createSoundInternal             : exinfo->cbsize             = 224
[LOG] SystemI::createSoundInternal             : exinfo->length             = 1265920
[LOG] SystemI::createSoundInternal             : exinfo->fileoffset         = 137760
[LOG] SystemI::createSoundInternal             : exinfo->numsubsounds       = 1
[LOG] SystemI::createSoundInternal             : exinfo->inclusionlist      = 00000038351BEC28
[LOG] SystemI::createSoundInternal             : exinfo->inclusionlistnum   = 1
[LOG] SystemI::createSoundInternal             : exinfo->suggestedsoundtype = 5
[LOG] SystemI::createSoundInternal             : exinfo->useropen           = 00007FFE97FDDA70
[LOG] SystemI::createSoundInternal             : exinfo->userclose          = 00007FFE97FDDA30
[LOG] SystemI::createSoundInternal             : exinfo->userread           = 00007FFE97FDDB50
[LOG] SystemI::createSoundInternal             : exinfo->userseek           = 00007FFE97FDDC10
[LOG] SystemI::createSoundInternal             : exinfo->fileuserdata       = 000001ADD3E92828
[LOG] SystemI::createSoundInternal             : exinfo->initialseekpostype = 1
[LOG] SystemI::DSPCodecPoolRegister            : register codec pool for pool type 4
[LOG] SystemI::createSoundInternal             : Sample 0/1: name='Footsteps, Human, Slippers, Carpet, Wood, Walk, Distant SND128301 S03 2', format=5, channels=1, frequency=48000, lengthbytes=4224, lengthpcm=24834, pcmblocksize=0, loopstart=0, loopend=0, mode=0x00000000, channelmask=0x00000000, channelorder=0, peakvolume=0.016656.
[LOG] SystemI::createSoundInternal             : Create name='', mode=0x02000202
[LOG] SystemI::createSoundInternal             : exinfo->cbsize             = 224
[LOG] SystemI::createSoundInternal             : exinfo->length             = 1265920
[LOG] SystemI::createSoundInternal             : exinfo->fileoffset         = 137760
[LOG] SystemI::createSoundInternal             : exinfo->numsubsounds       = 1
[LOG] SystemI::createSoundInternal             : exinfo->inclusionlist      = 00000038351BEC28
[LOG] SystemI::createSoundInternal             : exinfo->inclusionlistnum   = 1
[LOG] SystemI::createSoundInternal             : exinfo->suggestedsoundtype = 5
[LOG] SystemI::createSoundInternal             : exinfo->useropen           = 00007FFE97FDDA70
[LOG] SystemI::createSoundInternal             : exinfo->userclose          = 00007FFE97FDDA30
[LOG] SystemI::createSoundInternal             : exinfo->userread           = 00007FFE97FDDB50
[LOG] SystemI::createSoundInternal             : exinfo->userseek           = 00007FFE97FDDC10
[LOG] SystemI::createSoundInternal             : exinfo->fileuserdata       = 000001ADD3E92828
[LOG] SystemI::createSoundInternal             : exinfo->initialseekpostype = 1
[LOG] SystemI::DSPCodecPoolRegister            : register codec pool for pool type 4
[LOG] SystemI::createSoundInternal             : Sample 0/1: name='loc_walk_ammunition_02', format=5, channels=2, frequency=48000, lengthbytes=5984, lengthpcm=27520, pcmblocksize=0, loopstart=0, loopend=0, mode=0x00000000, channelmask=0x00000000, channelorder=0, peakvolume=0.613800.
[LOG] SystemI::createSoundInternal             : Create name='', mode=0x02000202
[LOG] SystemI::createSoundInternal             : exinfo->cbsize             = 224
[LOG] SystemI::createSoundInternal             : exinfo->length             = 1265920
[LOG] SystemI::createSoundInternal             : exinfo->fileoffset         = 137760
[LOG] SystemI::createSoundInternal             : exinfo->numsubsounds       = 1
[LOG] SystemI::createSoundInternal             : exinfo->inclusionlist      = 00000038351BEC28
[LOG] SystemI::createSoundInternal             : exinfo->inclusionlistnum   = 1
[LOG] SystemI::createSoundInternal             : exinfo->suggestedsoundtype = 5
[LOG] SystemI::createSoundInternal             : exinfo->useropen           = 00007FFE97FDDA70
[LOG] SystemI::createSoundInternal             : exinfo->userclose          = 00007FFE97FDDA30
[LOG] SystemI::createSoundInternal             : exinfo->userread           = 00007FFE97FDDB50
[LOG] SystemI::createSoundInternal             : exinfo->userseek           = 00007FFE97FDDC10
[LOG] SystemI::createSoundInternal             : exinfo->fileuserdata       = 000001ADD3E92828
[LOG] SystemI::createSoundInternal             : exinfo->initialseekpostype = 1
[LOG] SystemI::DSPCodecPoolRegister            : register codec pool for pool type 4
[LOG] SystemI::createSoundInternal             : Sample 0/1: name='Cloth, Movement, Cotton, Walk, Distant Perspective SND129133 S05', format=5, channels=1, frequency=48000, lengthbytes=5152, lengthpcm=28448, pcmblocksize=0, loopstart=0, loopend=0, mode=0x00000000, channelmask=0x00000000, channelorder=0, peakvolume=0.083182.
[LOG] SystemI::createSoundInternal             : Create name='', mode=0x02000202
[LOG] SystemI::createSoundInternal             : exinfo->cbsize             = 224
[LOG] SystemI::createSoundInternal             : exinfo->length             = 1265920
[LOG] SystemI::createSoundInternal             : exinfo->fileoffset         = 137760
[LOG] SystemI::createSoundInternal             : exinfo->numsubsounds       = 1
[LOG] SystemI::createSoundInternal             : exinfo->inclusionlist      = 00000038351BEC28
[LOG] SystemI::createSoundInternal             : exinfo->inclusionlistnum   = 1
[LOG] SystemI::createSoundInternal             : exinfo->suggestedsoundtype = 5
[LOG] SystemI::createSoundInternal             : exinfo->useropen           = 00007FFE97FDDA70
[LOG] SystemI::createSoundInternal             : exinfo->userclose          = 00007FFE97FDDA30
[LOG] SystemI::createSoundInternal             : exinfo->userread           = 00007FFE97FDDB50
[LOG] SystemI::createSoundInternal             : exinfo->userseek           = 00007FFE97FDDC10
[LOG] SystemI::createSoundInternal             : exinfo->fileuserdata       = 000001ADD3E92828
[LOG] SystemI::createSoundInternal             : exinfo->initialseekpostype = 1
[LOG] SystemI::DSPCodecPoolRegister            : register codec pool for pool type 4
[LOG] SystemI::createSoundInternal             : Sample 0/1: name='Footsteps, Human, Linoleum, Sneaker, Slow SND1080 S11', format=5, channels=1, frequency=48000, lengthbytes=8576, lengthpcm=50221, pcmblocksize=0, loopstart=0, loopend=0, mode=0x00000000, channelmask=0x00000000, channelorder=0, peakvolume=0.075847.
[LOG] SystemI::createSoundInternal             : Create name='', mode=0x02000202
[LOG] SystemI::createSoundInternal             : exinfo->cbsize             = 224
[LOG] SystemI::createSoundInternal             : exinfo->length             = 1265920
[LOG] SystemI::createSoundInternal             : exinfo->fileoffset         = 137760
[LOG] SystemI::createSoundInternal             : exinfo->numsubsounds       = 1
[LOG] SystemI::createSoundInternal             : exinfo->inclusionlist      = 00000038351BEC28
[LOG] SystemI::createSoundInternal             : exinfo->inclusionlistnum   = 1
[LOG] SystemI::createSoundInternal             : exinfo->suggestedsoundtype = 5
[LOG] SystemI::createSoundInternal             : exinfo->useropen           = 00007FFE97FDDA70
[LOG] SystemI::createSoundInternal             : exinfo->userclose          = 00007FFE97FDDA30
[LOG] SystemI::createSoundInternal             : exinfo->userread           = 00007FFE97FDDB50
[LOG] SystemI::createSoundInternal             : exinfo->userseek           = 00007FFE97FDDC10
[LOG] SystemI::createSoundInternal             : exinfo->fileuserdata       = 000001ADD3E92828
[LOG] SystemI::createSoundInternal             : exinfo->initialseekpostype = 1
[LOG] SystemI::DSPCodecPoolRegister            : register codec pool for pool type 4
[LOG] SystemI::createSoundInternal             : Sample 0/1: name='Footsteps, Human, Slippers, Carpet, Wood, Walk, Distant SND128301 S02 2', format=5, channels=1, frequency=48000, lengthbytes=4672, lengthpcm=27770, pcmblocksize=0, loopstart=0, loopend=0, mode=0x00000000, channelmask=0x00000000, channelorder=0, peakvolume=0.034241.
[LOG] SystemI::createSoundInternal             : Create name='', mode=0x02000202
[LOG] SystemI::createSoundInternal             : exinfo->cbsize             = 224
[LOG] SystemI::createSoundInternal             : exinfo->length             = 1265920
[LOG] SystemI::createSoundInternal             : exinfo->fileoffset         = 137760
[LOG] SystemI::createSoundInternal             : exinfo->numsubsounds       = 1
[LOG] SystemI::createSoundInternal             : exinfo->inclusionlist      = 00000038351BEC28
[LOG] SystemI::createSoundInternal             : exinfo->inclusionlistnum   = 1
[LOG] SystemI::createSoundInternal             : exinfo->suggestedsoundtype = 5
[LOG] SystemI::createSoundInternal             : exinfo->useropen           = 00007FFE97FDDA70
[LOG] SystemI::createSoundInternal             : exinfo->userclose          = 00007FFE97FDDA30
[LOG] SystemI::createSoundInternal             : exinfo->userread           = 00007FFE97FDDB50
[LOG] SystemI::createSoundInternal             : exinfo->userseek           = 00007FFE97FDDC10
[LOG] SystemI::createSoundInternal             : exinfo->fileuserdata       = 000001ADD3E92828
[LOG] SystemI::createSoundInternal             : exinfo->initialseekpostype = 1
[LOG] SystemI::DSPCodecPoolRegister            : register codec pool for pool type 4
[LOG] SystemI::createSoundInternal             : Sample 0/1: name='Carpet_Walk-001', format=5, channels=2, frequency=48000, lengthbytes=4768, lengthpcm=24000, pcmblocksize=0, loopstart=0, loopend=0, mode=0x00000000, channelmask=0x00000000, channelorder=0, peakvolume=0.187269.
[LOG] SystemI::createSoundInternal             : Create name='', mode=0x02000202
[LOG] SystemI::createSoundInternal             : exinfo->cbsize             = 224
[LOG] SystemI::createSoundInternal             : exinfo->length             = 1265920
[LOG] SystemI::createSoundInternal             : exinfo->fileoffset         = 137760
[LOG] SystemI::createSoundInternal             : exinfo->numsubsounds       = 1
[LOG] SystemI::createSoundInternal             : exinfo->inclusionlist      = 00000038351BEC28
[LOG] SystemI::createSoundInternal             : exinfo->inclusionlistnum   = 1
[LOG] SystemI::createSoundInternal             : exinfo->suggestedsoundtype = 5
[LOG] SystemI::createSoundInternal             : exinfo->useropen           = 00007FFE97FDDA70
[LOG] SystemI::createSoundInternal             : exinfo->userclose          = 00007FFE97FDDA30
[LOG] SystemI::createSoundInternal             : exinfo->userread           = 00007FFE97FDDB50
[LOG] SystemI::createSoundInternal             : exinfo->userseek           = 00007FFE97FDDC10
[LOG] SystemI::createSoundInternal             : exinfo->fileuserdata       = 000001ADD3E92828
[LOG] SystemI::createSoundInternal             : exinfo->initialseekpostype = 1
[LOG] SystemI::DSPCodecPoolRegister            : register codec pool for pool type 4
[LOG] SystemI::createSoundInternal             : Sample 0/1: name='Footsteps, Human, Linoleum, Sneaker, Slow SND1080 S14', format=5, channels=1, frequency=48000, lengthbytes=9248, lengthpcm=52874, pcmblocksize=0, loopstart=0, loopend=0, mode=0x00000000, channelmask=0x00000000, channelorder=0, peakvolume=0.050616.
[LOG] SystemI::createSoundInternal             : Create name='', mode=0x02000202
[LOG] SystemI::createSoundInternal             : exinfo->cbsize             = 224
[LOG] SystemI::createSoundInternal             : exinfo->length             = 1265920
[LOG] SystemI::createSoundInternal             : exinfo->fileoffset         = 137760
[LOG] SystemI::createSoundInternal             : exinfo->numsubsounds       = 1
[LOG] SystemI::createSoundInternal             : exinfo->inclusionlist      = 00000038351BEC28
[LOG] SystemI::createSoundInternal             : exinfo->inclusionlistnum   = 1
[LOG] SystemI::createSoundInternal             : exinfo->suggestedsoundtype = 5
[LOG] SystemI::createSoundInternal             : exinfo->useropen           = 00007FFE97FDDA70
[LOG] SystemI::createSoundInternal             : exinfo->userclose          = 00007FFE97FDDA30
[LOG] SystemI::createSoundInternal             : exinfo->userread           = 00007FFE97FDDB50
[LOG] SystemI::createSoundInternal             : exinfo->userseek           = 00007FFE97FDDC10
[LOG] SystemI::createSoundInternal             : exinfo->fileuserdata       = 000001ADD3E92828
[LOG] SystemI::createSoundInternal             : exinfo->initialseekpostype = 1
[LOG] SystemI::DSPCodecPoolRegister            : register codec pool for pool type 4
[LOG] SystemI::createSoundInternal             : Sample 0/1: name='Footsteps, Human, Sneakers, Concrete, Walk, Distant SND127941 S13', format=5, channels=1, frequency=48000, lengthbytes=4768, lengthpcm=27670, pcmblocksize=0, loopstart=0, loopend=0, mode=0x00000000, channelmask=0x00000000, channelorder=0, peakvolume=0.018880.
[LOG] SystemI::createSoundInternal             : Create name='', mode=0x02000202
[LOG] SystemI::createSoundInternal             : exinfo->cbsize             = 224
[LOG] SystemI::createSoundInternal             : exinfo->length             = 1265920
[LOG] SystemI::createSoundInternal             : exinfo->fileoffset         = 137760
[LOG] SystemI::createSoundInternal             : exinfo->numsubsounds       = 1
[LOG] SystemI::createSoundInternal             : exinfo->inclusionlist      = 00000038351BEC28
[LOG] SystemI::createSoundInternal             : exinfo->inclusionlistnum   = 1
[LOG] SystemI::createSoundInternal             : exinfo->suggestedsoundtype = 5
[LOG] SystemI::createSoundInternal             : exinfo->useropen           = 00007FFE97FDDA70
[LOG] SystemI::createSoundInternal             : exinfo->userclose          = 00007FFE97FDDA30
[LOG] SystemI::createSoundInternal             : exinfo->userread           = 00007FFE97FDDB50
[LOG] SystemI::createSoundInternal             : exinfo->userseek           = 00007FFE97FDDC10
[LOG] SystemI::createSoundInternal             : exinfo->fileuserdata       = 000001ADD3E92828
[LOG] SystemI::createSoundInternal             : exinfo->initialseekpostype = 1
[LOG] SystemI::DSPCodecPoolRegister            : register codec pool for pool type 4
[LOG] SystemI::createSoundInternal             : Sample 0/1: name='linoleum_Walk-005', format=5, channels=2, frequency=48000, lengthbytes=5152, lengthpcm=48000, pcmblocksize=0, loopstart=0, loopend=0, mode=0x00000000, channelmask=0x00000000, channelorder=0, peakvolume=0.340396.
[LOG] SystemI::createSoundInternal             : Create name='', mode=0x02000202
[LOG] SystemI::createSoundInternal             : exinfo->cbsize             = 224
[LOG] SystemI::createSoundInternal             : exinfo->length             = 1265920
[LOG] SystemI::createSoundInternal             : exinfo->fileoffset         = 137760
[LOG] SystemI::createSoundInternal             : exinfo->numsubsounds       = 1
[LOG] SystemI::createSoundInternal             : exinfo->inclusionlist      = 00000038351BEC28
[LOG] SystemI::createSoundInternal             : exinfo->inclusionlistnum   = 1
[LOG] SystemI::createSoundInternal             : exinfo->suggestedsoundtype = 5
[LOG] SystemI::createSoundInternal             : exinfo->useropen           = 00007FFE97FDDA70
[LOG] SystemI::createSoundInternal             : exinfo->userclose          = 00007FFE97FDDA30
[LOG] SystemI::createSoundInternal             : exinfo->userread           = 00007FFE97FDDB50
[LOG] SystemI::createSoundInternal             : exinfo->userseek           = 00007FFE97FDDC10
[LOG] SystemI::createSoundInternal             : exinfo->fileuserdata       = 000001ADD3E92828
[LOG] SystemI::createSoundInternal             : exinfo->initialseekpostype = 1
[LOG] SystemI::DSPCodecPoolRegister            : register codec pool for pool type 4
[LOG] SystemI::createSoundInternal             : Sample 0/1: name='Cloth, Movement, Cotton, Sprint, Distant Perspective SND129141 S14', format=5, channels=1, frequency=48000, lengthbytes=3104, lengthpcm=17264, pcmblocksize=0, loopstart=0, loopend=0, mode=0x00000000, channelmask=0x00000000, channelorder=0, peakvolume=0.057456.
[LOG] SystemI::createSoundInternal             : Create name='', mode=0x02000202
[LOG] SystemI::createSoundInternal             : exinfo->cbsize             = 224
[LOG] SystemI::createSoundInternal             : exinfo->length             = 1265920
[LOG] SystemI::createSoundInternal             : exinfo->fileoffset         = 137760
[LOG] SystemI::createSoundInternal             : exinfo->numsubsounds       = 1
[LOG] SystemI::createSoundInternal             : exinfo->inclusionlist      = 00000038351BEC28
[LOG] SystemI::createSoundInternal             : exinfo->inclusionlistnum   = 1
[LOG] SystemI::createSoundInternal             : exinfo->suggestedsoundtype = 5
[LOG] SystemI::createSoundInternal             : exinfo->useropen           = 00007FFE97FDDA70
[LOG] SystemI::createSoundInternal             : exinfo->userclose          = 00007FFE97FDDA30
[LOG] SystemI::createSoundInternal             : exinfo->userread           = 00007FFE97FDDB50
[LOG] SystemI::createSoundInternal             : exinfo->userseek           = 00007FFE97FDDC10
[LOG] SystemI::createSoundInternal             : exinfo->fileuserdata       = 000001ADD3E92828
[LOG] SystemI::createSoundInternal             : exinfo->initialseekpostype = 1
[LOG] SystemI::DSPCodecPoolRegister            : register codec pool for pool type 4
[LOG] SystemI::createSoundInternal             : Sample 0/1: name='loc_walk_ammunition_11', format=5, channels=2, frequency=48000, lengthbytes=5184, lengthpcm=23718, pcmblocksize=0, loopstart=0, loopend=0, mode=0x00000000, channelmask=0x00000000, channelorder=0, peakvolume=0.527039.
[LOG] SystemI::createSoundInternal             : Create name='', mode=0x02000202
[LOG] SystemI::createSoundInternal             : exinfo->cbsize             = 224
[LOG] SystemI::createSoundInternal             : exinfo->length             = 1265920
[LOG] SystemI::createSoundInternal             : exinfo->fileoffset         = 137760
[LOG] SystemI::createSoundInternal             : exinfo->numsubsounds       = 1
[LOG] SystemI::createSoundInternal             : exinfo->inclusionlist      = 00000038351BEC28
[LOG] SystemI::createSoundInternal             : exinfo->inclusionlistnum   = 1
[LOG] SystemI::createSoundInternal             : exinfo->suggestedsoundtype = 5
[LOG] SystemI::createSoundInternal             : exinfo->useropen           = 00007FFE97FDDA70
[LOG] SystemI::createSoundInternal             : exinfo->userclose          = 00007FFE97FDDA30
[LOG] SystemI::createSoundInternal             : exinfo->userread           = 00007FFE97FDDB50
[LOG] SystemI::createSoundInternal             : exinfo->userseek           = 00007FFE97FDDC10
[LOG] SystemI::createSoundInternal             : exinfo->fileuserdata       = 000001ADD3E92828
[LOG] SystemI::createSoundInternal             : exinfo->initialseekpostype = 1
[LOG] SystemI::DSPCodecPoolRegister            : register codec pool for pool type 4
[LOG] SystemI::createSoundInternal             : Sample 0/1: name='Wood_Run-005', format=5, channels=2, frequency=48000, lengthbytes=4640, lengthpcm=24000, pcmblocksize=0, loopstart=0, loopend=0, mode=0x00000000, channelmask=0x00000000, channelorder=0, peakvolume=0.226983.
[LOG] SystemI::createSoundInternal             : Create name='', mode=0x02000202
[LOG] SystemI::createSoundInternal             : exinfo->cbsize             = 224
[LOG] SystemI::createSoundInternal             : exinfo->length             = 1265920
[LOG] SystemI::createSoundInternal             : exinfo->fileoffset         = 137760
[LOG] SystemI::createSoundInternal             : exinfo->numsubsounds       = 1
[LOG] SystemI::createSoundInternal             : exinfo->inclusionlist      = 00000038351BEC28
[LOG] SystemI::createSoundInternal             : exinfo->inclusionlistnum   = 1
[LOG] SystemI::createSoundInternal             : exinfo->suggestedsoundtype = 5
[LOG] SystemI::createSoundInternal             : exinfo->useropen           = 00007FFE97FDDA70
[LOG] SystemI::createSoundInternal             : exinfo->userclose          = 00007FFE97FDDA30
[LOG] SystemI::createSoundInternal             : exinfo->userread           = 00007FFE97FDDB50
[LOG] SystemI::createSoundInternal             : exinfo->userseek           = 00007FFE97FDDC10
[LOG] SystemI::createSoundInternal             : exinfo->fileuserdata       = 000001ADD3E92828
[LOG] SystemI::createSoundInternal             : exinfo->initialseekpostype = 1
[LOG] SystemI::DSPCodecPoolRegister            : register codec pool for pool type 4
[LOG] SystemI::createSoundInternal             : Sample 0/1: name='linoleum_Run-001', format=5, channels=2, frequency=48000, lengthbytes=4512, lengthpcm=48000, pcmblocksize=0, loopstart=0, loopend=0, mode=0x00000000, channelmask=0x00000000, channelorder=0, peakvolume=0.368928.
[LOG] SystemI::createSoundInternal             : Create name='', mode=0x02000202
[LOG] SystemI::createSoundInternal             : exinfo->cbsize             = 224
[LOG] SystemI::createSoundInternal             : exinfo->length             = 1265920
[LOG] SystemI::createSoundInternal             : exinfo->fileoffset         = 137760
[LOG] SystemI::createSoundInternal             : exinfo->numsubsounds       = 1
[LOG] SystemI::createSoundInternal             : exinfo->inclusionlist      = 00000038351BEC28
[LOG] SystemI::createSoundInternal             : exinfo->inclusionlistnum   = 1
[LOG] SystemI::createSoundInternal             : exinfo->suggestedsoundtype = 5
[LOG] SystemI::createSoundInternal             : exinfo->useropen           = 00007FFE97FDDA70
[LOG] SystemI::createSoundInternal             : exinfo->userclose          = 00007FFE97FDDA30
[LOG] SystemI::createSoundInternal             : exinfo->userread           = 00007FFE97FDDB50
[LOG] SystemI::createSoundInternal             : exinfo->userseek           = 00007FFE97FDDC10
[LOG] SystemI::createSoundInternal             : exinfo->fileuserdata       = 000001ADD3E92828
[LOG] SystemI::createSoundInternal             : exinfo->initialseekpostype = 1
[LOG] SystemI::DSPCodecPoolRegister            : register codec pool for pool type 4
[LOG] SystemI::createSoundInternal             : Sample 0/1: name='Footsteps, Human, Sandals, Walk, Fast, on Glass SND147264 S07', format=5, channels=2, frequency=48000, lengthbytes=9280, lengthpcm=29799, pcmblocksize=0, loopstart=0, loopend=0, mode=0x00000000, channelmask=0x00000000, channelorder=0, peakvolume=0.364335.
[LOG] SystemI::createSoundInternal             : Create name='', mode=0x02000202
[LOG] SystemI::createSoundInternal             : exinfo->cbsize             = 224
[LOG] SystemI::createSoundInternal             : exinfo->length             = 1265920
[LOG] SystemI::createSoundInternal             : exinfo->fileoffset         = 137760
[LOG] SystemI::createSoundInternal             : exinfo->numsubsounds       = 1
[LOG] SystemI::createSoundInternal             : exinfo->inclusionlist      = 00000038351BEC28
[LOG] SystemI::createSoundInternal             : exinfo->inclusionlistnum   = 1
[LOG] SystemI::createSoundInternal             : exinfo->suggestedsoundtype = 5
[LOG] SystemI::createSoundInternal             : exinfo->useropen           = 00007FFE97FDDA70
[LOG] SystemI::createSoundInternal             : exinfo->userclose          = 00007FFE97FDDA30
[LOG] SystemI::createSoundInternal             : exinfo->userread           = 00007FFE97FDDB50
[LOG] SystemI::createSoundInternal             : exinfo->userseek           = 00007FFE97FDDC10
[LOG] SystemI::createSoundInternal             : exinfo->fileuserdata       = 000001ADD3E92828
[LOG] SystemI::createSoundInternal             : exinfo->initialseekpostype = 1
[LOG] SystemI::DSPCodecPoolRegister            : register codec pool for pool type 4
[LOG] SystemI::createSoundInternal             : Sample 0/1: name='Carpet_Run-003', format=5, channels=2, frequency=48000, lengthbytes=3168, lengthpcm=24000, pcmblocksize=0, loopstart=0, loopend=0, mode=0x00000000, channelmask=0x00000000, channelorder=0, peakvolume=0.356720.
[LOG] SystemI::createSoundInternal             : Create name='', mode=0x02000202
[LOG] SystemI::createSoundInternal             : exinfo->cbsize             = 224
[LOG] SystemI::createSoundInternal             : exinfo->length             = 1265920
[LOG] SystemI::createSoundInternal             : exinfo->fileoffset         = 137760
[LOG] SystemI::createSoundInternal             : exinfo->numsubsounds       = 1
[LOG] SystemI::createSoundInternal             : exinfo->inclusionlist      = 00000038351BEC28
[LOG] SystemI::createSoundInternal             : exinfo->inclusionlistnum   = 1
[LOG] SystemI::createSoundInternal             : exinfo->suggestedsoundtype = 5
[LOG] SystemI::createSoundInternal             : exinfo->useropen           = 00007FFE97FDDA70
[LOG] SystemI::createSoundInternal             : exinfo->userclose          = 00007FFE97FDDA30
[LOG] SystemI::createSoundInternal             : exinfo->userread           = 00007FFE97FDDB50
[LOG] SystemI::createSoundInternal             : exinfo->userseek           = 00007FFE97FDDC10
[LOG] SystemI::createSoundInternal             : exinfo->fileuserdata       = 000001ADD3E92828
[LOG] SystemI::createSoundInternal             : exinfo->initialseekpostype = 1
[LOG] SystemI::DSPCodecPoolRegister            : register codec pool for pool type 4
[LOG] SystemI::createSoundInternal             : Sample 0/1: name='linoleum_Walk-004', format=5, channels=2, frequency=48000, lengthbytes=5024, lengthpcm=48000, pcmblocksize=0, loopstart=0, loopend=0, mode=0x00000000, channelmask=0x00000000, channelorder=0, peakvolume=0.307896.
[LOG] SystemI::createSoundInternal             : Create name='', mode=0x02000202
[LOG] SystemI::createSoundInternal             : exinfo->cbsize             = 224
[LOG] SystemI::createSoundInternal             : exinfo->length             = 1265920
[LOG] SystemI::createSoundInternal             : exinfo->fileoffset         = 137760
[LOG] SystemI::createSoundInternal             : exinfo->numsubsounds       = 1
[LOG] SystemI::createSoundInternal             : exinfo->inclusionlist      = 00000038351BEC28
[LOG] SystemI::createSoundInternal             : exinfo->inclusionlistnum   = 1
[LOG] SystemI::createSoundInternal             : exinfo->suggestedsoundtype = 5
[LOG] SystemI::createSoundInternal             : exinfo->useropen           = 00007FFE97FDDA70
[LOG] SystemI::createSoundInternal             : exinfo->userclose          = 00007FFE97FDDA30
[LOG] SystemI::createSoundInternal             : exinfo->userread           = 00007FFE97FDDB50
[LOG] SystemI::createSoundInternal             : exinfo->userseek           = 00007FFE97FDDC10
[LOG] SystemI::createSoundInternal             : exinfo->fileuserdata       = 000001ADD3E92828
[LOG] SystemI::createSoundInternal             : exinfo->initialseekpostype = 1
[LOG] SystemI::DSPCodecPoolRegister            : register codec pool for pool type 4
[LOG] SystemI::createSoundInternal             : Sample 0/1: name='Footsteps, Human, Slippers, Carpet, Wood, Walk, Distant SND128301 S05 2', format=5, channels=1, frequency=48000, lengthbytes=4288, lengthpcm=25512, pcmblocksize=0, loopstart=0, loopend=0, mode=0x00000000, channelmask=0x00000000, channelorder=0, peakvolume=0.019396.
[LOG] SystemI::createSoundInternal             : Create name='', mode=0x02000202
[LOG] SystemI::createSoundInternal             : exinfo->cbsize             = 224
[LOG] SystemI::createSoundInternal             : exinfo->length             = 1265920
[LOG] SystemI::createSoundInternal             : exinfo->fileoffset         = 137760
[LOG] SystemI::createSoundInternal             : exinfo->numsubsounds       = 1
[LOG] SystemI::createSoundInternal             : exinfo->inclusionlist      = 00000038351BEC28
[LOG] SystemI::createSoundInternal             : exinfo->inclusionlistnum   = 1
[LOG] SystemI::createSoundInternal             : exinfo->suggestedsoundtype = 5
[LOG] SystemI::createSoundInternal             : exinfo->useropen           = 00007FFE97FDDA70
[LOG] SystemI::createSoundInternal             : exinfo->userclose          = 00007FFE97FDDA30
[LOG] SystemI::createSoundInternal             : exinfo->userread           = 00007FFE97FDDB50
[LOG] SystemI::createSoundInternal             : exinfo->userseek           = 00007FFE97FDDC10
[LOG] SystemI::createSoundInternal             : exinfo->fileuserdata       = 000001ADD3E92828
[LOG] SystemI::createSoundInternal             : exinfo->initialseekpostype = 1
[LOG] SystemI::DSPCodecPoolRegister            : register codec pool for pool type 4
[LOG] SystemI::createSoundInternal             : Sample 0/1: name='loc_run_ammunition_08', format=5, channels=2, frequency=48000, lengthbytes=9024, lengthpcm=38220, pcmblocksize=0, loopstart=0, loopend=0, mode=0x00000000, channelmask=0x00000000, channelorder=0, peakvolume=0.676270.
[LOG] SystemI::createSoundInternal             : Create name='', mode=0x02000202
[LOG] SystemI::createSoundInternal             : exinfo->cbsize             = 224
[LOG] SystemI::createSoundInternal             : exinfo->length             = 1265920
[LOG] SystemI::createSoundInternal             : exinfo->fileoffset         = 137760
[LOG] SystemI::createSoundInternal             : exinfo->numsubsounds       = 1
[LOG] SystemI::createSoundInternal             : exinfo->inclusionlist      = 00000038351BEC28
[LOG] SystemI::createSoundInternal             : exinfo->inclusionlistnum   = 1
[LOG] SystemI::createSoundInternal             : exinfo->suggestedsoundtype = 5
[LOG] SystemI::createSoundInternal             : exinfo->useropen           = 00007FFE97FDDA70
[LOG] SystemI::createSoundInternal             : exinfo->userclose          = 00007FFE97FDDA30
[LOG] SystemI::createSoundInternal             : exinfo->userread           = 00007FFE97FDDB50
[LOG] SystemI::createSoundInternal             : exinfo->userseek           = 00007FFE97FDDC10
[LOG] SystemI::createSoundInternal             : exinfo->fileuserdata       = 000001ADD3E92828
[LOG] SystemI::createSoundInternal             : exinfo->initialseekpostype = 1
[LOG] SystemI::DSPCodecPoolRegister            : register codec pool for pool type 4
[LOG] SystemI::createSoundInternal             : Sample 0/1: name='loc_walk_ammunition_03', format=5, channels=2, frequency=48000, lengthbytes=4256, lengthpcm=20317, pcmblocksize=0, loopstart=0, loopend=0, mode=0x00000000, channelmask=0x00000000, channelorder=0, peakvolume=0.289490.
[LOG] SystemI::createSoundInternal             : Create name='', mode=0x02000202
[LOG] SystemI::createSoundInternal             : exinfo->cbsize             = 224
[LOG] SystemI::createSoundInternal             : exinfo->length             = 1265920
[LOG] SystemI::createSoundInternal             : exinfo->fileoffset         = 137760
[LOG] SystemI::createSoundInternal             : exinfo->numsubsounds       = 1
[LOG] SystemI::createSoundInternal             : exinfo->inclusionlist      = 00000038351BEC28
[LOG] SystemI::createSoundInternal             : exinfo->inclusionlistnum   = 1
[LOG] SystemI::createSoundInternal             : exinfo->suggestedsoundtype = 5
[LOG] SystemI::createSoundInternal             : exinfo->useropen           = 00007FFE97FDDA70
[LOG] SystemI::createSoundInternal             : exinfo->userclose          = 00007FFE97FDDA30
[LOG] SystemI::createSoundInternal             : exinfo->userread           = 00007FFE97FDDB50
[LOG] SystemI::createSoundInternal             : exinfo->userseek           = 00007FFE97FDDC10
[LOG] SystemI::createSoundInternal             : exinfo->fileuserdata       = 000001ADD3E92828
[LOG] SystemI::createSoundInternal             : exinfo->initialseekpostype = 1
[LOG] SystemI::DSPCodecPoolRegister            : register codec pool for pool type 4
[LOG] SystemI::createSoundInternal             : Sample 0/1: name='Footsteps, Human, Linoleum, Sneaker, Slow SND1080 S12', format=5, channels=1, frequency=48000, lengthbytes=8480, lengthpcm=48985, pcmblocksize=0, loopstart=0, loopend=0, mode=0x00000000, channelmask=0x00000000, channelorder=0, peakvolume=0.098779.
[LOG] SystemI::createSoundInternal             : Create name='', mode=0x02000202
[LOG] SystemI::createSoundInternal             : exinfo->cbsize             = 224
[LOG] SystemI::createSoundInternal             : exinfo->length             = 1265920
[LOG] SystemI::createSoundInternal             : exinfo->fileoffset         = 137760
[LOG] SystemI::createSoundInternal             : exinfo->numsubsounds       = 1
[LOG] SystemI::createSoundInternal             : exinfo->inclusionlist      = 00000038351BEC28
[LOG] SystemI::createSoundInternal             : exinfo->inclusionlistnum   = 1
[LOG] SystemI::createSoundInternal             : exinfo->suggestedsoundtype = 5
[LOG] SystemI::createSoundInternal             : exinfo->useropen           = 00007FFE97FDDA70
[LOG] SystemI::createSoundInternal             : exinfo->userclose          = 00007FFE97FDDA30
[LOG] SystemI::createSoundInternal             : exinfo->userread           = 00007FFE97FDDB50
[LOG] SystemI::createSoundInternal             : exinfo->userseek           = 00007FFE97FDDC10
[LOG] SystemI::createSoundInternal             : exinfo->fileuserdata       = 000001ADD3E92828
[LOG] SystemI::createSoundInternal             : exinfo->initialseekpostype = 1
[LOG] SystemI::DSPCodecPoolRegister            : register codec pool for pool type 4
[LOG] SystemI::createSoundInternal             : Sample 0/1: name='Carpet_Run-005', format=5, channels=2, frequency=48000, lengthbytes=3392, lengthpcm=24000, pcmblocksize=0, loopstart=0, loopend=0, mode=0x00000000, channelmask=0x00000000, channelorder=0, peakvolume=0.219938.
[LOG] SystemI::createSoundInternal             : Create name='', mode=0x02000202
[LOG] SystemI::createSoundInternal             : exinfo->cbsize             = 224
[LOG] SystemI::createSoundInternal             : exinfo->length             = 1265920
[LOG] SystemI::createSoundInternal             : exinfo->fileoffset         = 137760
[LOG] SystemI::createSoundInternal             : exinfo->numsubsounds       = 1
[LOG] SystemI::createSoundInternal             : exinfo->inclusionlist      = 00000038351BEC28
[LOG] SystemI::createSoundInternal             : exinfo->inclusionlistnum   = 1
[LOG] SystemI::createSoundInternal             : exinfo->suggestedsoundtype = 5
[LOG] SystemI::createSoundInternal             : exinfo->useropen           = 00007FFE97FDDA70
[LOG] SystemI::createSoundInternal             : exinfo->userclose          = 00007FFE97FDDA30
[LOG] SystemI::createSoundInternal             : exinfo->userread           = 00007FFE97FDDB50
[LOG] SystemI::createSoundInternal             : exinfo->userseek           = 00007FFE97FDDC10
[LOG] SystemI::createSoundInternal             : exinfo->fileuserdata       = 000001ADD3E92828
[LOG] SystemI::createSoundInternal             : exinfo->initialseekpostype = 1
[LOG] SystemI::DSPCodecPoolRegister            : register codec pool for pool type 4
[LOG] SystemI::createSoundInternal             : Sample 0/1: name='Footsteps, Human, Slippers, Wood, Hollow, Walk, Distant SND128428 S08', format=5, channels=1, frequency=48000, lengthbytes=4480, lengthpcm=25554, pcmblocksize=0, loopstart=0, loopend=0, mode=0x00000000, channelmask=0x00000000, channelorder=0, peakvolume=0.048361.
[LOG] SystemI::createSoundInternal             : Create name='', mode=0x02000202
[LOG] SystemI::createSoundInternal             : exinfo->cbsize             = 224
[LOG] SystemI::createSoundInternal             : exinfo->length             = 1265920
[LOG] SystemI::createSoundInternal             : exinfo->fileoffset         = 137760
[LOG] SystemI::createSoundInternal             : exinfo->numsubsounds       = 1
[LOG] SystemI::createSoundInternal             : exinfo->inclusionlist      = 00000038351BEC28
[LOG] SystemI::createSoundInternal             : exinfo->inclusionlistnum   = 1
[LOG] SystemI::createSoundInternal             : exinfo->suggestedsoundtype = 5
[LOG] SystemI::createSoundInternal             : exinfo->useropen           = 00007FFE97FDDA70
[LOG] SystemI::createSoundInternal             : exinfo->userclose          = 00007FFE97FDDA30
[LOG] SystemI::createSoundInternal             : exinfo->userread           = 00007FFE97FDDB50
[LOG] SystemI::createSoundInternal             : exinfo->userseek           = 00007FFE97FDDC10
[LOG] SystemI::createSoundInternal             : exinfo->fileuserdata       = 000001ADD3E92828
[LOG] SystemI::createSoundInternal             : exinfo->initialseekpostype = 1
[LOG] SystemI::DSPCodecPoolRegister            : register codec pool for pool type 4
[LOG] SystemI::createSoundInternal             : Sample 0/1: name='linoleum_Walk-002', format=5, channels=2, frequency=48000, lengthbytes=4864, lengthpcm=48000, pcmblocksize=0, loopstart=0, loopend=0, mode=0x00000000, channelmask=0x00000000, channelorder=0, peakvolume=0.201382.
[LOG] SystemI::createSoundInternal             : Create name='', mode=0x02000202
[LOG] SystemI::createSoundInternal             : exinfo->cbsize             = 224
[LOG] SystemI::createSoundInternal             : exinfo->length             = 1265920
[LOG] SystemI::createSoundInternal             : exinfo->fileoffset         = 137760
[LOG] SystemI::createSoundInternal             : exinfo->numsubsounds       = 1
[LOG] SystemI::createSoundInternal             : exinfo->inclusionlist      = 00000038351BEC28
[LOG] SystemI::createSoundInternal             : exinfo->inclusionlistnum   = 1
[LOG] SystemI::createSoundInternal             : exinfo->suggestedsoundtype = 5
[LOG] SystemI::createSoundInternal             : exinfo->useropen           = 00007FFE97FDDA70
[LOG] SystemI::createSoundInternal             : exinfo->userclose          = 00007FFE97FDDA30
[LOG] SystemI::createSoundInternal             : exinfo->userread           = 00007FFE97FDDB50
[LOG] SystemI::createSoundInternal             : exinfo->userseek           = 00007FFE97FDDC10
[LOG] SystemI::createSoundInternal             : exinfo->fileuserdata       = 000001ADD3E92828
[LOG] SystemI::createSoundInternal             : exinfo->initialseekpostype = 1
[LOG] SystemI::DSPCodecPoolRegister            : register codec pool for pool type 4
[LOG] SystemI::createSoundInternal             : Sample 0/1: name='linoleum_Run-002', format=5, channels=2, frequency=48000, lengthbytes=3584, lengthpcm=48000, pcmblocksize=0, loopstart=0, loopend=0, mode=0x00000000, channelmask=0x00000000, channelorder=0, peakvolume=0.228486.
[LOG] SystemI::createSoundInternal             : Create name='', mode=0x02000202
[LOG] SystemI::createSoundInternal             : exinfo->cbsize             = 224
[LOG] SystemI::createSoundInternal             : exinfo->length             = 1265920
[LOG] SystemI::createSoundInternal             : exinfo->fileoffset         = 137760
[LOG] SystemI::createSoundInternal             : exinfo->numsubsounds       = 1
[LOG] SystemI::createSoundInternal             : exinfo->inclusionlist      = 00000038351BEC28
[LOG] SystemI::createSoundInternal             : exinfo->inclusionlistnum   = 1
[LOG] SystemI::createSoundInternal             : exinfo->suggestedsoundtype = 5
[LOG] SystemI::createSoundInternal             : exinfo->useropen           = 00007FFE97FDDA70
[LOG] SystemI::createSoundInternal             : exinfo->userclose          = 00007FFE97FDDA30
[LOG] SystemI::createSoundInternal             : exinfo->userread           = 00007FFE97FDDB50
[LOG] SystemI::createSoundInternal             : exinfo->userseek           = 00007FFE97FDDC10
[LOG] SystemI::createSoundInternal             : exinfo->fileuserdata       = 000001ADD3E92828
[LOG] SystemI::createSoundInternal             : exinfo->initialseekpostype = 1
[LOG] SystemI::DSPCodecPoolRegister            : register codec pool for pool type 4
[LOG] SystemI::createSoundInternal             : Sample 0/1: name='linoleum_Walk-003', format=5, channels=2, frequency=48000, lengthbytes=4832, lengthpcm=48000, pcmblocksize=0, loopstart=0, loopend=0, mode=0x00000000, channelmask=0x00000000, channelorder=0, peakvolume=0.303915.
[LOG] SystemI::createSoundInternal             : Create name='', mode=0x02000202
[LOG] SystemI::createSoundInternal             : exinfo->cbsize             = 224
[LOG] SystemI::createSoundInternal             : exinfo->length             = 1265920
[LOG] SystemI::createSoundInternal             : exinfo->fileoffset         = 137760
[LOG] SystemI::createSoundInternal             : exinfo->numsubsounds       = 1
[LOG] SystemI::createSoundInternal             : exinfo->inclusionlist      = 00000038351BEC28
[LOG] SystemI::createSoundInternal             : exinfo->inclusionlistnum   = 1
[LOG] SystemI::createSoundInternal             : exinfo->suggestedsoundtype = 5
[LOG] SystemI::createSoundInternal             : exinfo->useropen           = 00007FFE97FDDA70
[LOG] SystemI::createSoundInternal             : exinfo->userclose          = 00007FFE97FDDA30
[LOG] SystemI::createSoundInternal             : exinfo->userread           = 00007FFE97FDDB50
[LOG] SystemI::createSoundInternal             : exinfo->userseek           = 00007FFE97FDDC10
[LOG] SystemI::createSoundInternal             : exinfo->fileuserdata       = 000001ADD3E92828
[LOG] SystemI::createSoundInternal             : exinfo->initialseekpostype = 1
[LOG] SystemI::DSPCodecPoolRegister            : register codec pool for pool type 4
[LOG] SystemI::createSoundInternal             : Sample 0/1: name='Concrete_Walk-006', format=5, channels=2, frequency=48000, lengthbytes=5472, lengthpcm=24000, pcmblocksize=0, loopstart=0, loopend=0, mode=0x00000000, channelmask=0x00000000, channelorder=0, peakvolume=0.173417.
[LOG] SystemI::createSoundInternal             : Create name='', mode=0x02000202
[LOG] SystemI::createSoundInternal             : exinfo->cbsize             = 224
[LOG] SystemI::createSoundInternal             : exinfo->length             = 1265920
[LOG] SystemI::createSoundInternal             : exinfo->fileoffset         = 137760
[LOG] SystemI::createSoundInternal             : exinfo->numsubsounds       = 1
[LOG] SystemI::createSoundInternal             : exinfo->inclusionlist      = 00000038351BEC28
[LOG] SystemI::createSoundInternal             : exinfo->inclusionlistnum   = 1
[LOG] SystemI::createSoundInternal             : exinfo->suggestedsoundtype = 5
[LOG] SystemI::createSoundInternal             : exinfo->useropen           = 00007FFE97FDDA70
[LOG] SystemI::createSoundInternal             : exinfo->userclose          = 00007FFE97FDDA30
[LOG] SystemI::createSoundInternal             : exinfo->userread           = 00007FFE97FDDB50
[LOG] SystemI::createSoundInternal             : exinfo->userseek           = 00007FFE97FDDC10
[LOG] SystemI::createSoundInternal             : exinfo->fileuserdata       = 000001ADD3E92828
[LOG] SystemI::createSoundInternal             : exinfo->initialseekpostype = 1
[LOG] SystemI::DSPCodecPoolRegister            : register codec pool for pool type 4
[LOG] SystemI::createSoundInternal             : Sample 0/1: name='Footsteps, Human, Slippers, Wood, Hollow, Walk, Distant SND128428 S02', format=5, channels=1, frequency=48000, lengthbytes=4608, lengthpcm=26472, pcmblocksize=0, loopstart=0, loopend=0, mode=0x00000000, channelmask=0x00000000, channelorder=0, peakvolume=0.039728.
[LOG] SystemI::createSoundInternal             : Create name='', mode=0x02000202
[LOG] SystemI::createSoundInternal             : exinfo->cbsize             = 224
[LOG] SystemI::createSoundInternal             : exinfo->length             = 1265920
[LOG] SystemI::createSoundInternal             : exinfo->fileoffset         = 137760
[LOG] SystemI::createSoundInternal             : exinfo->numsubsounds       = 1
[LOG] SystemI::createSoundInternal             : exinfo->inclusionlist      = 00000038351BEC28
[LOG] SystemI::createSoundInternal             : exinfo->inclusionlistnum   = 1
[LOG] SystemI::createSoundInternal             : exinfo->suggestedsoundtype = 5
[LOG] SystemI::createSoundInternal             : exinfo->useropen           = 00007FFE97FDDA70
[LOG] SystemI::createSoundInternal             : exinfo->userclose          = 00007FFE97FDDA30
[LOG] SystemI::createSoundInternal             : exinfo->userread           = 00007FFE97FDDB50
[LOG] SystemI::createSoundInternal             : exinfo->userseek           = 00007FFE97FDDC10
[LOG] SystemI::createSoundInternal             : exinfo->fileuserdata       = 000001ADD3E92828
[LOG] SystemI::createSoundInternal             : exinfo->initialseekpostype = 1
[LOG] SystemI::DSPCodecPoolRegister            : register codec pool for pool type 4
[LOG] SystemI::createSoundInternal             : Sample 0/1: name='Footsteps, Human, Slippers, Wood, Hollow, Walk, Distant SND128428 S03', format=5, channels=1, frequency=48000, lengthbytes=4352, lengthpcm=25294, pcmblocksize=0, loopstart=0, loopend=0, mode=0x00000000, channelmask=0x00000000, channelorder=0, peakvolume=0.025439.
[LOG] SystemI::createSoundInternal             : Create name='', mode=0x02000202
[LOG] SystemI::createSoundInternal             : exinfo->cbsize             = 224
[LOG] SystemI::createSoundInternal             : exinfo->length             = 1265920
[LOG] SystemI::createSoundInternal             : exinfo->fileoffset         = 137760
[LOG] SystemI::createSoundInternal             : exinfo->numsubsounds       = 1
[LOG] SystemI::createSoundInternal             : exinfo->inclusionlist      = 00000038351BEC28
[LOG] SystemI::createSoundInternal             : exinfo->inclusionlistnum   = 1
[LOG] SystemI::createSoundInternal             : exinfo->suggestedsoundtype = 5
[LOG] SystemI::createSoundInternal             : exinfo->useropen           = 00007FFE97FDDA70
[LOG] SystemI::createSoundInternal             : exinfo->userclose          = 00007FFE97FDDA30
[LOG] SystemI::createSoundInternal             : exinfo->userread           = 00007FFE97FDDB50
[LOG] SystemI::createSoundInternal             : exinfo->userseek           = 00007FFE97FDDC10
[LOG] SystemI::createSoundInternal             : exinfo->fileuserdata       = 000001ADD3E92828
[LOG] SystemI::createSoundInternal             : exinfo->initialseekpostype = 1
[LOG] SystemI::DSPCodecPoolRegister            : register codec pool for pool type 4
[LOG] SystemI::createSoundInternal             : Sample 0/1: name='Footsteps, Human, Slippers, Wood, Hollow, Walk, Distant SND128428 S04', format=5, channels=1, frequency=48000, lengthbytes=4576, lengthpcm=26341, pcmblocksize=0, loopstart=0, loopend=0, mode=0x00000000, channelmask=0x00000000, channelorder=0, peakvolume=0.041033.
[LOG] SystemI::createSoundInternal             : Create name='', mode=0x02000202
[LOG] SystemI::createSoundInternal             : exinfo->cbsize             = 224
[LOG] SystemI::createSoundInternal             : exinfo->length             = 1265920
[LOG] SystemI::createSoundInternal             : exinfo->fileoffset         = 137760
[LOG] SystemI::createSoundInternal             : exinfo->numsubsounds       = 1
[LOG] SystemI::createSoundInternal             : exinfo->inclusionlist      = 00000038351BEC28
[LOG] SystemI::createSoundInternal             : exinfo->inclusionlistnum   = 1
[LOG] SystemI::createSoundInternal             : exinfo->suggestedsoundtype = 5
[LOG] SystemI::createSoundInternal             : exinfo->useropen           = 00007FFE97FDDA70
[LOG] SystemI::createSoundInternal             : exinfo->userclose          = 00007FFE97FDDA30
[LOG] SystemI::createSoundInternal             : exinfo->userread           = 00007FFE97FDDB50
[LOG] SystemI::createSoundInternal             : exinfo->userseek           = 00007FFE97FDDC10
[LOG] SystemI::createSoundInternal             : exinfo->fileuserdata       = 000001ADD3E92828
[LOG] SystemI::createSoundInternal             : exinfo->initialseekpostype = 1
[LOG] SystemI::DSPCodecPoolRegister            : register codec pool for pool type 4
[LOG] SystemI::createSoundInternal             : Sample 0/1: name='loc_walk_ammunition_01', format=5, channels=2, frequency=48000, lengthbytes=5600, lengthpcm=23001, pcmblocksize=0, loopstart=0, loopend=0, mode=0x00000000, channelmask=0x00000000, channelorder=0, peakvolume=0.550903.
[LOG] SystemI::createSoundInternal             : Create name='', mode=0x02000202
[LOG] SystemI::createSoundInternal             : exinfo->cbsize             = 224
[LOG] SystemI::createSoundInternal             : exinfo->length             = 1265920
[LOG] SystemI::createSoundInternal             : exinfo->fileoffset         = 137760
[LOG] SystemI::createSoundInternal             : exinfo->numsubsounds       = 1
[LOG] SystemI::createSoundInternal             : exinfo->inclusionlist      = 00000038351BEC28
[LOG] SystemI::createSoundInternal             : exinfo->inclusionlistnum   = 1
[LOG] SystemI::createSoundInternal             : exinfo->suggestedsoundtype = 5
[LOG] SystemI::createSoundInternal             : exinfo->useropen           = 00007FFE97FDDA70
[LOG] SystemI::createSoundInternal             : exinfo->userclose          = 00007FFE97FDDA30
[LOG] SystemI::createSoundInternal             : exinfo->userread           = 00007FFE97FDDB50
[LOG] SystemI::createSoundInternal             : exinfo->userseek           = 00007FFE97FDDC10
[LOG] SystemI::createSoundInternal             : exinfo->fileuserdata       = 000001ADD3E92828
[LOG] SystemI::createSoundInternal             : exinfo->initialseekpostype = 1
[LOG] SystemI::DSPCodecPoolRegister            : register codec pool for pool type 4
[LOG] SystemI::createSoundInternal             : Sample 0/1: name='Footsteps, Human, Slippers, Carpet, Wood, Walk, Distant SND128301 S01 2', format=5, channels=1, frequency=48000, lengthbytes=4128, lengthpcm=24609, pcmblocksize=0, loopstart=0, loopend=0, mode=0x00000000, channelmask=0x00000000, channelorder=0, peakvolume=0.026922.
[LOG] SystemI::createSoundInternal             : Create name='', mode=0x02000202
[LOG] SystemI::createSoundInternal             : exinfo->cbsize             = 224
[LOG] SystemI::createSoundInternal             : exinfo->length             = 1265920
[LOG] SystemI::createSoundInternal             : exinfo->fileoffset         = 137760
[LOG] SystemI::createSoundInternal             : exinfo->numsubsounds       = 1
[LOG] SystemI::createSoundInternal             : exinfo->inclusionlist      = 00000038351BEC28
[LOG] SystemI::createSoundInternal             : exinfo->inclusionlistnum   = 1
[LOG] SystemI::createSoundInternal             : exinfo->suggestedsoundtype = 5
[LOG] SystemI::createSoundInternal             : exinfo->useropen           = 00007FFE97FDDA70
[LOG] SystemI::createSoundInternal             : exinfo->userclose          = 00007FFE97FDDA30
[LOG] SystemI::createSoundInternal             : exinfo->userread           = 00007FFE97FDDB50
[LOG] SystemI::createSoundInternal             : exinfo->userseek           = 00007FFE97FDDC10
[LOG] SystemI::createSoundInternal             : exinfo->fileuserdata       = 000001ADD3E92828
[LOG] SystemI::createSoundInternal             : exinfo->initialseekpostype = 1
[LOG] SystemI::DSPCodecPoolRegister            : register codec pool for pool type 4
[LOG] SystemI::createSoundInternal             : Sample 0/1: name='Cloth, Movement, Cotton, Sprint, Distant Perspective SND129141 S15', format=5, channels=1, frequency=48000, lengthbytes=2624, lengthpcm=14427, pcmblocksize=0, loopstart=0, loopend=0, mode=0x00000000, channelmask=0x00000000, channelorder=0, peakvolume=0.074846.
[LOG] SystemI::createSoundInternal             : Create name='', mode=0x02000202
[LOG] SystemI::createSoundInternal             : exinfo->cbsize             = 224
[LOG] SystemI::createSoundInternal             : exinfo->length             = 1265920
[LOG] SystemI::createSoundInternal             : exinfo->fileoffset         = 137760
[LOG] SystemI::createSoundInternal             : exinfo->numsubsounds       = 1
[LOG] SystemI::createSoundInternal             : exinfo->inclusionlist      = 00000038351BEC28
[LOG] SystemI::createSoundInternal             : exinfo->inclusionlistnum   = 1
[LOG] SystemI::createSoundInternal             : exinfo->suggestedsoundtype = 5
[LOG] SystemI::createSoundInternal             : exinfo->useropen           = 00007FFE97FDDA70
[LOG] SystemI::createSoundInternal             : exinfo->userclose          = 00007FFE97FDDA30
[LOG] SystemI::createSoundInternal             : exinfo->userread           = 00007FFE97FDDB50
[LOG] SystemI::createSoundInternal             : exinfo->userseek           = 00007FFE97FDDC10
[LOG] SystemI::createSoundInternal             : exinfo->fileuserdata       = 000001ADD3E92828
[LOG] SystemI::createSoundInternal             : exinfo->initialseekpostype = 1
[LOG] SystemI::DSPCodecPoolRegister            : register codec pool for pool type 4
[LOG] SystemI::createSoundInternal             : Sample 0/1: name='loc_crouch_ammunition_5', format=5, channels=2, frequency=48000, lengthbytes=8128, lengthpcm=39134, pcmblocksize=0, loopstart=0, loopend=0, mode=0x00000000, channelmask=0x00000000, channelorder=0, peakvolume=0.413727.
[LOG] SystemI::createSoundInternal             : Create name='', mode=0x02000202
[LOG] SystemI::createSoundInternal             : exinfo->cbsize             = 224
[LOG] SystemI::createSoundInternal             : exinfo->length             = 1265920
[LOG] SystemI::createSoundInternal             : exinfo->fileoffset         = 137760
[LOG] SystemI::createSoundInternal             : exinfo->numsubsounds       = 1
[LOG] SystemI::createSoundInternal             : exinfo->inclusionlist      = 00000038351BEC28
[LOG] SystemI::createSoundInternal             : exinfo->inclusionlistnum   = 1
[LOG] SystemI::createSoundInternal             : exinfo->suggestedsoundtype = 5
[LOG] SystemI::createSoundInternal             : exinfo->useropen           = 00007FFE97FDDA70
[LOG] SystemI::createSoundInternal             : exinfo->userclose          = 00007FFE97FDDA30
[LOG] SystemI::createSoundInternal             : exinfo->userread           = 00007FFE97FDDB50
[LOG] SystemI::createSoundInternal             : exinfo->userseek           = 00007FFE97FDDC10
[LOG] SystemI::createSoundInternal             : exinfo->fileuserdata       = 000001ADD3E92828
[LOG] SystemI::createSoundInternal             : exinfo->initialseekpostype = 1
[LOG] SystemI::DSPCodecPoolRegister            : register codec pool for pool type 4
[LOG] SystemI::createSoundInternal             : Sample 0/1: name='Footsteps, Human, Slippers, Carpet, Wood, Walk, Distant SND128301 S06 2', format=5, channels=1, frequency=48000, lengthbytes=4544, lengthpcm=26415, pcmblocksize=0, loopstart=0, loopend=0, mode=0x00000000, channelmask=0x00000000, channelorder=0, peakvolume=0.059324.
[LOG] SystemI::createSoundInternal             : Create name='', mode=0x02000202
[LOG] SystemI::createSoundInternal             : exinfo->cbsize             = 224
[LOG] SystemI::createSoundInternal             : exinfo->length             = 1265920
[LOG] SystemI::createSoundInternal             : exinfo->fileoffset         = 137760
[LOG] SystemI::createSoundInternal             : exinfo->numsubsounds       = 1
[LOG] SystemI::createSoundInternal             : exinfo->inclusionlist      = 00000038351BEC28
[LOG] SystemI::createSoundInternal             : exinfo->inclusionlistnum   = 1
[LOG] SystemI::createSoundInternal             : exinfo->suggestedsoundtype = 5
[LOG] SystemI::createSoundInternal             : exinfo->useropen           = 00007FFE97FDDA70
[LOG] SystemI::createSoundInternal             : exinfo->userclose          = 00007FFE97FDDA30
[LOG] SystemI::createSoundInternal             : exinfo->userread           = 00007FFE97FDDB50
[LOG] SystemI::createSoundInternal             : exinfo->userseek           = 00007FFE97FDDC10
[LOG] SystemI::createSoundInternal             : exinfo->fileuserdata       = 000001ADD3E92828
[LOG] SystemI::createSoundInternal             : exinfo->initialseekpostype = 1
[LOG] SystemI::DSPCodecPoolRegister            : register codec pool for pool type 4
[LOG] SystemI::createSoundInternal             : Sample 0/1: name='Carpet_Run-001', format=5, channels=2, frequency=48000, lengthbytes=3712, lengthpcm=24000, pcmblocksize=0, loopstart=0, loopend=0, mode=0x00000000, channelmask=0x00000000, channelorder=0, peakvolume=0.389951.
[LOG] SystemI::createSoundInternal             : Create name='', mode=0x02000202
[LOG] SystemI::createSoundInternal             : exinfo->cbsize             = 224
[LOG] SystemI::createSoundInternal             : exinfo->length             = 1265920
[LOG] SystemI::createSoundInternal             : exinfo->fileoffset         = 137760
[LOG] SystemI::createSoundInternal             : exinfo->numsubsounds       = 1
[LOG] SystemI::createSoundInternal             : exinfo->inclusionlist      = 00000038351BEC28
[LOG] SystemI::createSoundInternal             : exinfo->inclusionlistnum   = 1
[LOG] SystemI::createSoundInternal             : exinfo->suggestedsoundtype = 5
[LOG] SystemI::createSoundInternal             : exinfo->useropen           = 00007FFE97FDDA70
[LOG] SystemI::createSoundInternal             : exinfo->userclose          = 00007FFE97FDDA30
[LOG] SystemI::createSoundInternal             : exinfo->userread           = 00007FFE97FDDB50
[LOG] SystemI::createSoundInternal             : exinfo->userseek           = 00007FFE97FDDC10
[LOG] SystemI::createSoundInternal             : exinfo->fileuserdata       = 000001ADD3E92828
[LOG] SystemI::createSoundInternal             : exinfo->initialseekpostype = 1
[LOG] SystemI::DSPCodecPoolRegister            : register codec pool for pool type 4
[LOG] SystemI::createSoundInternal             : Sample 0/1: name='linoleum_Run-006', format=5, channels=2, frequency=48000, lengthbytes=4800, lengthpcm=48000, pcmblocksize=0, loopstart=0, loopend=0, mode=0x00000000, channelmask=0x00000000, channelorder=0, peakvolume=0.328185.
[LOG] SystemI::createSoundInternal             : Create name='', mode=0x02000202
[LOG] SystemI::createSoundInternal             : exinfo->cbsize             = 224
[LOG] SystemI::createSoundInternal             : exinfo->length             = 1265920
[LOG] SystemI::createSoundInternal             : exinfo->fileoffset         = 137760
[LOG] SystemI::createSoundInternal             : exinfo->numsubsounds       = 1
[LOG] SystemI::createSoundInternal             : exinfo->inclusionlist      = 00000038351BEC28
[LOG] SystemI::createSoundInternal             : exinfo->inclusionlistnum   = 1
[LOG] SystemI::createSoundInternal             : exinfo->suggestedsoundtype = 5
[LOG] SystemI::createSoundInternal             : exinfo->useropen           = 00007FFE97FDDA70
[LOG] SystemI::createSoundInternal             : exinfo->userclose          = 00007FFE97FDDA30
[LOG] SystemI::createSoundInternal             : exinfo->userread           = 00007FFE97FDDB50
[LOG] SystemI::createSoundInternal             : exinfo->userseek           = 00007FFE97FDDC10
[LOG] SystemI::createSoundInternal             : exinfo->fileuserdata       = 000001ADD3E92828
[LOG] SystemI::createSoundInternal             : exinfo->initialseekpostype = 1
[LOG] SystemI::DSPCodecPoolRegister            : register codec pool for pool type 4
[LOG] SystemI::createSoundInternal             : Sample 0/1: name='loc_walk_ammunition_04', format=5, channels=2, frequency=48000, lengthbytes=6208, lengthpcm=26737, pcmblocksize=0, loopstart=0, loopend=0, mode=0x00000000, channelmask=0x00000000, channelorder=0, peakvolume=0.387512.
[LOG] SystemI::createSoundInternal             : Create name='', mode=0x02000202
[LOG] SystemI::createSoundInternal             : exinfo->cbsize             = 224
[LOG] SystemI::createSoundInternal             : exinfo->length             = 1265920
[LOG] SystemI::createSoundInternal             : exinfo->fileoffset         = 137760
[LOG] SystemI::createSoundInternal             : exinfo->numsubsounds       = 1
[LOG] SystemI::createSoundInternal             : exinfo->inclusionlist      = 00000038351BEC28
[LOG] SystemI::createSoundInternal             : exinfo->inclusionlistnum   = 1
[LOG] SystemI::createSoundInternal             : exinfo->suggestedsoundtype = 5
[LOG] SystemI::createSoundInternal             : exinfo->useropen           = 00007FFE97FDDA70
[LOG] SystemI::createSoundInternal             : exinfo->userclose          = 00007FFE97FDDA30
[LOG] SystemI::createSoundInternal             : exinfo->userread           = 00007FFE97FDDB50
[LOG] SystemI::createSoundInternal             : exinfo->userseek           = 00007FFE97FDDC10
[LOG] SystemI::createSoundInternal             : exinfo->fileuserdata       = 000001ADD3E92828
[LOG] SystemI::createSoundInternal             : exinfo->initialseekpostype = 1
[LOG] SystemI::DSPCodecPoolRegister            : register codec pool for pool type 4
[LOG] SystemI::createSoundInternal             : Sample 0/1: name='loc_run_ammunition_01', format=5, channels=2, frequency=48000, lengthbytes=8000, lengthpcm=34013, pcmblocksize=0, loopstart=0, loopend=0, mode=0x00000000, channelmask=0x00000000, channelorder=0, peakvolume=0.519928.
[LOG] SystemI::createSoundInternal             : Create name='', mode=0x02000202
[LOG] SystemI::createSoundInternal             : exinfo->cbsize             = 224
[LOG] SystemI::createSoundInternal             : exinfo->length             = 1265920
[LOG] SystemI::createSoundInternal             : exinfo->fileoffset         = 137760
[LOG] SystemI::createSoundInternal             : exinfo->numsubsounds       = 1
[LOG] SystemI::createSoundInternal             : exinfo->inclusionlist      = 00000038351BEC28
[LOG] SystemI::createSoundInternal             : exinfo->inclusionlistnum   = 1
[LOG] SystemI::createSoundInternal             : exinfo->suggestedsoundtype = 5
[LOG] SystemI::createSoundInternal             : exinfo->useropen           = 00007FFE97FDDA70
[LOG] SystemI::createSoundInternal             : exinfo->userclose          = 00007FFE97FDDA30
[LOG] SystemI::createSoundInternal             : exinfo->userread           = 00007FFE97FDDB50
[LOG] SystemI::createSoundInternal             : exinfo->userseek           = 00007FFE97FDDC10
[LOG] SystemI::createSoundInternal             : exinfo->fileuserdata       = 000001ADD3E92828
[LOG] SystemI::createSoundInternal             : exinfo->initialseekpostype = 1
[LOG] SystemI::DSPCodecPoolRegister            : register codec pool for pool type 4
[LOG] SystemI::createSoundInternal             : Sample 0/1: name='Cloth, Movement, Cotton, Walk, Distant Perspective SND129133 S00', format=5, channels=1, frequency=48000, lengthbytes=6848, lengthpcm=38674, pcmblocksize=0, loopstart=0, loopend=0, mode=0x00000000, channelmask=0x00000000, channelorder=0, peakvolume=0.105474.
[LOG] SystemI::createSoundInternal             : Create name='', mode=0x02000202
[LOG] SystemI::createSoundInternal             : exinfo->cbsize             = 224
[LOG] SystemI::createSoundInternal             : exinfo->length             = 1265920
[LOG] SystemI::createSoundInternal             : exinfo->fileoffset         = 137760
[LOG] SystemI::createSoundInternal             : exinfo->numsubsounds       = 1
[LOG] SystemI::createSoundInternal             : exinfo->inclusionlist      = 00000038351BEC28
[LOG] SystemI::createSoundInternal             : exinfo->inclusionlistnum   = 1
[LOG] SystemI::createSoundInternal             : exinfo->suggestedsoundtype = 5
[LOG] SystemI::createSoundInternal             : exinfo->useropen           = 00007FFE97FDDA70
[LOG] SystemI::createSoundInternal             : exinfo->userclose          = 00007FFE97FDDA30
[LOG] SystemI::createSoundInternal             : exinfo->userread           = 00007FFE97FDDB50
[LOG] SystemI::createSoundInternal             : exinfo->userseek           = 00007FFE97FDDC10
[LOG] SystemI::createSoundInternal             : exinfo->fileuserdata       = 000001ADD3E92828
[LOG] SystemI::createSoundInternal             : exinfo->initialseekpostype = 1
[LOG] SystemI::DSPCodecPoolRegister            : register codec pool for pool type 4
[LOG] SystemI::createSoundInternal             : Sample 0/1: name='Glass-005', format=5, channels=2, frequency=48000, lengthbytes=4608, lengthpcm=24000, pcmblocksize=0, loopstart=0, loopend=0, mode=0x00000000, channelmask=0x00000000, channelorder=0, peakvolume=0.384264.
[LOG] SystemI::createSoundInternal             : Create name='', mode=0x02000202
[LOG] SystemI::createSoundInternal             : exinfo->cbsize             = 224
[LOG] SystemI::createSoundInternal             : exinfo->length             = 1265920
[LOG] SystemI::createSoundInternal             : exinfo->fileoffset         = 137760
[LOG] SystemI::createSoundInternal             : exinfo->numsubsounds       = 1
[LOG] SystemI::createSoundInternal             : exinfo->inclusionlist      = 00000038351BEC28
[LOG] SystemI::createSoundInternal             : exinfo->inclusionlistnum   = 1
[LOG] SystemI::createSoundInternal             : exinfo->suggestedsoundtype = 5
[LOG] SystemI::createSoundInternal             : exinfo->useropen           = 00007FFE97FDDA70
[LOG] SystemI::createSoundInternal             : exinfo->userclose          = 00007FFE97FDDA30
[LOG] SystemI::createSoundInternal             : exinfo->userread           = 00007FFE97FDDB50
[LOG] SystemI::createSoundInternal             : exinfo->userseek           = 00007FFE97FDDC10
[LOG] SystemI::createSoundInternal             : exinfo->fileuserdata       = 000001ADD3E92828
[LOG] SystemI::createSoundInternal             : exinfo->initialseekpostype = 1
[LOG] SystemI::DSPCodecPoolRegister            : register codec pool for pool type 4
[LOG] SystemI::createSoundInternal             : Sample 0/1: name='Cloth, Movement, Cotton, Walk, Distant Perspective SND129133 S02', format=5, channels=1, frequency=48000, lengthbytes=4448, lengthpcm=24730, pcmblocksize=0, loopstart=0, loopend=0, mode=0x00000000, channelmask=0x00000000, channelorder=0, peakvolume=0.100715.
[LOG] SystemI::createSoundInternal             : Create name='', mode=0x02000202
[LOG] SystemI::createSoundInternal             : exinfo->cbsize             = 224
[LOG] SystemI::createSoundInternal             : exinfo->length             = 1265920
[LOG] SystemI::createSoundInternal             : exinfo->fileoffset         = 137760
[LOG] SystemI::createSoundInternal             : exinfo->numsubsounds       = 1
[LOG] SystemI::createSoundInternal             : exinfo->inclusionlist      = 00000038351BEC28
[LOG] SystemI::createSoundInternal             : exinfo->inclusionlistnum   = 1
[LOG] SystemI::createSoundInternal             : exinfo->suggestedsoundtype = 5
[LOG] SystemI::createSoundInternal             : exinfo->useropen           = 00007FFE97FDDA70
[LOG] SystemI::createSoundInternal             : exinfo->userclose          = 00007FFE97FDDA30
[LOG] SystemI::createSoundInternal             : exinfo->userread           = 00007FFE97FDDB50
[LOG] SystemI::createSoundInternal             : exinfo->userseek           = 00007FFE97FDDC10
[LOG] SystemI::createSoundInternal             : exinfo->fileuserdata       = 000001ADD3E92828
[LOG] SystemI::createSoundInternal             : exinfo->initialseekpostype = 1
[LOG] SystemI::DSPCodecPoolRegister            : register codec pool for pool type 4
[LOG] SystemI::createSoundInternal             : Sample 0/1: name='Footsteps, Human, Barefoot, Walk, Slow, on Glass SND147193 S06', format=5, channels=2, frequency=48000, lengthbytes=15104, lengthpcm=51175, pcmblocksize=0, loopstart=0, loopend=0, mode=0x00000000, channelmask=0x00000000, channelorder=0, peakvolume=0.424060.
[LOG] SystemI::createSoundInternal             : Create name='', mode=0x02000202
[LOG] SystemI::createSoundInternal             : exinfo->cbsize             = 224
[LOG] SystemI::createSoundInternal             : exinfo->length             = 1265920
[LOG] SystemI::createSoundInternal             : exinfo->fileoffset         = 137760
[LOG] SystemI::createSoundInternal             : exinfo->numsubsounds       = 1
[LOG] SystemI::createSoundInternal             : exinfo->inclusionlist      = 00000038351BEC28
[LOG] SystemI::createSoundInternal             : exinfo->inclusionlistnum   = 1
[LOG] SystemI::createSoundInternal             : exinfo->suggestedsoundtype = 5
[LOG] SystemI::createSoundInternal             : exinfo->useropen           = 00007FFE97FDDA70
[LOG] SystemI::createSoundInternal             : exinfo->userclose          = 00007FFE97FDDA30
[LOG] SystemI::createSoundInternal             : exinfo->userread           = 00007FFE97FDDB50
[LOG] SystemI::createSoundInternal             : exinfo->userseek           = 00007FFE97FDDC10
[LOG] SystemI::createSoundInternal             : exinfo->fileuserdata       = 000001ADD3E92828
[LOG] SystemI::createSoundInternal             : exinfo->initialseekpostype = 1
[LOG] SystemI::DSPCodecPoolRegister            : register codec pool for pool type 4
[LOG] SystemI::createSoundInternal             : Sample 0/1: name='Carpet_Run-004', format=5, channels=2, frequency=48000, lengthbytes=3520, lengthpcm=24000, pcmblocksize=0, loopstart=0, loopend=0, mode=0x00000000, channelmask=0x00000000, channelorder=0, peakvolume=0.131972.
[LOG] SystemI::createSoundInternal             : Create name='', mode=0x02000202
[LOG] SystemI::createSoundInternal             : exinfo->cbsize             = 224
[LOG] SystemI::createSoundInternal             : exinfo->length             = 1265920
[LOG] SystemI::createSoundInternal             : exinfo->fileoffset         = 137760
[LOG] SystemI::createSoundInternal             : exinfo->numsubsounds       = 1
[LOG] SystemI::createSoundInternal             : exinfo->inclusionlist      = 00000038351BEC28
[LOG] SystemI::createSoundInternal             : exinfo->inclusionlistnum   = 1
[LOG] SystemI::createSoundInternal             : exinfo->suggestedsoundtype = 5
[LOG] SystemI::createSoundInternal             : exinfo->useropen           = 00007FFE97FDDA70
[LOG] SystemI::createSoundInternal             : exinfo->userclose          = 00007FFE97FDDA30
[LOG] SystemI::createSoundInternal             : exinfo->userread           = 00007FFE97FDDB50
[LOG] SystemI::createSoundInternal             : exinfo->userseek           = 00007FFE97FDDC10
[LOG] SystemI::createSoundInternal             : exinfo->fileuserdata       = 000001ADD3E92828
[LOG] SystemI::createSoundInternal             : exinfo->initialseekpostype = 1
[LOG] SystemI::DSPCodecPoolRegister            : register codec pool for pool type 4
[LOG] SystemI::createSoundInternal             : Sample 0/1: name='Footsteps, Human, Linoleum, Sneaker, Slow SND1080 S13', format=5, channels=1, frequency=48000, lengthbytes=9216, lengthpcm=53621, pcmblocksize=0, loopstart=0, loopend=0, mode=0x00000000, channelmask=0x00000000, channelorder=0, peakvolume=0.059959.
[LOG] SystemI::createSoundInternal             : Create name='', mode=0x02000202
[LOG] SystemI::createSoundInternal             : exinfo->cbsize             = 224
[LOG] SystemI::createSoundInternal             : exinfo->length             = 1265920
[LOG] SystemI::createSoundInternal             : exinfo->fileoffset         = 137760
[LOG] SystemI::createSoundInternal             : exinfo->numsubsounds       = 1
[LOG] SystemI::createSoundInternal             : exinfo->inclusionlist      = 00000038351BEC28
[LOG] SystemI::createSoundInternal             : exinfo->inclusionlistnum   = 1
[LOG] SystemI::createSoundInternal             : exinfo->suggestedsoundtype = 5
[LOG] SystemI::createSoundInternal             : exinfo->useropen           = 00007FFE97FDDA70
[LOG] SystemI::createSoundInternal             : exinfo->userclose          = 00007FFE97FDDA30
[LOG] SystemI::createSoundInternal             : exinfo->userread           = 00007FFE97FDDB50
[LOG] SystemI::createSoundInternal             : exinfo->userseek           = 00007FFE97FDDC10
[LOG] SystemI::createSoundInternal             : exinfo->fileuserdata       = 000001ADD3E92828
[LOG] SystemI::createSoundInternal             : exinfo->initialseekpostype = 1
[LOG] SystemI::DSPCodecPoolRegister            : register codec pool for pool type 4
[LOG] SystemI::createSoundInternal             : Sample 0/1: name='loc_walk_ammunition_06', format=5, channels=2, frequency=48000, lengthbytes=5056, lengthpcm=23300, pcmblocksize=0, loopstart=0, loopend=0, mode=0x00000000, channelmask=0x00000000, channelorder=0, peakvolume=0.359039.
[LOG] SystemI::createSoundInternal             : Create name='', mode=0x02000202
[LOG] SystemI::createSoundInternal             : exinfo->cbsize             = 224
[LOG] SystemI::createSoundInternal             : exinfo->length             = 1265920
[LOG] SystemI::createSoundInternal             : exinfo->fileoffset         = 137760
[LOG] SystemI::createSoundInternal             : exinfo->numsubsounds       = 1
[LOG] SystemI::createSoundInternal             : exinfo->inclusionlist      = 00000038351BEC28
[LOG] SystemI::createSoundInternal             : exinfo->inclusionlistnum   = 1
[LOG] SystemI::createSoundInternal             : exinfo->suggestedsoundtype = 5
[LOG] SystemI::createSoundInternal             : exinfo->useropen           = 00007FFE97FDDA70
[LOG] SystemI::createSoundInternal             : exinfo->userclose          = 00007FFE97FDDA30
[LOG] SystemI::createSoundInternal             : exinfo->userread           = 00007FFE97FDDB50
[LOG] SystemI::createSoundInternal             : exinfo->userseek           = 00007FFE97FDDC10
[LOG] SystemI::createSoundInternal             : exinfo->fileuserdata       = 000001ADD3E92828
[LOG] SystemI::createSoundInternal             : exinfo->initialseekpostype = 1
[LOG] SystemI::DSPCodecPoolRegister            : register codec pool for pool type 4
[LOG] SystemI::createSoundInternal             : Sample 0/1: name='loc_crouch_ammunition_3', format=5, channels=2, frequency=48000, lengthbytes=13440, lengthpcm=65050, pcmblocksize=0, loopstart=0, loopend=0, mode=0x00000000, channelmask=0x00000000, channelorder=0, peakvolume=0.505890.
[LOG] SystemI::createSoundInternal             : Create name='', mode=0x02000202
[LOG] SystemI::createSoundInternal             : exinfo->cbsize             = 224
[LOG] SystemI::createSoundInternal             : exinfo->length             = 1265920
[LOG] SystemI::createSoundInternal             : exinfo->fileoffset         = 137760
[LOG] SystemI::createSoundInternal             : exinfo->numsubsounds       = 1
[LOG] SystemI::createSoundInternal             : exinfo->inclusionlist      = 00000038351BEC28
[LOG] SystemI::createSoundInternal             : exinfo->inclusionlistnum   = 1
[LOG] SystemI::createSoundInternal             : exinfo->suggestedsoundtype = 5
[LOG] SystemI::createSoundInternal             : exinfo->useropen           = 00007FFE97FDDA70
[LOG] SystemI::createSoundInternal             : exinfo->userclose          = 00007FFE97FDDA30
[LOG] SystemI::createSoundInternal             : exinfo->userread           = 00007FFE97FDDB50
[LOG] SystemI::createSoundInternal             : exinfo->userseek           = 00007FFE97FDDC10
[LOG] SystemI::createSoundInternal             : exinfo->fileuserdata       = 000001ADD3E92828
[LOG] SystemI::createSoundInternal             : exinfo->initialseekpostype = 1
[LOG] SystemI::DSPCodecPoolRegister            : register codec pool for pool type 4
[LOG] SystemI::createSoundInternal             : Sample 0/1: name='Wood_Walk-002', format=5, channels=2, frequency=48000, lengthbytes=3424, lengthpcm=24000, pcmblocksize=0, loopstart=0, loopend=0, mode=0x00000000, channelmask=0x00000000, channelorder=0, peakvolume=0.231789.
[LOG] SystemI::createSoundInternal             : Create name='', mode=0x02000202
[LOG] SystemI::createSoundInternal             : exinfo->cbsize             = 224
[LOG] SystemI::createSoundInternal             : exinfo->length             = 1265920
[LOG] SystemI::createSoundInternal             : exinfo->fileoffset         = 137760
[LOG] SystemI::createSoundInternal             : exinfo->numsubsounds       = 1
[LOG] SystemI::createSoundInternal             : exinfo->inclusionlist      = 00000038351BEC28
[LOG] SystemI::createSoundInternal             : exinfo->inclusionlistnum   = 1
[LOG] SystemI::createSoundInternal             : exinfo->suggestedsoundtype = 5
[LOG] SystemI::createSoundInternal             : exinfo->useropen           = 00007FFE97FDDA70
[LOG] SystemI::createSoundInternal             : exinfo->userclose          = 00007FFE97FDDA30
[LOG] SystemI::createSoundInternal             : exinfo->userread           = 00007FFE97FDDB50
[LOG] SystemI::createSoundInternal             : exinfo->userseek           = 00007FFE97FDDC10
[LOG] SystemI::createSoundInternal             : exinfo->fileuserdata       = 000001ADD3E92828
[LOG] SystemI::createSoundInternal             : exinfo->initialseekpostype = 1
[LOG] SystemI::DSPCodecPoolRegister            : register codec pool for pool type 4
[LOG] SystemI::createSoundInternal             : Sample 0/1: name='Footsteps, Human, Slippers, Wood, Hollow, Walk, Distant SND128428 S05', format=5, channels=1, frequency=48000, lengthbytes=4544, lengthpcm=26079, pcmblocksize=0, loopstart=0, loopend=0, mode=0x00000000, channelmask=0x00000000, channelorder=0, peakvolume=0.040845.
[LOG] SystemI::createSoundInternal             : Create name='', mode=0x02000202
[LOG] SystemI::createSoundInternal             : exinfo->cbsize             = 224
[LOG] SystemI::createSoundInternal             : exinfo->length             = 1265920
[LOG] SystemI::createSoundInternal             : exinfo->fileoffset         = 137760
[LOG] SystemI::createSoundInternal             : exinfo->numsubsounds       = 1
[LOG] SystemI::createSoundInternal             : exinfo->inclusionlist      = 00000038351BEC28
[LOG] SystemI::createSoundInternal             : exinfo->inclusionlistnum   = 1
[LOG] SystemI::createSoundInternal             : exinfo->suggestedsoundtype = 5
[LOG] SystemI::createSoundInternal             : exinfo->useropen           = 00007FFE97FDDA70
[LOG] SystemI::createSoundInternal             : exinfo->userclose          = 00007FFE97FDDA30
[LOG] SystemI::createSoundInternal             : exinfo->userread           = 00007FFE97FDDB50
[LOG] SystemI::createSoundInternal             : exinfo->userseek           = 00007FFE97FDDC10
[LOG] SystemI::createSoundInternal             : exinfo->fileuserdata       = 000001ADD3E92828
[LOG] SystemI::createSoundInternal             : exinfo->initialseekpostype = 1
[LOG] SystemI::DSPCodecPoolRegister            : register codec pool for pool type 4
[LOG] SystemI::createSoundInternal             : Sample 0/1: name='Carpet_Walk-005', format=5, channels=2, frequency=48000, lengthbytes=4864, lengthpcm=24000, pcmblocksize=0, loopstart=0, loopend=0, mode=0x00000000, channelmask=0x00000000, channelorder=0, peakvolume=0.084234.
[LOG] SystemI::createSoundInternal             : Create name='', mode=0x02000202
[LOG] SystemI::createSoundInternal             : exinfo->cbsize             = 224
[LOG] SystemI::createSoundInternal             : exinfo->length             = 1265920
[LOG] SystemI::createSoundInternal             : exinfo->fileoffset         = 137760
[LOG] SystemI::createSoundInternal             : exinfo->numsubsounds       = 1
[LOG] SystemI::createSoundInternal             : exinfo->inclusionlist      = 00000038351BEC28
[LOG] SystemI::createSoundInternal             : exinfo->inclusionlistnum   = 1
[LOG] SystemI::createSoundInternal             : exinfo->suggestedsoundtype = 5
[LOG] SystemI::createSoundInternal             : exinfo->useropen           = 00007FFE97FDDA70
[LOG] SystemI::createSoundInternal             : exinfo->userclose          = 00007FFE97FDDA30
[LOG] SystemI::createSoundInternal             : exinfo->userread           = 00007FFE97FDDB50
[LOG] SystemI::createSoundInternal             : exinfo->userseek           = 00007FFE97FDDC10
[LOG] SystemI::createSoundInternal             : exinfo->fileuserdata       = 000001ADD3E92828
[LOG] SystemI::createSoundInternal             : exinfo->initialseekpostype = 1
[LOG] SystemI::DSPCodecPoolRegister            : register codec pool for pool type 4
[LOG] SystemI::createSoundInternal             : Sample 0/1: name='Footsteps, Human, Sneakers, Concrete, Walk, Distant SND127941 S14', format=5, channels=1, frequency=48000, lengthbytes=4544, lengthpcm=27430, pcmblocksize=0, loopstart=0, loopend=0, mode=0x00000000, channelmask=0x00000000, channelorder=0, peakvolume=0.015306.
[LOG] SystemI::createSoundInternal             : Create name='', mode=0x02000202
[LOG] SystemI::createSoundInternal             : exinfo->cbsize             = 224
[LOG] SystemI::createSoundInternal             : exinfo->length             = 1265920
[LOG] SystemI::createSoundInternal             : exinfo->fileoffset         = 137760
[LOG] SystemI::createSoundInternal             : exinfo->numsubsounds       = 1
[LOG] SystemI::createSoundInternal             : exinfo->inclusionlist      = 00000038351BEC28
[LOG] SystemI::createSoundInternal             : exinfo->inclusionlistnum   = 1
[LOG] SystemI::createSoundInternal             : exinfo->suggestedsoundtype = 5
[LOG] SystemI::createSoundInternal             : exinfo->useropen           = 00007FFE97FDDA70
[LOG] SystemI::createSoundInternal             : exinfo->userclose          = 00007FFE97FDDA30
[LOG] SystemI::createSoundInternal             : exinfo->userread           = 00007FFE97FDDB50
[LOG] SystemI::createSoundInternal             : exinfo->userseek           = 00007FFE97FDDC10
[LOG] SystemI::createSoundInternal             : exinfo->fileuserdata       = 000001ADD3E92828
[LOG] SystemI::createSoundInternal             : exinfo->initialseekpostype = 1
[LOG] SystemI::DSPCodecPoolRegister            : register codec pool for pool type 4
[LOG] SystemI::createSoundInternal             : Sample 0/1: name='Wood_Walk-008', format=5, channels=2, frequency=48000, lengthbytes=2496, lengthpcm=24000, pcmblocksize=0, loopstart=0, loopend=0, mode=0x00000000, channelmask=0x00000000, channelorder=0, peakvolume=0.444783.
[LOG] SystemI::createSoundInternal             : Create name='', mode=0x02000202
[LOG] SystemI::createSoundInternal             : exinfo->cbsize             = 224
[LOG] SystemI::createSoundInternal             : exinfo->length             = 1265920
[LOG] SystemI::createSoundInternal             : exinfo->fileoffset         = 137760
[LOG] SystemI::createSoundInternal             : exinfo->numsubsounds       = 1
[LOG] SystemI::createSoundInternal             : exinfo->inclusionlist      = 00000038351BEC28
[LOG] SystemI::createSoundInternal             : exinfo->inclusionlistnum   = 1
[LOG] SystemI::createSoundInternal             : exinfo->suggestedsoundtype = 5
[LOG] SystemI::createSoundInternal             : exinfo->useropen           = 00007FFE97FDDA70
[LOG] SystemI::createSoundInternal             : exinfo->userclose          = 00007FFE97FDDA30
[LOG] SystemI::createSoundInternal             : exinfo->userread           = 00007FFE97FDDB50
[LOG] SystemI::createSoundInternal             : exinfo->userseek           = 00007FFE97FDDC10
[LOG] SystemI::createSoundInternal             : exinfo->fileuserdata       = 000001ADD3E92828
[LOG] SystemI::createSoundInternal             : exinfo->initialseekpostype = 1
[LOG] SystemI::DSPCodecPoolRegister            : register codec pool for pool type 4
[LOG] SystemI::createSoundInternal             : Sample 0/1: name='loc_crouch_ammunition_4', format=5, channels=2, frequency=48000, lengthbytes=8128, lengthpcm=35232, pcmblocksize=0, loopstart=0, loopend=0, mode=0x00000000, channelmask=0x00000000, channelorder=0, peakvolume=0.375549.
[LOG] SystemI::createSoundInternal             : Create name='', mode=0x02000202
[LOG] SystemI::createSoundInternal             : exinfo->cbsize             = 224
[LOG] SystemI::createSoundInternal             : exinfo->length             = 1265920
[LOG] SystemI::createSoundInternal             : exinfo->fileoffset         = 137760
[LOG] SystemI::createSoundInternal             : exinfo->numsubsounds       = 1
[LOG] SystemI::createSoundInternal             : exinfo->inclusionlist      = 00000038351BEC28
[LOG] SystemI::createSoundInternal             : exinfo->inclusionlistnum   = 1
[LOG] SystemI::createSoundInternal             : exinfo->suggestedsoundtype = 5
[LOG] SystemI::createSoundInternal             : exinfo->useropen           = 00007FFE97FDDA70
[LOG] SystemI::createSoundInternal             : exinfo->userclose          = 00007FFE97FDDA30
[LOG] SystemI::createSoundInternal             : exinfo->userread           = 00007FFE97FDDB50
[LOG] SystemI::createSoundInternal             : exinfo->userseek           = 00007FFE97FDDC10
[LOG] SystemI::createSoundInternal             : exinfo->fileuserdata       = 000001ADD3E92828
[LOG] SystemI::createSoundInternal             : exinfo->initialseekpostype = 1
[LOG] SystemI::DSPCodecPoolRegister            : register codec pool for pool type 4
[LOG] SystemI::createSoundInternal             : Sample 0/1: name='Carpet_Walk-004', format=5, channels=2, frequency=48000, lengthbytes=4928, lengthpcm=24000, pcmblocksize=0, loopstart=0, loopend=0, mode=0x00000000, channelmask=0x00000000, channelorder=0, peakvolume=0.066319.
[LOG] SystemI::createSoundInternal             : Create name='', mode=0x02000202
[LOG] SystemI::createSoundInternal             : exinfo->cbsize             = 224
[LOG] SystemI::createSoundInternal             : exinfo->length             = 1265920
[LOG] SystemI::createSoundInternal             : exinfo->fileoffset         = 137760
[LOG] SystemI::createSoundInternal             : exinfo->numsubsounds       = 1
[LOG] SystemI::createSoundInternal             : exinfo->inclusionlist      = 00000038351BEC28
[LOG] SystemI::createSoundInternal             : exinfo->inclusionlistnum   = 1
[LOG] SystemI::createSoundInternal             : exinfo->suggestedsoundtype = 5
[LOG] SystemI::createSoundInternal             : exinfo->useropen           = 00007FFE97FDDA70
[LOG] SystemI::createSoundInternal             : exinfo->userclose          = 00007FFE97FDDA30
[LOG] SystemI::createSoundInternal             : exinfo->userread           = 00007FFE97FDDB50
[LOG] SystemI::createSoundInternal             : exinfo->userseek           = 00007FFE97FDDC10
[LOG] SystemI::createSoundInternal             : exinfo->fileuserdata       = 000001ADD3E92828
[LOG] SystemI::createSoundInternal             : exinfo->initialseekpostype = 1
[LOG] SystemI::DSPCodecPoolRegister            : register codec pool for pool type 4
[LOG] SystemI::createSoundInternal             : Sample 0/1: name='Carpet_Run-002', format=5, channels=2, frequency=48000, lengthbytes=3552, lengthpcm=24000, pcmblocksize=0, loopstart=0, loopend=0, mode=0x00000000, channelmask=0x00000000, channelorder=0, peakvolume=0.095402.
[LOG] SystemI::createSoundInternal             : Create name='', mode=0x02000202
[LOG] SystemI::createSoundInternal             : exinfo->cbsize             = 224
[LOG] SystemI::createSoundInternal             : exinfo->length             = 1265920
[LOG] SystemI::createSoundInternal             : exinfo->fileoffset         = 137760
[LOG] SystemI::createSoundInternal             : exinfo->numsubsounds       = 1
[LOG] SystemI::createSoundInternal             : exinfo->inclusionlist      = 00000038351BEC28
[LOG] SystemI::createSoundInternal             : exinfo->inclusionlistnum   = 1
[LOG] SystemI::createSoundInternal             : exinfo->suggestedsoundtype = 5
[LOG] SystemI::createSoundInternal             : exinfo->useropen           = 00007FFE97FDDA70
[LOG] SystemI::createSoundInternal             : exinfo->userclose          = 00007FFE97FDDA30
[LOG] SystemI::createSoundInternal             : exinfo->userread           = 00007FFE97FDDB50
[LOG] SystemI::createSoundInternal             : exinfo->userseek           = 00007FFE97FDDC10
[LOG] SystemI::createSoundInternal             : exinfo->fileuserdata       = 000001ADD3E92828
[LOG] SystemI::createSoundInternal             : exinfo->initialseekpostype = 1
[LOG] SystemI::DSPCodecPoolRegister            : register codec pool for pool type 4
[LOG] SystemI::createSoundInternal             : Sample 0/1: name='Footsteps, Human, Sandals, Walk, Fast, on Glass SND147264 S04', format=5, channels=2, frequency=48000, lengthbytes=10592, lengthpcm=36181, pcmblocksize=0, loopstart=0, loopend=0, mode=0x00000000, channelmask=0x00000000, channelorder=0, peakvolume=0.263527.
[LOG] SystemI::createSoundInternal             : Create name='', mode=0x02000202
[LOG] SystemI::createSoundInternal             : exinfo->cbsize             = 224
[LOG] SystemI::createSoundInternal             : exinfo->length             = 1265920
[LOG] SystemI::createSoundInternal             : exinfo->fileoffset         = 137760
[LOG] SystemI::createSoundInternal             : exinfo->numsubsounds       = 1
[LOG] SystemI::createSoundInternal             : exinfo->inclusionlist      = 00000038351BEC28
[LOG] SystemI::createSoundInternal             : exinfo->inclusionlistnum   = 1
[LOG] SystemI::createSoundInternal             : exinfo->suggestedsoundtype = 5
[LOG] SystemI::createSoundInternal             : exinfo->useropen           = 00007FFE97FDDA70
[LOG] SystemI::createSoundInternal             : exinfo->userclose          = 00007FFE97FDDA30
[LOG] SystemI::createSoundInternal             : exinfo->userread           = 00007FFE97FDDB50
[LOG] SystemI::createSoundInternal             : exinfo->userseek           = 00007FFE97FDDC10
[LOG] SystemI::createSoundInternal             : exinfo->fileuserdata       = 000001ADD3E92828
[LOG] SystemI::createSoundInternal             : exinfo->initialseekpostype = 1
[LOG] SystemI::DSPCodecPoolRegister            : register codec pool for pool type 4
[LOG] SystemI::createSoundInternal             : Sample 0/1: name='Glass-002', format=5, channels=2, frequency=48000, lengthbytes=6144, lengthpcm=24000, pcmblocksize=0, loopstart=0, loopend=0, mode=0x00000000, channelmask=0x00000000, channelorder=0, peakvolume=0.396052.
[LOG] SystemI::createSoundInternal             : Create name='', mode=0x02000202
[LOG] SystemI::createSoundInternal             : exinfo->cbsize             = 224
[LOG] SystemI::createSoundInternal             : exinfo->length             = 1265920
[LOG] SystemI::createSoundInternal             : exinfo->fileoffset         = 137760
[LOG] SystemI::createSoundInternal             : exinfo->numsubsounds       = 1
[LOG] SystemI::createSoundInternal             : exinfo->inclusionlist      = 00000038351BEC28
[LOG] SystemI::createSoundInternal             : exinfo->inclusionlistnum   = 1
[LOG] SystemI::createSoundInternal             : exinfo->suggestedsoundtype = 5
[LOG] SystemI::createSoundInternal             : exinfo->useropen           = 00007FFE97FDDA70
[LOG] SystemI::createSoundInternal             : exinfo->userclose          = 00007FFE97FDDA30
[LOG] SystemI::createSoundInternal             : exinfo->userread           = 00007FFE97FDDB50
[LOG] SystemI::createSoundInternal             : exinfo->userseek           = 00007FFE97FDDC10
[LOG] SystemI::createSoundInternal             : exinfo->fileuserdata       = 000001ADD3E92828
[LOG] SystemI::createSoundInternal             : exinfo->initialseekpostype = 1
[LOG] SystemI::DSPCodecPoolRegister            : register codec pool for pool type 4
[LOG] SystemI::createSoundInternal             : Sample 0/1: name='Concrete_Run-006', format=5, channels=2, frequency=48000, lengthbytes=3168, lengthpcm=24000, pcmblocksize=0, loopstart=0, loopend=0, mode=0x00000000, channelmask=0x00000000, channelorder=0, peakvolume=0.583335.
[LOG] SystemI::createSoundInternal             : Create name='', mode=0x02000202
[LOG] SystemI::createSoundInternal             : exinfo->cbsize             = 224
[LOG] SystemI::createSoundInternal             : exinfo->length             = 1265920
[LOG] SystemI::createSoundInternal             : exinfo->fileoffset         = 137760
[LOG] SystemI::createSoundInternal             : exinfo->numsubsounds       = 1
[LOG] SystemI::createSoundInternal             : exinfo->inclusionlist      = 00000038351BEC28
[LOG] SystemI::createSoundInternal             : exinfo->inclusionlistnum   = 1
[LOG] SystemI::createSoundInternal             : exinfo->suggestedsoundtype = 5
[LOG] SystemI::createSoundInternal             : exinfo->useropen           = 00007FFE97FDDA70
[LOG] SystemI::createSoundInternal             : exinfo->userclose          = 00007FFE97FDDA30
[LOG] SystemI::createSoundInternal             : exinfo->userread           = 00007FFE97FDDB50
[LOG] SystemI::createSoundInternal             : exinfo->userseek           = 00007FFE97FDDC10
[LOG] SystemI::createSoundInternal             : exinfo->fileuserdata       = 000001ADD3E92828
[LOG] SystemI::createSoundInternal             : exinfo->initialseekpostype = 1
[LOG] SystemI::DSPCodecPoolRegister            : register codec pool for pool type 4
[LOG] SystemI::createSoundInternal             : Sample 0/1: name='loc_run_ammunition_05', format=5, channels=2, frequency=48000, lengthbytes=7776, lengthpcm=33272, pcmblocksize=0, loopstart=0, loopend=0, mode=0x00000000, channelmask=0x00000000, channelorder=0, peakvolume=0.440216.
[LOG] SystemI::createSoundInternal             : Create name='', mode=0x02000202
[LOG] SystemI::createSoundInternal             : exinfo->cbsize             = 224
[LOG] SystemI::createSoundInternal             : exinfo->length             = 1265920
[LOG] SystemI::createSoundInternal             : exinfo->fileoffset         = 137760
[LOG] SystemI::createSoundInternal             : exinfo->numsubsounds       = 1
[LOG] SystemI::createSoundInternal             : exinfo->inclusionlist      = 00000038351BEC28
[LOG] SystemI::createSoundInternal             : exinfo->inclusionlistnum   = 1
[LOG] SystemI::createSoundInternal             : exinfo->suggestedsoundtype = 5
[LOG] SystemI::createSoundInternal             : exinfo->useropen           = 00007FFE97FDDA70
[LOG] SystemI::createSoundInternal             : exinfo->userclose          = 00007FFE97FDDA30
[LOG] SystemI::createSoundInternal             : exinfo->userread           = 00007FFE97FDDB50
[LOG] SystemI::createSoundInternal             : exinfo->userseek           = 00007FFE97FDDC10
[LOG] SystemI::createSoundInternal             : exinfo->fileuserdata       = 000001ADD3E92828
[LOG] SystemI::createSoundInternal             : exinfo->initialseekpostype = 1
[LOG] SystemI::DSPCodecPoolRegister            : register codec pool for pool type 4
[LOG] SystemI::createSoundInternal             : Sample 0/1: name='loc_crouch_ammunition_1', format=5, channels=2, frequency=48000, lengthbytes=14080, lengthpcm=63477, pcmblocksize=0, loopstart=0, loopend=0, mode=0x00000000, channelmask=0x00000000, channelorder=0, peakvolume=0.624908.
[LOG] SystemI::createSoundInternal             : Create name='', mode=0x02000202
[LOG] SystemI::createSoundInternal             : exinfo->cbsize             = 224
[LOG] SystemI::createSoundInternal             : exinfo->length             = 1265920
[LOG] SystemI::createSoundInternal             : exinfo->fileoffset         = 137760
[LOG] SystemI::createSoundInternal             : exinfo->numsubsounds       = 1
[LOG] SystemI::createSoundInternal             : exinfo->inclusionlist      = 00000038351BEC28
[LOG] SystemI::createSoundInternal             : exinfo->inclusionlistnum   = 1
[LOG] SystemI::createSoundInternal             : exinfo->suggestedsoundtype = 5
[LOG] SystemI::createSoundInternal             : exinfo->useropen           = 00007FFE97FDDA70
[LOG] SystemI::createSoundInternal             : exinfo->userclose          = 00007FFE97FDDA30
[LOG] SystemI::createSoundInternal             : exinfo->userread           = 00007FFE97FDDB50
[LOG] SystemI::createSoundInternal             : exinfo->userseek           = 00007FFE97FDDC10
[LOG] SystemI::createSoundInternal             : exinfo->fileuserdata       = 000001ADD3E92828
[LOG] SystemI::createSoundInternal             : exinfo->initialseekpostype = 1
[LOG] SystemI::DSPCodecPoolRegister            : register codec pool for pool type 4
[LOG] SystemI::createSoundInternal             : Sample 0/1: name='Footsteps, Human, Sneakers, Concrete, Walk, Distant SND127941 S15', format=5, channels=1, frequency=48000, lengthbytes=4544, lengthpcm=26470, pcmblocksize=0, loopstart=0, loopend=0, mode=0x00000000, channelmask=0x00000000, channelorder=0, peakvolume=0.034334.
[LOG] SystemI::createSoundInternal             : Create name='', mode=0x02000202
[LOG] SystemI::createSoundInternal             : exinfo->cbsize             = 224
[LOG] SystemI::createSoundInternal             : exinfo->length             = 1265920
[LOG] SystemI::createSoundInternal             : exinfo->fileoffset         = 137760
[LOG] SystemI::createSoundInternal             : exinfo->numsubsounds       = 1
[LOG] SystemI::createSoundInternal             : exinfo->inclusionlist      = 00000038351BEC28
[LOG] SystemI::createSoundInternal             : exinfo->inclusionlistnum   = 1
[LOG] SystemI::createSoundInternal             : exinfo->suggestedsoundtype = 5
[LOG] SystemI::createSoundInternal             : exinfo->useropen           = 00007FFE97FDDA70
[LOG] SystemI::createSoundInternal             : exinfo->userclose          = 00007FFE97FDDA30
[LOG] SystemI::createSoundInternal             : exinfo->userread           = 00007FFE97FDDB50
[LOG] SystemI::createSoundInternal             : exinfo->userseek           = 00007FFE97FDDC10
[LOG] SystemI::createSoundInternal             : exinfo->fileuserdata       = 000001ADD3E92828
[LOG] SystemI::createSoundInternal             : exinfo->initialseekpostype = 1
[LOG] SystemI::DSPCodecPoolRegister            : register codec pool for pool type 4
[LOG] SystemI::createSoundInternal             : Sample 0/1: name='Footsteps, Human, Sneakers, Concrete, Walk, Distant SND127941 S10', format=5, channels=1, frequency=48000, lengthbytes=4640, lengthpcm=27590, pcmblocksize=0, loopstart=0, loopend=0, mode=0x00000000, channelmask=0x00000000, channelorder=0, peakvolume=0.014125.
[LOG] SystemI::createSoundInternal             : Create name='', mode=0x02000202
[LOG] SystemI::createSoundInternal             : exinfo->cbsize             = 224
[LOG] SystemI::createSoundInternal             : exinfo->length             = 1265920
[LOG] SystemI::createSoundInternal             : exinfo->fileoffset         = 137760
[LOG] SystemI::createSoundInternal             : exinfo->numsubsounds       = 1
[LOG] SystemI::createSoundInternal             : exinfo->inclusionlist      = 00000038351BEC28
[LOG] SystemI::createSoundInternal             : exinfo->inclusionlistnum   = 1
[LOG] SystemI::createSoundInternal             : exinfo->suggestedsoundtype = 5
[LOG] SystemI::createSoundInternal             : exinfo->useropen           = 00007FFE97FDDA70
[LOG] SystemI::createSoundInternal             : exinfo->userclose          = 00007FFE97FDDA30
[LOG] SystemI::createSoundInternal             : exinfo->userread           = 00007FFE97FDDB50
[LOG] SystemI::createSoundInternal             : exinfo->userseek           = 00007FFE97FDDC10
[LOG] SystemI::createSoundInternal             : exinfo->fileuserdata       = 000001ADD3E92828
[LOG] SystemI::createSoundInternal             : exinfo->initialseekpostype = 1
[LOG] SystemI::DSPCodecPoolRegister            : register codec pool for pool type 4
[LOG] SystemI::createSoundInternal             : Sample 0/1: name='loc_crouch_ammunition_2', format=5, channels=2, frequency=48000, lengthbytes=15328, lengthpcm=68723, pcmblocksize=0, loopstart=0, loopend=0, mode=0x00000000, channelmask=0x00000000, channelorder=0, peakvolume=0.627655.
[LOG] SystemI::createSoundInternal             : Create name='', mode=0x02000202
[LOG] SystemI::createSoundInternal             : exinfo->cbsize             = 224
[LOG] SystemI::createSoundInternal             : exinfo->length             = 1265920
[LOG] SystemI::createSoundInternal             : exinfo->fileoffset         = 137760
[LOG] SystemI::createSoundInternal             : exinfo->numsubsounds       = 1
[LOG] SystemI::createSoundInternal             : exinfo->inclusionlist      = 00000038351BEC28
[LOG] SystemI::createSoundInternal             : exinfo->inclusionlistnum   = 1
[LOG] SystemI::createSoundInternal             : exinfo->suggestedsoundtype = 5
[LOG] SystemI::createSoundInternal             : exinfo->useropen           = 00007FFE97FDDA70
[LOG] SystemI::createSoundInternal             : exinfo->userclose          = 00007FFE97FDDA30
[LOG] SystemI::createSoundInternal             : exinfo->userread           = 00007FFE97FDDB50
[LOG] SystemI::createSoundInternal             : exinfo->userseek           = 00007FFE97FDDC10
[LOG] SystemI::createSoundInternal             : exinfo->fileuserdata       = 000001ADD3E92828
[LOG] SystemI::createSoundInternal             : exinfo->initialseekpostype = 1
[LOG] SystemI::DSPCodecPoolRegister            : register codec pool for pool type 4
[LOG] SystemI::createSoundInternal             : Sample 0/1: name='loc_walk_ammunition_08', format=5, channels=2, frequency=48000, lengthbytes=4576, lengthpcm=21022, pcmblocksize=0, loopstart=0, loopend=0, mode=0x00000000, channelmask=0x00000000, channelorder=0, peakvolume=0.320374.
[LOG] SystemI::createSoundInternal             : Create name='', mode=0x02000202
[LOG] SystemI::createSoundInternal             : exinfo->cbsize             = 224
[LOG] SystemI::createSoundInternal             : exinfo->length             = 1265920
[LOG] SystemI::createSoundInternal             : exinfo->fileoffset         = 137760
[LOG] SystemI::createSoundInternal             : exinfo->numsubsounds       = 1
[LOG] SystemI::createSoundInternal             : exinfo->inclusionlist      = 00000038351BEC28
[LOG] SystemI::createSoundInternal             : exinfo->inclusionlistnum   = 1
[LOG] SystemI::createSoundInternal             : exinfo->suggestedsoundtype = 5
[LOG] SystemI::createSoundInternal             : exinfo->useropen           = 00007FFE97FDDA70
[LOG] SystemI::createSoundInternal             : exinfo->userclose          = 00007FFE97FDDA30
[LOG] SystemI::createSoundInternal             : exinfo->userread           = 00007FFE97FDDB50
[LOG] SystemI::createSoundInternal             : exinfo->userseek           = 00007FFE97FDDC10
[LOG] SystemI::createSoundInternal             : exinfo->fileuserdata       = 000001ADD3E92828
[LOG] SystemI::createSoundInternal             : exinfo->initialseekpostype = 1
[LOG] SystemI::DSPCodecPoolRegister            : register codec pool for pool type 4
[LOG] SystemI::createSoundInternal             : Sample 0/1: name='loc_run_ammunition_10', format=5, channels=2, frequency=48000, lengthbytes=8320, lengthpcm=31038, pcmblocksize=0, loopstart=0, loopend=0, mode=0x00000000, channelmask=0x00000000, channelorder=0, peakvolume=0.534546.
[LOG] SystemI::createSoundInternal             : Create name='', mode=0x02000202
[LOG] SystemI::createSoundInternal             : exinfo->cbsize             = 224
[LOG] SystemI::createSoundInternal             : exinfo->length             = 1265920
[LOG] SystemI::createSoundInternal             : exinfo->fileoffset         = 137760
[LOG] SystemI::createSoundInternal             : exinfo->numsubsounds       = 1
[LOG] SystemI::createSoundInternal             : exinfo->inclusionlist      = 00000038351BEC28
[LOG] SystemI::createSoundInternal             : exinfo->inclusionlistnum   = 1
[LOG] SystemI::createSoundInternal             : exinfo->suggestedsoundtype = 5
[LOG] SystemI::createSoundInternal             : exinfo->useropen           = 00007FFE97FDDA70
[LOG] SystemI::createSoundInternal             : exinfo->userclose          = 00007FFE97FDDA30
[LOG] SystemI::createSoundInternal             : exinfo->userread           = 00007FFE97FDDB50
[LOG] SystemI::createSoundInternal             : exinfo->userseek           = 00007FFE97FDDC10
[LOG] SystemI::createSoundInternal             : exinfo->fileuserdata       = 000001ADD3E92828
[LOG] SystemI::createSoundInternal             : exinfo->initialseekpostype = 1
[LOG] SystemI::DSPCodecPoolRegister            : register codec pool for pool type 4
[LOG] SystemI::createSoundInternal             : Sample 0/1: name='loc_run_ammunition_04', format=5, channels=2, frequency=48000, lengthbytes=8480, lengthpcm=36815, pcmblocksize=0, loopstart=0, loopend=0, mode=0x00000000, channelmask=0x00000000, channelorder=0, peakvolume=0.412445.
[LOG] SystemI::createSoundInternal             : Create name='', mode=0x02000202
[LOG] SystemI::createSoundInternal             : exinfo->cbsize             = 224
[LOG] SystemI::createSoundInternal             : exinfo->length             = 1265920
[LOG] SystemI::createSoundInternal             : exinfo->fileoffset         = 137760
[LOG] SystemI::createSoundInternal             : exinfo->numsubsounds       = 1
[LOG] SystemI::createSoundInternal             : exinfo->inclusionlist      = 00000038351BEC28
[LOG] SystemI::createSoundInternal             : exinfo->inclusionlistnum   = 1
[LOG] SystemI::createSoundInternal             : exinfo->suggestedsoundtype = 5
[LOG] SystemI::createSoundInternal             : exinfo->useropen           = 00007FFE97FDDA70
[LOG] SystemI::createSoundInternal             : exinfo->userclose          = 00007FFE97FDDA30
[LOG] SystemI::createSoundInternal             : exinfo->userread           = 00007FFE97FDDB50
[LOG] SystemI::createSoundInternal             : exinfo->userseek           = 00007FFE97FDDC10
[LOG] SystemI::createSoundInternal             : exinfo->fileuserdata       = 000001ADD3E92828
[LOG] SystemI::createSoundInternal             : exinfo->initialseekpostype = 1
[LOG] SystemI::DSPCodecPoolRegister            : register codec pool for pool type 4
[LOG] SystemI::createSoundInternal             : Sample 0/1: name='Wood_Walk-005', format=5, channels=2, frequency=48000, lengthbytes=3136, lengthpcm=24000, pcmblocksize=0, loopstart=0, loopend=0, mode=0x00000000, channelmask=0x00000000, channelorder=0, peakvolume=0.244900.
[LOG] SystemI::createSoundInternal             : Create name='', mode=0x02000202
[LOG] SystemI::createSoundInternal             : exinfo->cbsize             = 224
[LOG] SystemI::createSoundInternal             : exinfo->length             = 1265920
[LOG] SystemI::createSoundInternal             : exinfo->fileoffset         = 137760
[LOG] SystemI::createSoundInternal             : exinfo->numsubsounds       = 1
[LOG] SystemI::createSoundInternal             : exinfo->inclusionlist      = 00000038351BEC28
[LOG] SystemI::createSoundInternal             : exinfo->inclusionlistnum   = 1
[LOG] SystemI::createSoundInternal             : exinfo->suggestedsoundtype = 5
[LOG] SystemI::createSoundInternal             : exinfo->useropen           = 00007FFE97FDDA70
[LOG] SystemI::createSoundInternal             : exinfo->userclose          = 00007FFE97FDDA30
[LOG] SystemI::createSoundInternal             : exinfo->userread           = 00007FFE97FDDB50
[LOG] SystemI::createSoundInternal             : exinfo->userseek           = 00007FFE97FDDC10
[LOG] SystemI::createSoundInternal             : exinfo->fileuserdata       = 000001ADD3E92828
[LOG] SystemI::createSoundInternal             : exinfo->initialseekpostype = 1
[LOG] SystemI::DSPCodecPoolRegister            : register codec pool for pool type 4
[LOG] SystemI::createSoundInternal             : Sample 0/1: name='linoleum_Run-007', format=5, channels=2, frequency=48000, lengthbytes=4480, lengthpcm=48000, pcmblocksize=0, loopstart=0, loopend=0, mode=0x00000000, channelmask=0x00000000, channelorder=0, peakvolume=0.435628.
[LOG] SystemI::createSoundInternal             : Create name='', mode=0x02000202
[LOG] SystemI::createSoundInternal             : exinfo->cbsize             = 224
[LOG] SystemI::createSoundInternal             : exinfo->length             = 1265920
[LOG] SystemI::createSoundInternal             : exinfo->fileoffset         = 137760
[LOG] SystemI::createSoundInternal             : exinfo->numsubsounds       = 1
[LOG] SystemI::createSoundInternal             : exinfo->inclusionlist      = 00000038351BEC28
[LOG] SystemI::createSoundInternal             : exinfo->inclusionlistnum   = 1
[LOG] SystemI::createSoundInternal             : exinfo->suggestedsoundtype = 5
[LOG] SystemI::createSoundInternal             : exinfo->useropen           = 00007FFE97FDDA70
[LOG] SystemI::createSoundInternal             : exinfo->userclose          = 00007FFE97FDDA30
[LOG] SystemI::createSoundInternal             : exinfo->userread           = 00007FFE97FDDB50
[LOG] SystemI::createSoundInternal             : exinfo->userseek           = 00007FFE97FDDC10
[LOG] SystemI::createSoundInternal             : exinfo->fileuserdata       = 000001ADD3E92828
[LOG] SystemI::createSoundInternal             : exinfo->initialseekpostype = 1
[LOG] SystemI::DSPCodecPoolRegister            : register codec pool for pool type 4
[LOG] SystemI::createSoundInternal             : Sample 0/1: name='Wood_Walk-003', format=5, channels=2, frequency=48000, lengthbytes=3648, lengthpcm=24000, pcmblocksize=0, loopstart=0, loopend=0, mode=0x00000000, channelmask=0x00000000, channelorder=0, peakvolume=0.430925.
[LOG] SystemI::createSoundInternal             : Create name='', mode=0x02000202
[LOG] SystemI::createSoundInternal             : exinfo->cbsize             = 224
[LOG] SystemI::createSoundInternal             : exinfo->length             = 1265920
[LOG] SystemI::createSoundInternal             : exinfo->fileoffset         = 137760
[LOG] SystemI::createSoundInternal             : exinfo->numsubsounds       = 1
[LOG] SystemI::createSoundInternal             : exinfo->inclusionlist      = 00000038351BEC28
[LOG] SystemI::createSoundInternal             : exinfo->inclusionlistnum   = 1
[LOG] SystemI::createSoundInternal             : exinfo->suggestedsoundtype = 5
[LOG] SystemI::createSoundInternal             : exinfo->useropen           = 00007FFE97FDDA70
[LOG] SystemI::createSoundInternal             : exinfo->userclose          = 00007FFE97FDDA30
[LOG] SystemI::createSoundInternal             : exinfo->userread           = 00007FFE97FDDB50
[LOG] SystemI::createSoundInternal             : exinfo->userseek           = 00007FFE97FDDC10
[LOG] SystemI::createSoundInternal             : exinfo->fileuserdata       = 000001ADD3E92828
[LOG] SystemI::createSoundInternal             : exinfo->initialseekpostype = 1
[LOG] SystemI::DSPCodecPoolRegister            : register codec pool for pool type 4
[LOG] SystemI::createSoundInternal             : Sample 0/1: name='Footsteps, Human, Barefoot, Walk, Slow, on Glass SND147193 S02', format=5, channels=2, frequency=48000, lengthbytes=13824, lengthpcm=48850, pcmblocksize=0, loopstart=0, loopend=0, mode=0x00000000, channelmask=0x00000000, channelorder=0, peakvolume=0.459112.
[LOG] SystemI::createSoundInternal             : Create name='', mode=0x02000202
[LOG] SystemI::createSoundInternal             : exinfo->cbsize             = 224
[LOG] SystemI::createSoundInternal             : exinfo->length             = 1265920
[LOG] SystemI::createSoundInternal             : exinfo->fileoffset         = 137760
[LOG] SystemI::createSoundInternal             : exinfo->numsubsounds       = 1
[LOG] SystemI::createSoundInternal             : exinfo->inclusionlist      = 00000038351BEC28
[LOG] SystemI::createSoundInternal             : exinfo->inclusionlistnum   = 1
[LOG] SystemI::createSoundInternal             : exinfo->suggestedsoundtype = 5
[LOG] SystemI::createSoundInternal             : exinfo->useropen           = 00007FFE97FDDA70
[LOG] SystemI::createSoundInternal             : exinfo->userclose          = 00007FFE97FDDA30
[LOG] SystemI::createSoundInternal             : exinfo->userread           = 00007FFE97FDDB50
[LOG] SystemI::createSoundInternal             : exinfo->userseek           = 00007FFE97FDDC10
[LOG] SystemI::createSoundInternal             : exinfo->fileuserdata       = 000001ADD3E92828
[LOG] SystemI::createSoundInternal             : exinfo->initialseekpostype = 1
[LOG] SystemI::DSPCodecPoolRegister            : register codec pool for pool type 4
[LOG] SystemI::createSoundInternal             : Sample 0/1: name='Concrete_Run-004', format=5, channels=2, frequency=48000, lengthbytes=3040, lengthpcm=24000, pcmblocksize=0, loopstart=0, loopend=0, mode=0x00000000, channelmask=0x00000000, channelorder=0, peakvolume=0.689921.
[LOG] SystemI::createSoundInternal             : Create name='', mode=0x02000202
[LOG] SystemI::createSoundInternal             : exinfo->cbsize             = 224
[LOG] SystemI::createSoundInternal             : exinfo->length             = 1265920
[LOG] SystemI::createSoundInternal             : exinfo->fileoffset         = 137760
[LOG] SystemI::createSoundInternal             : exinfo->numsubsounds       = 1
[LOG] SystemI::createSoundInternal             : exinfo->inclusionlist      = 00000038351BEC28
[LOG] SystemI::createSoundInternal             : exinfo->inclusionlistnum   = 1
[LOG] SystemI::createSoundInternal             : exinfo->suggestedsoundtype = 5
[LOG] SystemI::createSoundInternal             : exinfo->useropen           = 00007FFE97FDDA70
[LOG] SystemI::createSoundInternal             : exinfo->userclose          = 00007FFE97FDDA30
[LOG] SystemI::createSoundInternal             : exinfo->userread           = 00007FFE97FDDB50
[LOG] SystemI::createSoundInternal             : exinfo->userseek           = 00007FFE97FDDC10
[LOG] SystemI::createSoundInternal             : exinfo->fileuserdata       = 000001ADD3E92828
[LOG] SystemI::createSoundInternal             : exinfo->initialseekpostype = 1
[LOG] SystemI::DSPCodecPoolRegister            : register codec pool for pool type 4
[LOG] SystemI::createSoundInternal             : Sample 0/1: name='Cloth, Movement, Cotton, Sprint, Distant Perspective SND129141 S11', format=5, channels=1, frequency=48000, lengthbytes=2816, lengthpcm=15823, pcmblocksize=0, loopstart=0, loopend=0, mode=0x00000000, channelmask=0x00000000, channelorder=0, peakvolume=0.109889.
[LOG] SystemI::createSoundInternal             : Create name='', mode=0x02000202
[LOG] SystemI::createSoundInternal             : exinfo->cbsize             = 224
[LOG] SystemI::createSoundInternal             : exinfo->length             = 1265920
[LOG] SystemI::createSoundInternal             : exinfo->fileoffset         = 137760
[LOG] SystemI::createSoundInternal             : exinfo->numsubsounds       = 1
[LOG] SystemI::createSoundInternal             : exinfo->inclusionlist      = 00000038351BEC28
[LOG] SystemI::createSoundInternal             : exinfo->inclusionlistnum   = 1
[LOG] SystemI::createSoundInternal             : exinfo->suggestedsoundtype = 5
[LOG] SystemI::createSoundInternal             : exinfo->useropen           = 00007FFE97FDDA70
[LOG] SystemI::createSoundInternal             : exinfo->userclose          = 00007FFE97FDDA30
[LOG] SystemI::createSoundInternal             : exinfo->userread           = 00007FFE97FDDB50
[LOG] SystemI::createSoundInternal             : exinfo->userseek           = 00007FFE97FDDC10
[LOG] SystemI::createSoundInternal             : exinfo->fileuserdata       = 000001ADD3E92828
[LOG] SystemI::createSoundInternal             : exinfo->initialseekpostype = 1
[LOG] SystemI::DSPCodecPoolRegister            : register codec pool for pool type 4
[LOG] SystemI::createSoundInternal             : Sample 0/1: name='Carpet_Walk-008', format=5, channels=2, frequency=48000, lengthbytes=4832, lengthpcm=24000, pcmblocksize=0, loopstart=0, loopend=0, mode=0x00000000, channelmask=0x00000000, channelorder=0, peakvolume=0.173453.
[LOG] SystemI::createSoundInternal             : Create name='', mode=0x02000202
[LOG] SystemI::createSoundInternal             : exinfo->cbsize             = 224
[LOG] SystemI::createSoundInternal             : exinfo->length             = 1265920
[LOG] SystemI::createSoundInternal             : exinfo->fileoffset         = 137760
[LOG] SystemI::createSoundInternal             : exinfo->numsubsounds       = 1
[LOG] SystemI::createSoundInternal             : exinfo->inclusionlist      = 00000038351BEC28
[LOG] SystemI::createSoundInternal             : exinfo->inclusionlistnum   = 1
[LOG] SystemI::createSoundInternal             : exinfo->suggestedsoundtype = 5
[LOG] SystemI::createSoundInternal             : exinfo->useropen           = 00007FFE97FDDA70
[LOG] SystemI::createSoundInternal             : exinfo->userclose          = 00007FFE97FDDA30
[LOG] SystemI::createSoundInternal             : exinfo->userread           = 00007FFE97FDDB50
[LOG] SystemI::createSoundInternal             : exinfo->userseek           = 00007FFE97FDDC10
[LOG] SystemI::createSoundInternal             : exinfo->fileuserdata       = 000001ADD3E92828
[LOG] SystemI::createSoundInternal             : exinfo->initialseekpostype = 1
[LOG] SystemI::DSPCodecPoolRegister            : register codec pool for pool type 4
[LOG] SystemI::createSoundInternal             : Sample 0/1: name='Carpet_Run-006', format=5, channels=2, frequency=48000, lengthbytes=3264, lengthpcm=24000, pcmblocksize=0, loopstart=0, loopend=0, mode=0x00000000, channelmask=0x00000000, channelorder=0, peakvolume=0.145761.
[LOG] SystemI::createSoundInternal             : Create name='', mode=0x02000202
[LOG] SystemI::createSoundInternal             : exinfo->cbsize             = 224
[LOG] SystemI::createSoundInternal             : exinfo->length             = 1265920
[LOG] SystemI::createSoundInternal             : exinfo->fileoffset         = 137760
[LOG] SystemI::createSoundInternal             : exinfo->numsubsounds       = 1
[LOG] SystemI::createSoundInternal             : exinfo->inclusionlist      = 00000038351BEC28
[LOG] SystemI::createSoundInternal             : exinfo->inclusionlistnum   = 1
[LOG] SystemI::createSoundInternal             : exinfo->suggestedsoundtype = 5
[LOG] SystemI::createSoundInternal             : exinfo->useropen           = 00007FFE97FDDA70
[LOG] SystemI::createSoundInternal             : exinfo->userclose          = 00007FFE97FDDA30
[LOG] SystemI::createSoundInternal             : exinfo->userread           = 00007FFE97FDDB50
[LOG] SystemI::createSoundInternal             : exinfo->userseek           = 00007FFE97FDDC10
[LOG] SystemI::createSoundInternal             : exinfo->fileuserdata       = 000001ADD3E92828
[LOG] SystemI::createSoundInternal             : exinfo->initialseekpostype = 1
[LOG] SystemI::DSPCodecPoolRegister            : register codec pool for pool type 4
[LOG] SystemI::createSoundInternal             : Sample 0/1: name='loc_walk_ammunition_09', format=5, channels=2, frequency=48000, lengthbytes=5376, lengthpcm=24989, pcmblocksize=0, loopstart=0, loopend=0, mode=0x00000000, channelmask=0x00000000, channelorder=0, peakvolume=0.339600.
[LOG] SystemI::createSoundInternal             : Create name='', mode=0x02000202
[LOG] SystemI::createSoundInternal             : exinfo->cbsize             = 224
[LOG] SystemI::createSoundInternal             : exinfo->length             = 1265920
[LOG] SystemI::createSoundInternal             : exinfo->fileoffset         = 137760
[LOG] SystemI::createSoundInternal             : exinfo->numsubsounds       = 1
[LOG] SystemI::createSoundInternal             : exinfo->inclusionlist      = 00000038351BEC28
[LOG] SystemI::createSoundInternal             : exinfo->inclusionlistnum   = 1
[LOG] SystemI::createSoundInternal             : exinfo->suggestedsoundtype = 5
[LOG] SystemI::createSoundInternal             : exinfo->useropen           = 00007FFE97FDDA70
[LOG] SystemI::createSoundInternal             : exinfo->userclose          = 00007FFE97FDDA30
[LOG] SystemI::createSoundInternal             : exinfo->userread           = 00007FFE97FDDB50
[LOG] SystemI::createSoundInternal             : exinfo->userseek           = 00007FFE97FDDC10
[LOG] SystemI::createSoundInternal             : exinfo->fileuserdata       = 000001ADD3E92828
[LOG] SystemI::createSoundInternal             : exinfo->initialseekpostype = 1
[LOG] SystemI::DSPCodecPoolRegister            : register codec pool for pool type 4
[LOG] SystemI::createSoundInternal             : Sample 0/1: name='Wood_Walk-004', format=5, channels=2, frequency=48000, lengthbytes=2976, lengthpcm=24000, pcmblocksize=0, loopstart=0, loopend=0, mode=0x00000000, channelmask=0x00000000, channelorder=0, peakvolume=0.275403.
[LOG] SystemI::createSoundInternal             : Create name='', mode=0x02000202
[LOG] SystemI::createSoundInternal             : exinfo->cbsize             = 224
[LOG] SystemI::createSoundInternal             : exinfo->length             = 1265920
[LOG] SystemI::createSoundInternal             : exinfo->fileoffset         = 137760
[LOG] SystemI::createSoundInternal             : exinfo->numsubsounds       = 1
[LOG] SystemI::createSoundInternal             : exinfo->inclusionlist      = 00000038351BEC28
[LOG] SystemI::createSoundInternal             : exinfo->inclusionlistnum   = 1
[LOG] SystemI::createSoundInternal             : exinfo->suggestedsoundtype = 5
[LOG] SystemI::createSoundInternal             : exinfo->useropen           = 00007FFE97FDDA70
[LOG] SystemI::createSoundInternal             : exinfo->userclose          = 00007FFE97FDDA30
[LOG] SystemI::createSoundInternal             : exinfo->userread           = 00007FFE97FDDB50
[LOG] SystemI::createSoundInternal             : exinfo->userseek           = 00007FFE97FDDC10
[LOG] SystemI::createSoundInternal             : exinfo->fileuserdata       = 000001ADD3E92828
[LOG] SystemI::createSoundInternal             : exinfo->initialseekpostype = 1
[LOG] SystemI::DSPCodecPoolRegister            : register codec pool for pool type 4
[LOG] SystemI::createSoundInternal             : Sample 0/1: name='loc_run_ammunition_02', format=5, channels=2, frequency=48000, lengthbytes=7168, lengthpcm=29662, pcmblocksize=0, loopstart=0, loopend=0, mode=0x00000000, channelmask=0x00000000, channelorder=0, peakvolume=0.471985.
[LOG] SystemI::createSoundInternal             : Create name='', mode=0x02000202
[LOG] SystemI::createSoundInternal             : exinfo->cbsize             = 224
[LOG] SystemI::createSoundInternal             : exinfo->length             = 1265920
[LOG] SystemI::createSoundInternal             : exinfo->fileoffset         = 137760
[LOG] SystemI::createSoundInternal             : exinfo->numsubsounds       = 1
[LOG] SystemI::createSoundInternal             : exinfo->inclusionlist      = 00000038351BEC28
[LOG] SystemI::createSoundInternal             : exinfo->inclusionlistnum   = 1
[LOG] SystemI::createSoundInternal             : exinfo->suggestedsoundtype = 5
[LOG] SystemI::createSoundInternal             : exinfo->useropen           = 00007FFE97FDDA70
[LOG] SystemI::createSoundInternal             : exinfo->userclose          = 00007FFE97FDDA30
[LOG] SystemI::createSoundInternal             : exinfo->userread           = 00007FFE97FDDB50
[LOG] SystemI::createSoundInternal             : exinfo->userseek           = 00007FFE97FDDC10
[LOG] SystemI::createSoundInternal             : exinfo->fileuserdata       = 000001ADD3E92828
[LOG] SystemI::createSoundInternal             : exinfo->initialseekpostype = 1
[LOG] SystemI::DSPCodecPoolRegister            : register codec pool for pool type 4
[LOG] SystemI::createSoundInternal             : Sample 0/1: name='Footsteps, Human, Linoleum, Sneaker, Slow SND1080 S10', format=5, channels=1, frequency=48000, lengthbytes=9216, lengthpcm=52014, pcmblocksize=0, loopstart=0, loopend=0, mode=0x00000000, channelmask=0x00000000, channelorder=0, peakvolume=0.088886.
[LOG] SystemI::createSoundInternal             : Create name='', mode=0x02000202
[LOG] SystemI::createSoundInternal             : exinfo->cbsize             = 224
[LOG] SystemI::createSoundInternal             : exinfo->length             = 1265920
[LOG] SystemI::createSoundInternal             : exinfo->fileoffset         = 137760
[LOG] SystemI::createSoundInternal             : exinfo->numsubsounds       = 1
[LOG] SystemI::createSoundInternal             : exinfo->inclusionlist      = 00000038351BEC28
[LOG] SystemI::createSoundInternal             : exinfo->inclusionlistnum   = 1
[LOG] SystemI::createSoundInternal             : exinfo->suggestedsoundtype = 5
[LOG] SystemI::createSoundInternal             : exinfo->useropen           = 00007FFE97FDDA70
[LOG] SystemI::createSoundInternal             : exinfo->userclose          = 00007FFE97FDDA30
[LOG] SystemI::createSoundInternal             : exinfo->userread           = 00007FFE97FDDB50
[LOG] SystemI::createSoundInternal             : exinfo->userseek           = 00007FFE97FDDC10
[LOG] SystemI::createSoundInternal             : exinfo->fileuserdata       = 000001ADD3E92828
[LOG] SystemI::createSoundInternal             : exinfo->initialseekpostype = 1
[LOG] SystemI::DSPCodecPoolRegister            : register codec pool for pool type 4
[LOG] SystemI::createSoundInternal             : Sample 0/1: name='linoleum_Run-008', format=5, channels=2, frequency=48000, lengthbytes=4000, lengthpcm=48000, pcmblocksize=0, loopstart=0, loopend=0, mode=0x00000000, channelmask=0x00000000, channelorder=0, peakvolume=0.299238.
[LOG] SystemI::createSoundInternal             : Create name='', mode=0x02000202
[LOG] SystemI::createSoundInternal             : exinfo->cbsize             = 224
[LOG] SystemI::createSoundInternal             : exinfo->length             = 1265920
[LOG] SystemI::createSoundInternal             : exinfo->fileoffset         = 137760
[LOG] SystemI::createSoundInternal             : exinfo->numsubsounds       = 1
[LOG] SystemI::createSoundInternal             : exinfo->inclusionlist      = 00000038351BEC28
[LOG] SystemI::createSoundInternal             : exinfo->inclusionlistnum   = 1
[LOG] SystemI::createSoundInternal             : exinfo->suggestedsoundtype = 5
[LOG] SystemI::createSoundInternal             : exinfo->useropen           = 00007FFE97FDDA70
[LOG] SystemI::createSoundInternal             : exinfo->userclose          = 00007FFE97FDDA30
[LOG] SystemI::createSoundInternal             : exinfo->userread           = 00007FFE97FDDB50
[LOG] SystemI::createSoundInternal             : exinfo->userseek           = 00007FFE97FDDC10
[LOG] SystemI::createSoundInternal             : exinfo->fileuserdata       = 000001ADD3E92828
[LOG] SystemI::createSoundInternal             : exinfo->initialseekpostype = 1
[LOG] SystemI::DSPCodecPoolRegister            : register codec pool for pool type 4
[LOG] SystemI::createSoundInternal             : Sample 0/1: name='Cloth, Movement, Cotton, Sprint, Distant Perspective SND129141 S13', format=5, channels=1, frequency=48000, lengthbytes=2816, lengthpcm=15804, pcmblocksize=0, loopstart=0, loopend=0, mode=0x00000000, channelmask=0x00000000, channelorder=0, peakvolume=0.070127.
[LOG] SystemI::createSoundInternal             : Create name='', mode=0x02000202
[LOG] SystemI::createSoundInternal             : exinfo->cbsize             = 224
[LOG] SystemI::createSoundInternal             : exinfo->length             = 1265920
[LOG] SystemI::createSoundInternal             : exinfo->fileoffset         = 137760
[LOG] SystemI::createSoundInternal             : exinfo->numsubsounds       = 1
[LOG] SystemI::createSoundInternal             : exinfo->inclusionlist      = 00000038351BEC28
[LOG] SystemI::createSoundInternal             : exinfo->inclusionlistnum   = 1
[LOG] SystemI::createSoundInternal             : exinfo->suggestedsoundtype = 5
[LOG] SystemI::createSoundInternal             : exinfo->useropen           = 00007FFE97FDDA70
[LOG] SystemI::createSoundInternal             : exinfo->userclose          = 00007FFE97FDDA30
[LOG] SystemI::createSoundInternal             : exinfo->userread           = 00007FFE97FDDB50
[LOG] SystemI::createSoundInternal             : exinfo->userseek           = 00007FFE97FDDC10
[LOG] SystemI::createSoundInternal             : exinfo->fileuserdata       = 000001ADD3E92828
[LOG] SystemI::createSoundInternal             : exinfo->initialseekpostype = 1
[LOG] SystemI::DSPCodecPoolRegister            : register codec pool for pool type 4
[LOG] SystemI::createSoundInternal             : Sample 0/1: name='Footsteps, Human, Slippers, Carpet, Wood, Walk, Distant SND128301 S04 2', format=5, channels=1, frequency=48000, lengthbytes=4544, lengthpcm=26980, pcmblocksize=0, loopstart=0, loopend=0, mode=0x00000000, channelmask=0x00000000, channelorder=0, peakvolume=0.021181.
[LOG] SystemI::createSoundInternal             : Create name='', mode=0x02000202
[LOG] SystemI::createSoundInternal             : exinfo->cbsize             = 224
[LOG] SystemI::createSoundInternal             : exinfo->length             = 1265920
[LOG] SystemI::createSoundInternal             : exinfo->fileoffset         = 137760
[LOG] SystemI::createSoundInternal             : exinfo->numsubsounds       = 1
[LOG] SystemI::createSoundInternal             : exinfo->inclusionlist      = 00000038351BEC28
[LOG] SystemI::createSoundInternal             : exinfo->inclusionlistnum   = 1
[LOG] SystemI::createSoundInternal             : exinfo->suggestedsoundtype = 5
[LOG] SystemI::createSoundInternal             : exinfo->useropen           = 00007FFE97FDDA70
[LOG] SystemI::createSoundInternal             : exinfo->userclose          = 00007FFE97FDDA30
[LOG] SystemI::createSoundInternal             : exinfo->userread           = 00007FFE97FDDB50
[LOG] SystemI::createSoundInternal             : exinfo->userseek           = 00007FFE97FDDC10
[LOG] SystemI::createSoundInternal             : exinfo->fileuserdata       = 000001ADD3E92828
[LOG] SystemI::createSoundInternal             : exinfo->initialseekpostype = 1
[LOG] SystemI::DSPCodecPoolRegister            : register codec pool for pool type 4
[LOG] SystemI::createSoundInternal             : Sample 0/1: name='Footsteps, Human, Sneakers, Concrete, Walk, Distant SND127941 S09', format=5, channels=1, frequency=48000, lengthbytes=4896, lengthpcm=27830, pcmblocksize=0, loopstart=0, loopend=0, mode=0x00000000, channelmask=0x00000000, channelorder=0, peakvolume=0.013815.
[LOG] SystemI::createSoundInternal             : Create name='', mode=0x02000202
[LOG] SystemI::createSoundInternal             : exinfo->cbsize             = 224
[LOG] SystemI::createSoundInternal             : exinfo->length             = 1265920
[LOG] SystemI::createSoundInternal             : exinfo->fileoffset         = 137760
[LOG] SystemI::createSoundInternal             : exinfo->numsubsounds       = 1
[LOG] SystemI::createSoundInternal             : exinfo->inclusionlist      = 00000038351BEC28
[LOG] SystemI::createSoundInternal             : exinfo->inclusionlistnum   = 1
[LOG] SystemI::createSoundInternal             : exinfo->suggestedsoundtype = 5
[LOG] SystemI::createSoundInternal             : exinfo->useropen           = 00007FFE97FDDA70
[LOG] SystemI::createSoundInternal             : exinfo->userclose          = 00007FFE97FDDA30
[LOG] SystemI::createSoundInternal             : exinfo->userread           = 00007FFE97FDDB50
[LOG] SystemI::createSoundInternal             : exinfo->userseek           = 00007FFE97FDDC10
[LOG] SystemI::createSoundInternal             : exinfo->fileuserdata       = 000001ADD3E92828
[LOG] SystemI::createSoundInternal             : exinfo->initialseekpostype = 1
[LOG] SystemI::DSPCodecPoolRegister            : register codec pool for pool type 4
[LOG] SystemI::createSoundInternal             : Sample 0/1: name='Concrete_Run-005', format=5, channels=2, frequency=48000, lengthbytes=2880, lengthpcm=24000, pcmblocksize=0, loopstart=0, loopend=0, mode=0x00000000, channelmask=0x00000000, channelorder=0, peakvolume=0.523001.
[LOG] SystemI::createSoundInternal             : Create name='', mode=0x02000202
[LOG] SystemI::createSoundInternal             : exinfo->cbsize             = 224
[LOG] SystemI::createSoundInternal             : exinfo->length             = 1265920
[LOG] SystemI::createSoundInternal             : exinfo->fileoffset         = 137760
[LOG] SystemI::createSoundInternal             : exinfo->numsubsounds       = 1
[LOG] SystemI::createSoundInternal             : exinfo->inclusionlist      = 00000038351BEC28
[LOG] SystemI::createSoundInternal             : exinfo->inclusionlistnum   = 1
[LOG] SystemI::createSoundInternal             : exinfo->suggestedsoundtype = 5
[LOG] SystemI::createSoundInternal             : exinfo->useropen           = 00007FFE97FDDA70
[LOG] SystemI::createSoundInternal             : exinfo->userclose          = 00007FFE97FDDA30
[LOG] SystemI::createSoundInternal             : exinfo->userread           = 00007FFE97FDDB50
[LOG] SystemI::createSoundInternal             : exinfo->userseek           = 00007FFE97FDDC10
[LOG] SystemI::createSoundInternal             : exinfo->fileuserdata       = 000001ADD3E92828
[LOG] SystemI::createSoundInternal             : exinfo->initialseekpostype = 1
[LOG] SystemI::DSPCodecPoolRegister            : register codec pool for pool type 4
[LOG] SystemI::createSoundInternal             : Sample 0/1: name='Cloth, Movement, Cotton, Walk, Distant Perspective SND129133 S03', format=5, channels=1, frequency=48000, lengthbytes=5312, lengthpcm=30042, pcmblocksize=0, loopstart=0, loopend=0, mode=0x00000000, channelmask=0x00000000, channelorder=0, peakvolume=0.117574.
[LOG] SystemI::createSoundInternal             : Create name='', mode=0x02000202
[LOG] SystemI::createSoundInternal             : exinfo->cbsize             = 224
[LOG] SystemI::createSoundInternal             : exinfo->length             = 1265920
[LOG] SystemI::createSoundInternal             : exinfo->fileoffset         = 137760
[LOG] SystemI::createSoundInternal             : exinfo->numsubsounds       = 1
[LOG] SystemI::createSoundInternal             : exinfo->inclusionlist      = 00000038351BEC28
[LOG] SystemI::createSoundInternal             : exinfo->inclusionlistnum   = 1
[LOG] SystemI::createSoundInternal             : exinfo->suggestedsoundtype = 5
[LOG] SystemI::createSoundInternal             : exinfo->useropen           = 00007FFE97FDDA70
[LOG] SystemI::createSoundInternal             : exinfo->userclose          = 00007FFE97FDDA30
[LOG] SystemI::createSoundInternal             : exinfo->userread           = 00007FFE97FDDB50
[LOG] SystemI::createSoundInternal             : exinfo->userseek           = 00007FFE97FDDC10
[LOG] SystemI::createSoundInternal             : exinfo->fileuserdata       = 000001ADD3E92828
[LOG] SystemI::createSoundInternal             : exinfo->initialseekpostype = 1
[LOG] SystemI::DSPCodecPoolRegister            : register codec pool for pool type 4
[LOG] SystemI::createSoundInternal             : Sample 0/1: name='Carpet_Run-008', format=5, channels=2, frequency=48000, lengthbytes=3264, lengthpcm=24000, pcmblocksize=0, loopstart=0, loopend=0, mode=0x00000000, channelmask=0x00000000, channelorder=0, peakvolume=0.193049.
[LOG] SystemI::createSoundInternal             : Create name='', mode=0x02000202
[LOG] SystemI::createSoundInternal             : exinfo->cbsize             = 224
[LOG] SystemI::createSoundInternal             : exinfo->length             = 1265920
[LOG] SystemI::createSoundInternal             : exinfo->fileoffset         = 137760
[LOG] SystemI::createSoundInternal             : exinfo->numsubsounds       = 1
[LOG] SystemI::createSoundInternal             : exinfo->inclusionlist      = 00000038351BEC28
[LOG] SystemI::createSoundInternal             : exinfo->inclusionlistnum   = 1
[LOG] SystemI::createSoundInternal             : exinfo->suggestedsoundtype = 5
[LOG] SystemI::createSoundInternal             : exinfo->useropen           = 00007FFE97FDDA70
[LOG] SystemI::createSoundInternal             : exinfo->userclose          = 00007FFE97FDDA30
[LOG] SystemI::createSoundInternal             : exinfo->userread           = 00007FFE97FDDB50
[LOG] SystemI::createSoundInternal             : exinfo->userseek           = 00007FFE97FDDC10
[LOG] SystemI::createSoundInternal             : exinfo->fileuserdata       = 000001ADD3E92828
[LOG] SystemI::createSoundInternal             : exinfo->initialseekpostype = 1
[LOG] SystemI::DSPCodecPoolRegister            : register codec pool for pool type 4
[LOG] SystemI::createSoundInternal             : Sample 0/1: name='loc_run_ammunition_09', format=5, channels=2, frequency=48000, lengthbytes=5536, lengthpcm=23460, pcmblocksize=0, loopstart=0, loopend=0, mode=0x00000000, channelmask=0x00000000, channelorder=0, peakvolume=0.443481.
[LOG] SystemI::createSoundInternal             : Create name='', mode=0x02000202
[LOG] SystemI::createSoundInternal             : exinfo->cbsize             = 224
[LOG] SystemI::createSoundInternal             : exinfo->length             = 1265920
[LOG] SystemI::createSoundInternal             : exinfo->fileoffset         = 137760
[LOG] SystemI::createSoundInternal             : exinfo->numsubsounds       = 1
[LOG] SystemI::createSoundInternal             : exinfo->inclusionlist      = 00000038351BEC28
[LOG] SystemI::createSoundInternal             : exinfo->inclusionlistnum   = 1
[LOG] SystemI::createSoundInternal             : exinfo->suggestedsoundtype = 5
[LOG] SystemI::createSoundInternal             : exinfo->useropen           = 00007FFE97FDDA70
[LOG] SystemI::createSoundInternal             : exinfo->userclose          = 00007FFE97FDDA30
[LOG] SystemI::createSoundInternal             : exinfo->userread           = 00007FFE97FDDB50
[LOG] SystemI::createSoundInternal             : exinfo->userseek           = 00007FFE97FDDC10
[LOG] SystemI::createSoundInternal             : exinfo->fileuserdata       = 000001ADD3E92828
[LOG] SystemI::createSoundInternal             : exinfo->initialseekpostype = 1
[LOG] SystemI::DSPCodecPoolRegister            : register codec pool for pool type 4
[LOG] SystemI::createSoundInternal             : Sample 0/1: name='Footsteps, Human, Sandals, Walk, Fast, on Glass SND147264 S09', format=5, channels=2, frequency=48000, lengthbytes=10560, lengthpcm=30879, pcmblocksize=0, loopstart=0, loopend=0, mode=0x00000000, channelmask=0x00000000, channelorder=0, peakvolume=0.298791.
[LOG] SystemI::createSoundInternal             : Create name='', mode=0x02000202
[LOG] SystemI::createSoundInternal             : exinfo->cbsize             = 224
[LOG] SystemI::createSoundInternal             : exinfo->length             = 1265920
[LOG] SystemI::createSoundInternal             : exinfo->fileoffset         = 137760
[LOG] SystemI::createSoundInternal             : exinfo->numsubsounds       = 1
[LOG] SystemI::createSoundInternal             : exinfo->inclusionlist      = 00000038351BEC28
[LOG] SystemI::createSoundInternal             : exinfo->inclusionlistnum   = 1
[LOG] SystemI::createSoundInternal             : exinfo->suggestedsoundtype = 5
[LOG] SystemI::createSoundInternal             : exinfo->useropen           = 00007FFE97FDDA70
[LOG] SystemI::createSoundInternal             : exinfo->userclose          = 00007FFE97FDDA30
[LOG] SystemI::createSoundInternal             : exinfo->userread           = 00007FFE97FDDB50
[LOG] SystemI::createSoundInternal             : exinfo->userseek           = 00007FFE97FDDC10
[LOG] SystemI::createSoundInternal             : exinfo->fileuserdata       = 000001ADD3E92828
[LOG] SystemI::createSoundInternal             : exinfo->initialseekpostype = 1
[LOG] SystemI::DSPCodecPoolRegister            : register codec pool for pool type 4
[LOG] SystemI::createSoundInternal             : Sample 0/1: name='linoleum_Run-004', format=5, channels=2, frequency=48000, lengthbytes=4832, lengthpcm=48000, pcmblocksize=0, loopstart=0, loopend=0, mode=0x00000000, channelmask=0x00000000, channelorder=0, peakvolume=0.116473.
[LOG] SystemI::createSoundInternal             : Create name='', mode=0x02000202
[LOG] SystemI::createSoundInternal             : exinfo->cbsize             = 224
[LOG] SystemI::createSoundInternal             : exinfo->length             = 1265920
[LOG] SystemI::createSoundInternal             : exinfo->fileoffset         = 137760
[LOG] SystemI::createSoundInternal             : exinfo->numsubsounds       = 1
[LOG] SystemI::createSoundInternal             : exinfo->inclusionlist      = 00000038351BEC28
[LOG] SystemI::createSoundInternal             : exinfo->inclusionlistnum   = 1
[LOG] SystemI::createSoundInternal             : exinfo->suggestedsoundtype = 5
[LOG] SystemI::createSoundInternal             : exinfo->useropen           = 00007FFE97FDDA70
[LOG] SystemI::createSoundInternal             : exinfo->userclose          = 00007FFE97FDDA30
[LOG] SystemI::createSoundInternal             : exinfo->userread           = 00007FFE97FDDB50
[LOG] SystemI::createSoundInternal             : exinfo->userseek           = 00007FFE97FDDC10
[LOG] SystemI::createSoundInternal             : exinfo->fileuserdata       = 000001ADD3E92828
[LOG] SystemI::createSoundInternal             : exinfo->initialseekpostype = 1
[LOG] SystemI::DSPCodecPoolRegister            : register codec pool for pool type 4
[LOG] SystemI::createSoundInternal             : Sample 0/1: name='Concrete_Walk-008', format=5, channels=2, frequency=48000, lengthbytes=5760, lengthpcm=24000, pcmblocksize=0, loopstart=0, loopend=0, mode=0x00000000, channelmask=0x00000000, channelorder=0, peakvolume=0.261482.
[LOG] SystemI::createSoundInternal             : Create name='', mode=0x02000202
[LOG] SystemI::createSoundInternal             : exinfo->cbsize             = 224
[LOG] SystemI::createSoundInternal             : exinfo->length             = 1265920
[LOG] SystemI::createSoundInternal             : exinfo->fileoffset         = 137760
[LOG] SystemI::createSoundInternal             : exinfo->numsubsounds       = 1
[LOG] SystemI::createSoundInternal             : exinfo->inclusionlist      = 00000038351BEC28
[LOG] SystemI::createSoundInternal             : exinfo->inclusionlistnum   = 1
[LOG] SystemI::createSoundInternal             : exinfo->suggestedsoundtype = 5
[LOG] SystemI::createSoundInternal             : exinfo->useropen           = 00007FFE97FDDA70
[LOG] SystemI::createSoundInternal             : exinfo->userclose          = 00007FFE97FDDA30
[LOG] SystemI::createSoundInternal             : exinfo->userread           = 00007FFE97FDDB50
[LOG] SystemI::createSoundInternal             : exinfo->userseek           = 00007FFE97FDDC10
[LOG] SystemI::createSoundInternal             : exinfo->fileuserdata       = 000001ADD3E92828
[LOG] SystemI::createSoundInternal             : exinfo->initialseekpostype = 1
[LOG] SystemI::DSPCodecPoolRegister            : register codec pool for pool type 4
[LOG] SystemI::createSoundInternal             : Sample 0/1: name='linoleum_Walk-001', format=5, channels=2, frequency=48000, lengthbytes=4800, lengthpcm=48000, pcmblocksize=0, loopstart=0, loopend=0, mode=0x00000000, channelmask=0x00000000, channelorder=0, peakvolume=0.138530.
[LOG] SystemI::createSoundInternal             : Create name='', mode=0x02000202
[LOG] SystemI::createSoundInternal             : exinfo->cbsize             = 224
[LOG] SystemI::createSoundInternal             : exinfo->length             = 1265920
[LOG] SystemI::createSoundInternal             : exinfo->fileoffset         = 137760
[LOG] SystemI::createSoundInternal             : exinfo->numsubsounds       = 1
[LOG] SystemI::createSoundInternal             : exinfo->inclusionlist      = 00000038351BEC28
[LOG] SystemI::createSoundInternal             : exinfo->inclusionlistnum   = 1
[LOG] SystemI::createSoundInternal             : exinfo->suggestedsoundtype = 5
[LOG] SystemI::createSoundInternal             : exinfo->useropen           = 00007FFE97FDDA70
[LOG] SystemI::createSoundInternal             : exinfo->userclose          = 00007FFE97FDDA30
[LOG] SystemI::createSoundInternal             : exinfo->userread           = 00007FFE97FDDB50
[LOG] SystemI::createSoundInternal             : exinfo->userseek           = 00007FFE97FDDC10
[LOG] SystemI::createSoundInternal             : exinfo->fileuserdata       = 000001ADD3E92828
[LOG] SystemI::createSoundInternal             : exinfo->initialseekpostype = 1
[LOG] SystemI::DSPCodecPoolRegister            : register codec pool for pool type 4
[LOG] SystemI::createSoundInternal             : Sample 0/1: name='Footsteps, Human, Slippers, Wood, Hollow, Walk, Distant SND128428 S01', format=5, channels=1, frequency=48000, lengthbytes=4672, lengthpcm=26910, pcmblocksize=0, loopstart=0, loopend=0, mode=0x00000000, channelmask=0x00000000, channelorder=0, peakvolume=0.031751.
[LOG] SystemI::createSoundInternal             : Create name='', mode=0x02000202
[LOG] SystemI::createSoundInternal             : exinfo->cbsize             = 224
[LOG] SystemI::createSoundInternal             : exinfo->length             = 1265920
[LOG] SystemI::createSoundInternal             : exinfo->fileoffset         = 137760
[LOG] SystemI::createSoundInternal             : exinfo->numsubsounds       = 1
[LOG] SystemI::createSoundInternal             : exinfo->inclusionlist      = 00000038351BEC28
[LOG] SystemI::createSoundInternal             : exinfo->inclusionlistnum   = 1
[LOG] SystemI::createSoundInternal             : exinfo->suggestedsoundtype = 5
[LOG] SystemI::createSoundInternal             : exinfo->useropen           = 00007FFE97FDDA70
[LOG] SystemI::createSoundInternal             : exinfo->userclose          = 00007FFE97FDDA30
[LOG] SystemI::createSoundInternal             : exinfo->userread           = 00007FFE97FDDB50
[LOG] SystemI::createSoundInternal             : exinfo->userseek           = 00007FFE97FDDC10
[LOG] SystemI::createSoundInternal             : exinfo->fileuserdata       = 000001ADD3E92828
[LOG] SystemI::createSoundInternal             : exinfo->initialseekpostype = 1
[LOG] SystemI::DSPCodecPoolRegister            : register codec pool for pool type 4
[LOG] SystemI::createSoundInternal             : Sample 0/1: name='Concrete_Walk-001', format=5, channels=2, frequency=48000, lengthbytes=5408, lengthpcm=24000, pcmblocksize=0, loopstart=0, loopend=0, mode=0x00000000, channelmask=0x00000000, channelorder=0, peakvolume=0.208243.
[LOG] SystemI::createSoundInternal             : Create name='', mode=0x02000202
[LOG] SystemI::createSoundInternal             : exinfo->cbsize             = 224
[LOG] SystemI::createSoundInternal             : exinfo->length             = 1265920
[LOG] SystemI::createSoundInternal             : exinfo->fileoffset         = 137760
[LOG] SystemI::createSoundInternal             : exinfo->numsubsounds       = 1
[LOG] SystemI::createSoundInternal             : exinfo->inclusionlist      = 00000038351BEC28
[LOG] SystemI::createSoundInternal             : exinfo->inclusionlistnum   = 1
[LOG] SystemI::createSoundInternal             : exinfo->suggestedsoundtype = 5
[LOG] SystemI::createSoundInternal             : exinfo->useropen           = 00007FFE97FDDA70
[LOG] SystemI::createSoundInternal             : exinfo->userclose          = 00007FFE97FDDA30
[LOG] SystemI::createSoundInternal             : exinfo->userread           = 00007FFE97FDDB50
[LOG] SystemI::createSoundInternal             : exinfo->userseek           = 00007FFE97FDDC10
[LOG] SystemI::createSoundInternal             : exinfo->fileuserdata       = 000001ADD3E92828
[LOG] SystemI::createSoundInternal             : exinfo->initialseekpostype = 1
[LOG] SystemI::DSPCodecPoolRegister            : register codec pool for pool type 4
[LOG] SystemI::createSoundInternal             : Sample 0/1: name='Footsteps, Human, Linoleum, Sneaker, Slow SND1080 S16', format=5, channels=1, frequency=48000, lengthbytes=9664, lengthpcm=56460, pcmblocksize=0, loopstart=0, loopend=0, mode=0x00000000, channelmask=0x00000000, channelorder=0, peakvolume=0.074912.
[LOG] SystemI::createSoundInternal             : Create name='', mode=0x02000202
[LOG] SystemI::createSoundInternal             : exinfo->cbsize             = 224
[LOG] SystemI::createSoundInternal             : exinfo->length             = 1265920
[LOG] SystemI::createSoundInternal             : exinfo->fileoffset         = 137760
[LOG] SystemI::createSoundInternal             : exinfo->numsubsounds       = 1
[LOG] SystemI::createSoundInternal             : exinfo->inclusionlist      = 00000038351BEC28
[LOG] SystemI::createSoundInternal             : exinfo->inclusionlistnum   = 1
[LOG] SystemI::createSoundInternal             : exinfo->suggestedsoundtype = 5
[LOG] SystemI::createSoundInternal             : exinfo->useropen           = 00007FFE97FDDA70
[LOG] SystemI::createSoundInternal             : exinfo->userclose          = 00007FFE97FDDA30
[LOG] SystemI::createSoundInternal             : exinfo->userread           = 00007FFE97FDDB50
[LOG] SystemI::createSoundInternal             : exinfo->userseek           = 00007FFE97FDDC10
[LOG] SystemI::createSoundInternal             : exinfo->fileuserdata       = 000001ADD3E92828
[LOG] SystemI::createSoundInternal             : exinfo->initialseekpostype = 1
[LOG] SystemI::DSPCodecPoolRegister            : register codec pool for pool type 4
[LOG] SystemI::createSoundInternal             : Sample 0/1: name='Cloth, Movement, Cotton, Sprint, Distant Perspective SND129141 S17', format=5, channels=1, frequency=48000, lengthbytes=2848, lengthpcm=15987, pcmblocksize=0, loopstart=0, loopend=0, mode=0x00000000, channelmask=0x00000000, channelorder=0, peakvolume=0.130764.
[LOG] SystemI::createSoundInternal             : Create name='', mode=0x02000202
[LOG] SystemI::createSoundInternal             : exinfo->cbsize             = 224
[LOG] SystemI::createSoundInternal             : exinfo->length             = 1265920
[LOG] SystemI::createSoundInternal             : exinfo->fileoffset         = 137760
[LOG] SystemI::createSoundInternal             : exinfo->numsubsounds       = 1
[LOG] SystemI::createSoundInternal             : exinfo->inclusionlist      = 00000038351BEC28
[LOG] SystemI::createSoundInternal             : exinfo->inclusionlistnum   = 1
[LOG] SystemI::createSoundInternal             : exinfo->suggestedsoundtype = 5
[LOG] SystemI::createSoundInternal             : exinfo->useropen           = 00007FFE97FDDA70
[LOG] SystemI::createSoundInternal             : exinfo->userclose          = 00007FFE97FDDA30
[LOG] SystemI::createSoundInternal             : exinfo->userread           = 00007FFE97FDDB50
[LOG] SystemI::createSoundInternal             : exinfo->userseek           = 00007FFE97FDDC10
[LOG] SystemI::createSoundInternal             : exinfo->fileuserdata       = 000001ADD3E92828
[LOG] SystemI::createSoundInternal             : exinfo->initialseekpostype = 1
[LOG] SystemI::DSPCodecPoolRegister            : register codec pool for pool type 4
[LOG] SystemI::createSoundInternal             : Sample 0/1: name='Footsteps, Human, Barefoot, Walk, Slow, on Glass SND147193 S04', format=5, channels=2, frequency=48000, lengthbytes=15264, lengthpcm=48406, pcmblocksize=0, loopstart=0, loopend=0, mode=0x00000000, channelmask=0x00000000, channelorder=0, peakvolume=0.426634.
[LOG] SoundI::release                          :  (000001AD83D6C188)
[LOG] SoundI::release                          :     Footsteps, Human, Barefoot, Walk, Slow, on Glass SND147193 S00 (000001AC94E319B8)
[LOG] SoundI::release                          :  (000001AC96862768)
[LOG] SoundI::release                          :     Footsteps, Human, Barefoot, Walk, Slow, on Glass SND147193 S01 (000001AC94E35BB8)
[LOG] SoundI::release                          :  (000001AC690ED248)
[LOG] SoundI::release                          :     Footsteps, Human, Barefoot, Walk, Slow, on Glass SND147193 S02 (000001AC20209D88)
[LOG] SoundI::release                          :  (000001AC968621E8)
[LOG] SoundI::release                          :     Footsteps, Human, Barefoot, Walk, Slow, on Glass SND147193 S03 (000001AC94E361B8)
[LOG] SoundI::release                          :  (000001AD1B5289B8)
[LOG] SoundI::release                          :     Footsteps, Human, Barefoot, Walk, Slow, on Glass SND147193 S04 (000001AD496E56F8)
[LOG] SoundI::release                          :  (000001AD417A5968)
[LOG] SoundI::release                          :     Footsteps, Human, Barefoot, Walk, Slow, on Glass SND147193 S05 (000001AC94E31838)
[LOG] SoundI::release                          :  (000001AD41C78018)
[LOG] SoundI::release                          :     Footsteps, Human, Barefoot, Walk, Slow, on Glass SND147193 S06 (000001AD773549F8)
[LOG] SoundI::release                          :  (000001AC96862B88)
[LOG] SoundI::release                          :     Footsteps, Human, Barefoot, Walk, Slow, on Glass SND147193 S07 (000001AC94E358B8)
[LOG] SoundI::release                          :  (000001AD1B52A278)
[LOG] SoundI::release                          :     Footsteps, Human, Linoleum, Sneaker, Slow SND1080 S10 (000001AC2020AE08)
[LOG] SoundI::release                          :  (000001AA4D71EA38)
[LOG] SoundI::release                          :     Footsteps, Human, Linoleum, Sneaker, Slow SND1080 S11 (000001AC94E35D38)
[LOG] SoundI::release                          :  (000001AD4259D418)
[LOG] SoundI::release                          :     Footsteps, Human, Linoleum, Sneaker, Slow SND1080 S12 (000001AA495782D8)
[LOG] SoundI::release                          :  (000001AD41C789B8)
[LOG] SoundI::release                          :     Footsteps, Human, Linoleum, Sneaker, Slow SND1080 S13 (000001AD773564F8)
[LOG] SoundI::release                          :  (000001AA4D71EB98)
[LOG] SoundI::release                          :     Footsteps, Human, Linoleum, Sneaker, Slow SND1080 S14 (000001AA49577FD8)
[LOG] SoundI::release                          :  (000001AC69102108)
[LOG] SoundI::release                          :     Footsteps, Human, Linoleum, Sneaker, Slow SND1080 S15 (000001AC94E33638)
[LOG] SoundI::release                          :  (000001AD1B528B18)
[LOG] SoundI::release                          :     Footsteps, Human, Linoleum, Sneaker, Slow SND1080 S16 (000001AD6C949D18)
[LOG] SoundI::release                          :  (000001AD1B53AE58)
[LOG] SoundI::release                          :     Footsteps, Human, Linoleum, Sneaker, Slow SND1080 S17 (000001AC94E34CB8)
[LOG] SoundI::release                          :  (000001AD1B52AD78)
[LOG] SoundI::release                          :     Concrete_Walk-001 (000001AD6C949B98)
[LOG] SoundI::release                          :  (000001AD1B53A618)
[LOG] SoundI::release                          :     Concrete_Walk-002 (000001AC94E34838)
[LOG] SoundI::release                          :  (000001ADD4443E28)
[LOG] SoundI::release                          :     Concrete_Walk-003 (000001AC94E2F138)
[LOG] SoundI::release                          :  (000001AC69101CE8)
[LOG] SoundI::release                          :     Concrete_Walk-004 (000001AC94E2FEB8)
[LOG] SoundI::release                          :  (000001AD1B53A1F8)
[LOG] SoundI::release                          :     Concrete_Walk-005 (000001AC94E34238)
[LOG] SoundI::release                          :  (000001AD4259DC58)
[LOG] SoundI::release                          :     Concrete_Walk-006 (000001AA49578158)
[LOG] SoundI::release                          :  (000001ADD4443A08)
[LOG] SoundI::release                          :     Concrete_Walk-007 (000001AC94E322B8)
[LOG] SoundI::release                          :  (000001AD1B52B458)
[LOG] SoundI::release                          :     Concrete_Walk-008 (000001AD6C94A498)
[LOG] SoundI::release                          :  (000001AC691014A8)
[LOG] SoundI::release                          :     Wood_Walk-001 (000001AC94E334B8)
[LOG] SoundI::release                          :  (000001AD41C78178)
[LOG] SoundI::release                          :     Wood_Walk-002 (000001AD773531F8)
[LOG] SoundI::release                          :  (000001AC690ED3A8)
[LOG] SoundI::release                          :     Wood_Walk-003 (000001AD1B434CD8)
[LOG] SoundI::release                          :  (000001AD1B5294B8)
[LOG] SoundI::release                          :     Wood_Walk-004 (000001AC20209788)
[LOG] SoundI::release                          :  (000001AC690ED0E8)
[LOG] SoundI::release                          :     Wood_Walk-005 (000001AD1B4349D8)
[LOG] SoundI::release                          :  (000001ADD44438A8)
[LOG] SoundI::release                          :     Wood_Walk-006 (000001AC94E32438)
[LOG] SoundI::release                          :  (000001ADD4443CC8)
[LOG] SoundI::release                          :     Wood_Walk-007 (000001AC94E31238)
[LOG] SoundI::release                          :  (000001AD41C78438)
[LOG] SoundI::release                          :     Wood_Walk-008 (000001AD77356F78)
[LOG] SoundI::release                          :  (000001AD1C305AB8)
[LOG] SoundI::release                          :     Carpet_Run-001 (000001AA49579AD8)
[LOG] SoundI::release                          :  (000001AD842D81F8)
[LOG] SoundI::release                          :     Carpet_Run-002 (000001AD1B434258)
[LOG] SoundI::release                          :  (000001AA4AF6DBB8)
[LOG] SoundI::release                          :     Carpet_Run-003 (000001AA495791D8)
[LOG] SoundI::release                          :  (000001AD41C782D8)
[LOG] SoundI::release                          :     Carpet_Run-004 (000001AD77353AF8)
[LOG] SoundI::release                          :  (000001AD4259D158)
[LOG] SoundI::release                          :     Carpet_Run-005 (000001AA4957A9D8)
[LOG] SoundI::release                          :  (000001AC690EDA88)
[LOG] SoundI::release                          :     Carpet_Run-006 (000001AC20209A88)
[LOG] SoundI::release                          :  (000001AD417A4FC8)
[LOG] SoundI::release                          :     Carpet_Run-007 (000001AC94E30938)
[LOG] SoundI::release                          :  (000001AD1B52B878)
[LOG] SoundI::release                          :     Carpet_Run-008 (000001ACF1405B58)
[LOG] SoundI::release                          :  (000001ADD4443B68)
[LOG] SoundI::release                          :     Footsteps, Human, Sandals, Walk, Fast, on Glass SND147264 S02 (000001AC94E304B8)
[LOG] SoundI::release                          :  (000001AC968628C8)
[LOG] SoundI::release                          :     Footsteps, Human, Sandals, Walk, Fast, on Glass SND147264 S03 (000001AC94E36DB8)
[LOG] SoundI::release                          :  (000001AD842D8358)
[LOG] SoundI::release                          :     Footsteps, Human, Sandals, Walk, Fast, on Glass SND147264 S04 (000001AD1B4355D8)
[LOG] SoundI::release                          :  (000001AD1B53AB98)
[LOG] SoundI::release                          :     Footsteps, Human, Sandals, Walk, Fast, on Glass SND147264 S05 (000001AC94E36C38)
[LOG] SoundI::release                          :  (000001ADD44431C8)
[LOG] SoundI::release                          :     Footsteps, Human, Sandals, Walk, Fast, on Glass SND147264 S06 (000001AC94E31CB8)
[LOG] SoundI::release                          :  (000001AA4AF6DA58)
[LOG] SoundI::release                          :     Footsteps, Human, Sandals, Walk, Fast, on Glass SND147264 S07 (000001AA49577B58)
[LOG] SoundI::release                          :  (000001AD417A5288)
[LOG] SoundI::release                          :     Footsteps, Human, Sandals, Walk, Fast, on Glass SND147264 S08 (000001AC94E2FBB8)
[LOG] SoundI::release                          :  (000001AD1B52AAB8)
[LOG] SoundI::release                          :     Footsteps, Human, Sandals, Walk, Fast, on Glass SND147264 S09 (000001ACF1406158)
[LOG] SoundI::release                          :  (000001ADD4443068)
[LOG] SoundI::release                          :     Footsteps, Human, Sandals, Walk, Fast, on Glass SND147264 S10 (000001AC94E32138)
[LOG] SoundI::release                          :  (000001AC69101768)
[LOG] SoundI::release                          :     Footsteps, Human, Sneakers, Concrete, Walk, Distant SND127941 S07 (000001AC94E33AB8)
[LOG] SoundI::release                          :  (000001AA4D71EE58)
[LOG] SoundI::release                          :     Footsteps, Human, Sneakers, Concrete, Walk, Distant SND127941 S08 (000001AC94E355B8)
[LOG] SoundI::release                          :  (000001AD1B528598)
[LOG] SoundI::release                          :     Footsteps, Human, Sneakers, Concrete, Walk, Distant SND127941 S09 (000001ACF1405558)
[LOG] SoundI::release                          :  (000001AD842D8CF8)
[LOG] SoundI::release                          :     Footsteps, Human, Sneakers, Concrete, Walk, Distant SND127941 S10 (000001AD1B4358D8)
[LOG] SoundI::release                          :  (000001AD83D6B7E8)
[LOG] SoundI::release                          :     Footsteps, Human, Sneakers, Concrete, Walk, Distant SND127941 S11 (000001AC94E31E38)
[LOG] SoundI::release                          :  (000001AA4D71E358)
[LOG] SoundI::release                          :     Footsteps, Human, Sneakers, Concrete, Walk, Distant SND127941 S13 (000001AA4957A6D8)
[LOG] SoundI::release                          :  (000001AD41C78C78)
[LOG] SoundI::release                          :     Footsteps, Human, Sneakers, Concrete, Walk, Distant SND127941 S14 (000001AD77355BF8)
[LOG] SoundI::release                          :  (000001AD842D8618)
[LOG] SoundI::release                          :     Footsteps, Human, Sneakers, Concrete, Walk, Distant SND127941 S15 (000001AD1B435D58)
[LOG] SoundI::release                          :  (000001AD1B528178)
[LOG] SoundI::release                          :     Footsteps, Human, Slippers, Wood, Hollow, Walk, Distant SND128428 S01 (000001AD6C94A018)
[LOG] SoundI::release                          :  (000001AD4259CE98)
[LOG] SoundI::release                          :     Footsteps, Human, Slippers, Wood, Hollow, Walk, Distant SND128428 S02 (000001AA495785D8)
[LOG] SoundI::release                          :  (000001AD4259D838)
[LOG] SoundI::release                          :     Footsteps, Human, Slippers, Wood, Hollow, Walk, Distant SND128428 S03 (000001AA49578758)
[LOG] SoundI::release                          :  (000001AD4259DAF8)
[LOG] SoundI::release                          :     Footsteps, Human, Slippers, Wood, Hollow, Walk, Distant SND128428 S04 (000001AA4957AB58)
[LOG] SoundI::release                          :  (000001AD41C78598)
[LOG] SoundI::release                          :     Footsteps, Human, Slippers, Wood, Hollow, Walk, Distant SND128428 S05 (000001AD77355778)
[LOG] SoundI::release                          :  (000001AC69102268)
[LOG] SoundI::release                          :     Footsteps, Human, Slippers, Wood, Hollow, Walk, Distant SND128428 S06 (000001AC94E337B8)
[LOG] SoundI::release                          :  (000001AC96862348)
[LOG] SoundI::release                          :     Footsteps, Human, Slippers, Wood, Hollow, Walk, Distant SND128428 S07 (000001AC94E36938)
[LOG] SoundI::release                          :  (000001AD4259D2B8)
[LOG] SoundI::release                          :     Footsteps, Human, Slippers, Wood, Hollow, Walk, Distant SND128428 S08 (000001AA49579DD8)
[LOG] SoundI::release                          :  (000001AD1B5286F8)
[LOG] SoundI::release                          :     linoleum_Walk-001 (000001AD6C94B698)
[LOG] SoundI::release                          :  (000001AD4259D998)
[LOG] SoundI::release                          :     linoleum_Walk-002 (000001AA49578458)
[LOG] SoundI::release                          :  (000001AD4259D6D8)
[LOG] SoundI::release                          :     linoleum_Walk-003 (000001AA49577E58)
[LOG] SoundI::release                          :  (000001AA4AF6DD18)
[LOG] SoundI::release                          :     linoleum_Walk-004 (000001AA49577CD8)
[LOG] SoundI::release                          :  (000001AA4AF6D4D8)
[LOG] SoundI::release                          :     linoleum_Walk-005 (000001AA49578A58)
[LOG] SoundI::release                          :  (000001AD1B53AA38)
[LOG] SoundI::release                          :     linoleum_Walk-006 (000001AC94E34FB8)
[LOG] SoundI::release                          :  (000001AD83D6C448)
[LOG] SoundI::release                          :     linoleum_Walk-007 (000001AC94E310B8)
[LOG] SoundI::release                          :  (000001AD417A5548)
[LOG] SoundI::release                          :     linoleum_Walk-008 (000001AC94E2F8B8)
[LOG] SoundI::release                          :  (000001AD83D6BC08)
[LOG] SoundI::release                          :     linoleum_Walk-009 (000001AC94E307B8)
[LOG] SoundI::release                          :  (000001AD83D6BAA8)
[LOG] SoundI::release                          :     Concrete_Run-001 (000001AC94E328B8)
[LOG] SoundI::release                          :  (000001AC691018C8)
[LOG] SoundI::release                          :     Concrete_Run-002 (000001AC94E2FD38)
[LOG] SoundI::release                          :  (000001AA4D71E098)
[LOG] SoundI::release                          :     Concrete_Run-003 (000001AC94E36038)
[LOG] SoundI::release                          :  (000001AC690ED668)
[LOG] SoundI::release                          :     Concrete_Run-004 (000001AC2020A508)
[LOG] SoundI::release                          :  (000001AD1B527D58)
[LOG] SoundI::release                          :     Concrete_Run-005 (000001ACF1404AD8)
[LOG] SoundI::release                          :  (000001AD842D8778)
[LOG] SoundI::release                          :     Concrete_Run-006 (000001AD1B434FD8)
[LOG] SoundI::release                          :  (000001ADD4443488)
[LOG] SoundI::release                          :     Concrete_Run-007 (000001AC94E32EB8)
[LOG] SoundI::release                          :  (000001AC69101B88)
[LOG] SoundI::release                          :     Concrete_Run-008 (000001AC94E33F38)
[LOG] SoundI::release                          :  (000001AA4D71E1F8)
[LOG] SoundI::release                          :     Carpet_Walk-001 (000001AA495797D8)
[LOG] SoundI::release                          :  (000001AD417A4E68)
[LOG] SoundI::release                          :     Carpet_Walk-002 (000001AC94E30AB8)
[LOG] SoundI::release                          :  (000001AD83D6C5A8)
[LOG] SoundI::release                          :     Carpet_Walk-003 (000001AC94E32BB8)
[LOG] SoundI::release                          :  (000001AD842D8A38)
[LOG] SoundI::release                          :     Carpet_Walk-004 (000001AD77356078)
[LOG] SoundI::release                          :  (000001AD41C786F8)
[LOG] SoundI::release                          :     Carpet_Walk-005 (000001AD773558F8)
[LOG] SoundI::release                          :  (000001AD1B53A8D8)
[LOG] SoundI::release                          :     Carpet_Walk-006 (000001AC94E349B8)
[LOG] SoundI::release                          :  (000001AC69101FA8)
[LOG] SoundI::release                          :     Carpet_Walk-007 (000001AC94E33C38)
[LOG] SoundI::release                          :  (000001AC690ED7C8)
[LOG] SoundI::release                          :     Carpet_Walk-008 (000001AC2020A088)
[LOG] SoundI::release                          :  (000001AC96862CE8)
[LOG] SoundI::release                          :     Wood_Run-001 (000001AC94E364B8)
[LOG] SoundI::release                          :  (000001AD83D6C028)
[LOG] SoundI::release                          :     Wood_Run-002 (000001AC94E32A38)
[LOG] SoundI::release                          :  (000001AC968624A8)
[LOG] SoundI::release                          :     Wood_Run-003 (000001AC94E35438)
[LOG] SoundI::release                          :  (000001AD1B53ACF8)
[LOG] SoundI::release                          :     Wood_Run-004 (000001AC94E36338)
[LOG] SoundI::release                          :  (000001AA4AF6D798)
[LOG] SoundI::release                          :     Wood_Run-005 (000001AA4957AFD8)
[LOG] SoundI::release                          :  (000001AA4A1E9A58)
[LOG] SoundI::release                          :     Wood_Run-006 (000001AC94E316B8)
[LOG] SoundI::release                          :  (000001AD83D6C2E8)
[LOG] SoundI::release                          :     Wood_Run-007 (000001AC94E2F438)
[LOG] SoundI::release                          :  (000001AA4D71E4B8)
[LOG] SoundI::release                          :     Wood_Run-008 (000001AC94E36F38)
[LOG] SoundI::release                          :  (000001AC690ED928)
[LOG] SoundI::release                          :     Cloth, Movement, Cotton, Sprint, Distant Perspective SND129141 S11 (000001AC2020A808)
[LOG] SoundI::release                          :  (000001AD417A5AC8)
[LOG] SoundI::release                          :     Cloth, Movement, Cotton, Sprint, Distant Perspective SND129141 S12 (000001AC94E32D38)
[LOG] SoundI::release                          :  (000001AD1B528C78)
[LOG] SoundI::release                          :     Cloth, Movement, Cotton, Sprint, Distant Perspective SND129141 S13 (000001AC20209908)
[LOG] SoundI::release                          :  (000001AA4AF6D638)
[LOG] SoundI::release                          :     Cloth, Movement, Cotton, Sprint, Distant Perspective SND129141 S14 (000001AA4957AE58)
[LOG] SoundI::release                          :  (000001AD1C305278)
[LOG] SoundI::release                          :     Cloth, Movement, Cotton, Sprint, Distant Perspective SND129141 S15 (000001AA49579058)
[LOG] SoundI::release                          :  (000001AD417A53E8)
[LOG] SoundI::release                          :     Cloth, Movement, Cotton, Sprint, Distant Perspective SND129141 S16 (000001AC94E31B38)
[LOG] SoundI::release                          :  (000001AD1B527A98)
[LOG] SoundI::release                          :     Cloth, Movement, Cotton, Sprint, Distant Perspective SND129141 S17 (000001AD6C94A198)
[LOG] SoundI::release                          :  (000001AC69101608)
[LOG] SoundI::release                          :     Cloth, Movement, Cotton, Sprint, Distant Perspective SND129141 S18 (000001AC94E33338)
[LOG] SoundI::release                          :  (000001AD1B53A098)
[LOG] SoundI::release                          :     Footsteps, Human, Slippers, Carpet, Wood, Walk, Distant SND128301 S00 2 (000001AC94E343B8)
[LOG] SoundI::release                          :  (000001AD1C305118)
[LOG] SoundI::release                          :     Footsteps, Human, Slippers, Carpet, Wood, Walk, Distant SND128301 S01 2 (000001AA495788D8)
[LOG] SoundI::release                          :  (000001AA4D71ECF8)
[LOG] SoundI::release                          :     Footsteps, Human, Slippers, Carpet, Wood, Walk, Distant SND128301 S02 2 (000001AC94E35EB8)
[LOG] SoundI::release                          :  (000001AA4D71E618)
[LOG] SoundI::release                          :     Footsteps, Human, Slippers, Carpet, Wood, Walk, Distant SND128301 S03 2 (000001AC94E35138)
[LOG] SoundI::release                          :  (000001AD1B529778)
[LOG] SoundI::release                          :     Footsteps, Human, Slippers, Carpet, Wood, Walk, Distant SND128301 S04 2 (000001ACF1404DD8)
[LOG] SoundI::release                          :  (000001AA4AF6E298)
[LOG] SoundI::release                          :     Footsteps, Human, Slippers, Carpet, Wood, Walk, Distant SND128301 S05 2 (000001AA49579F58)
[LOG] SoundI::release                          :  (000001AD1C3053D8)
[LOG] SoundI::release                          :     Footsteps, Human, Slippers, Carpet, Wood, Walk, Distant SND128301 S06 2 (000001AA49579958)
[LOG] SoundI::release                          :  (000001AA4AF6D8F8)
[LOG] SoundI::release                          :     linoleum_Run-001 (000001AA49578D58)
[LOG] SoundI::release                          :  (000001AD4259D578)
[LOG] SoundI::release                          :     linoleum_Run-002 (000001AA49579658)
[LOG] SoundI::release                          :  (000001AD83D6BD68)
[LOG] SoundI::release                          :     linoleum_Run-003 (000001AC94E313B8)
[LOG] SoundI::release                          :  (000001AD1B52B2F8)
[LOG] SoundI::release                          :     linoleum_Run-004 (000001ACF1406458)
[LOG] SoundI::release                          :  (000001AD417A56A8)
[LOG] SoundI::release                          :     linoleum_Run-005 (000001AC94E30038)
[LOG] SoundI::release                          :  (000001AD1C304CF8)
[LOG] SoundI::release                          :     linoleum_Run-006 (000001AA49579C58)
[LOG] SoundI::release                          :  (000001AC690ED508)
[LOG] SoundI::release                          :     linoleum_Run-007 (000001AD1B434B58)
[LOG] SoundI::release                          :  (000001AD1B529618)
[LOG] SoundI::release                          :     linoleum_Run-008 (000001AC2020AF88)
[LOG] SoundI::release                          :  (000001AC69101A28)
[LOG] SoundI::release                          :     linoleum_Run-009 (000001AC94E33938)
[LOG] SoundI::release                          :  (000001AC96862088)
[LOG] SoundI::release                          :     Glass-001 (000001AC94E36638)
[LOG] SoundI::release                          :  (000001AD842D8B98)
[LOG] SoundI::release                          :     Glass-002 (000001AD1B434558)
[LOG] SoundI::release                          :  (000001AD417A5808)
[LOG] SoundI::release                          :     Glass-003 (000001AC94E325B8)
[LOG] SoundI::release                          :  (000001AD417A5128)
[LOG] SoundI::release                          :     Glass-004 (000001AC94E2FA38)
[LOG] SoundI::release                          :  (000001AD1C3057F8)
[LOG] SoundI::release                          :     Glass-005 (000001AD77356C78)
[LOG] SystemI::createSoundInternal             : Create name='', mode=0x02000202
[LOG] SystemI::createSoundInternal             : exinfo->cbsize             = 224
[LOG] SystemI::createSoundInternal             : exinfo->length             = 1265920
[LOG] SystemI::createSoundInternal             : exinfo->fileoffset         = 137760
[LOG] SystemI::createSoundInternal             : exinfo->numsubsounds       = 1
[LOG] SystemI::createSoundInternal             : exinfo->inclusionlist      = 00000038351BEC28
[LOG] SystemI::createSoundInternal             : exinfo->inclusionlistnum   = 1
[LOG] SystemI::createSoundInternal             : exinfo->suggestedsoundtype = 5
[LOG] SystemI::createSoundInternal             : exinfo->useropen           = 00007FFE97FDDA70
[LOG] SystemI::createSoundInternal             : exinfo->userclose          = 00007FFE97FDDA30
[LOG] SystemI::createSoundInternal             : exinfo->userread           = 00007FFE97FDDB50
[LOG] SystemI::createSoundInternal             : exinfo->userseek           = 00007FFE97FDDC10
[LOG] SystemI::createSoundInternal             : exinfo->fileuserdata       = 000001ADD3E921F8
[LOG] SystemI::createSoundInternal             : exinfo->initialseekpostype = 1
[LOG] SystemI::DSPCodecPoolRegister            : register codec pool for pool type 4
[LOG] SystemI::createSoundInternal             : Sample 0/1: name='Wood_Run-006', format=5, channels=2, frequency=48000, lengthbytes=4576, lengthpcm=24000, pcmblocksize=0, loopstart=0, loopend=0, mode=0x00000000, channelmask=0x00000000, channelorder=0, peakvolume=0.164431.
[LOG] SystemI::createSoundInternal             : Create name='', mode=0x02000202
[LOG] SystemI::createSoundInternal             : exinfo->cbsize             = 224
[LOG] SystemI::createSoundInternal             : exinfo->length             = 1265920
[LOG] SystemI::createSoundInternal             : exinfo->fileoffset         = 137760
[LOG] SystemI::createSoundInternal             : exinfo->numsubsounds       = 1
[LOG] SystemI::createSoundInternal             : exinfo->inclusionlist      = 00000038351BEC28
[LOG] SystemI::createSoundInternal             : exinfo->inclusionlistnum   = 1
[LOG] SystemI::createSoundInternal             : exinfo->suggestedsoundtype = 5
[LOG] SystemI::createSoundInternal             : exinfo->useropen           = 00007FFE97FDDA70
[LOG] SystemI::createSoundInternal             : exinfo->userclose          = 00007FFE97FDDA30
[LOG] SystemI::createSoundInternal             : exinfo->userread           = 00007FFE97FDDB50
[LOG] SystemI::createSoundInternal             : exinfo->userseek           = 00007FFE97FDDC10
[LOG] SystemI::createSoundInternal             : exinfo->fileuserdata       = 000001ADD3E921F8
[LOG] SystemI::createSoundInternal             : exinfo->initialseekpostype = 1
[LOG] SystemI::DSPCodecPoolRegister            : register codec pool for pool type 4
[LOG] SystemI::createSoundInternal             : Sample 0/1: name='linoleum_Run-003', format=5, channels=2, frequency=48000, lengthbytes=4608, lengthpcm=48000, pcmblocksize=0, loopstart=0, loopend=0, mode=0x00000000, channelmask=0x00000000, channelorder=0, peakvolume=0.238214.
[LOG] SystemI::createSoundInternal             : Create name='', mode=0x02000202
[LOG] SystemI::createSoundInternal             : exinfo->cbsize             = 224
[LOG] SystemI::createSoundInternal             : exinfo->length             = 1265920
[LOG] SystemI::createSoundInternal             : exinfo->fileoffset         = 137760
[LOG] SystemI::createSoundInternal             : exinfo->numsubsounds       = 1
[LOG] SystemI::createSoundInternal             : exinfo->inclusionlist      = 00000038351BEC28
[LOG] SystemI::createSoundInternal             : exinfo->inclusionlistnum   = 1
[LOG] SystemI::createSoundInternal             : exinfo->suggestedsoundtype = 5
[LOG] SystemI::createSoundInternal             : exinfo->useropen           = 00007FFE97FDDA70
[LOG] SystemI::createSoundInternal             : exinfo->userclose          = 00007FFE97FDDA30
[LOG] SystemI::createSoundInternal             : exinfo->userread           = 00007FFE97FDDB50
[LOG] SystemI::createSoundInternal             : exinfo->userseek           = 00007FFE97FDDC10
[LOG] SystemI::createSoundInternal             : exinfo->fileuserdata       = 000001ADD3E921F8
[LOG] SystemI::createSoundInternal             : exinfo->initialseekpostype = 1
[LOG] SystemI::DSPCodecPoolRegister            : register codec pool for pool type 4
[LOG] SystemI::createSoundInternal             : Sample 0/1: name='Footsteps, Human, Barefoot, Walk, Slow, on Glass SND147193 S00', format=5, channels=2, frequency=48000, lengthbytes=13888, lengthpcm=48346, pcmblocksize=0, loopstart=0, loopend=0, mode=0x00000000, channelmask=0x00000000, channelorder=0, peakvolume=0.479744.
[LOG] SystemI::createSoundInternal             : Create name='', mode=0x02000202
[LOG] SystemI::createSoundInternal             : exinfo->cbsize             = 224
[LOG] SystemI::createSoundInternal             : exinfo->length             = 1265920
[LOG] SystemI::createSoundInternal             : exinfo->fileoffset         = 137760
[LOG] SystemI::createSoundInternal             : exinfo->numsubsounds       = 1
[LOG] SystemI::createSoundInternal             : exinfo->inclusionlist      = 00000038351BEC28
[LOG] SystemI::createSoundInternal             : exinfo->inclusionlistnum   = 1
[LOG] SystemI::createSoundInternal             : exinfo->suggestedsoundtype = 5
[LOG] SystemI::createSoundInternal             : exinfo->useropen           = 00007FFE97FDDA70
[LOG] SystemI::createSoundInternal             : exinfo->userclose          = 00007FFE97FDDA30
[LOG] SystemI::createSoundInternal             : exinfo->userread           = 00007FFE97FDDB50
[LOG] SystemI::createSoundInternal             : exinfo->userseek           = 00007FFE97FDDC10
[LOG] SystemI::createSoundInternal             : exinfo->fileuserdata       = 000001ADD3E921F8
[LOG] SystemI::createSoundInternal             : exinfo->initialseekpostype = 1
[LOG] SystemI::DSPCodecPoolRegister            : register codec pool for pool type 4
[LOG] SystemI::createSoundInternal             : Sample 0/1: name='Wood_Run-007', format=5, channels=2, frequency=48000, lengthbytes=4320, lengthpcm=24000, pcmblocksize=0, loopstart=0, loopend=0, mode=0x00000000, channelmask=0x00000000, channelorder=0, peakvolume=0.143322.
[LOG] SystemI::createSoundInternal             : Create name='', mode=0x02000202
[LOG] SystemI::createSoundInternal             : exinfo->cbsize             = 224
[LOG] SystemI::createSoundInternal             : exinfo->length             = 1265920
[LOG] SystemI::createSoundInternal             : exinfo->fileoffset         = 137760
[LOG] SystemI::createSoundInternal             : exinfo->numsubsounds       = 1
[LOG] SystemI::createSoundInternal             : exinfo->inclusionlist      = 00000038351BEC28
[LOG] SystemI::createSoundInternal             : exinfo->inclusionlistnum   = 1
[LOG] SystemI::createSoundInternal             : exinfo->suggestedsoundtype = 5
[LOG] SystemI::createSoundInternal             : exinfo->useropen           = 00007FFE97FDDA70
[LOG] SystemI::createSoundInternal             : exinfo->userclose          = 00007FFE97FDDA30
[LOG] SystemI::createSoundInternal             : exinfo->userread           = 00007FFE97FDDB50
[LOG] SystemI::createSoundInternal             : exinfo->userseek           = 00007FFE97FDDC10
[LOG] SystemI::createSoundInternal             : exinfo->fileuserdata       = 000001ADD3E921F8
[LOG] SystemI::createSoundInternal             : exinfo->initialseekpostype = 1
[LOG] SystemI::DSPCodecPoolRegister            : register codec pool for pool type 4
[LOG] SystemI::createSoundInternal             : Sample 0/1: name='linoleum_Walk-007', format=5, channels=2, frequency=48000, lengthbytes=4768, lengthpcm=48000, pcmblocksize=0, loopstart=0, loopend=0, mode=0x00000000, channelmask=0x00000000, channelorder=0, peakvolume=0.445044.
[LOG] SystemI::createSoundInternal             : Create name='', mode=0x02000202
[LOG] SystemI::createSoundInternal             : exinfo->cbsize             = 224
[LOG] SystemI::createSoundInternal             : exinfo->length             = 1265920
[LOG] SystemI::createSoundInternal             : exinfo->fileoffset         = 137760
[LOG] SystemI::createSoundInternal             : exinfo->numsubsounds       = 1
[LOG] SystemI::createSoundInternal             : exinfo->inclusionlist      = 00000038351BEC28
[LOG] SystemI::createSoundInternal             : exinfo->inclusionlistnum   = 1
[LOG] SystemI::createSoundInternal             : exinfo->suggestedsoundtype = 5
[LOG] SystemI::createSoundInternal             : exinfo->useropen           = 00007FFE97FDDA70
[LOG] SystemI::createSoundInternal             : exinfo->userclose          = 00007FFE97FDDA30
[LOG] SystemI::createSoundInternal             : exinfo->userread           = 00007FFE97FDDB50
[LOG] SystemI::createSoundInternal             : exinfo->userseek           = 00007FFE97FDDC10
[LOG] SystemI::createSoundInternal             : exinfo->fileuserdata       = 000001ADD3E921F8
[LOG] SystemI::createSoundInternal             : exinfo->initialseekpostype = 1
[LOG] SystemI::DSPCodecPoolRegister            : register codec pool for pool type 4
[LOG] SystemI::createSoundInternal             : Sample 0/1: name='Concrete_Run-001', format=5, channels=2, frequency=48000, lengthbytes=4256, lengthpcm=24000, pcmblocksize=0, loopstart=0, loopend=0, mode=0x00000000, channelmask=0x00000000, channelorder=0, peakvolume=0.186656.
[LOG] SystemI::createSoundInternal             : Create name='', mode=0x02000202
[LOG] SystemI::createSoundInternal             : exinfo->cbsize             = 224
[LOG] SystemI::createSoundInternal             : exinfo->length             = 1265920
[LOG] SystemI::createSoundInternal             : exinfo->fileoffset         = 137760
[LOG] SystemI::createSoundInternal             : exinfo->numsubsounds       = 1
[LOG] SystemI::createSoundInternal             : exinfo->inclusionlist      = 00000038351BEC28
[LOG] SystemI::createSoundInternal             : exinfo->inclusionlistnum   = 1
[LOG] SystemI::createSoundInternal             : exinfo->suggestedsoundtype = 5
[LOG] SystemI::createSoundInternal             : exinfo->useropen           = 00007FFE97FDDA70
[LOG] SystemI::createSoundInternal             : exinfo->userclose          = 00007FFE97FDDA30
[LOG] SystemI::createSoundInternal             : exinfo->userread           = 00007FFE97FDDB50
[LOG] SystemI::createSoundInternal             : exinfo->userseek           = 00007FFE97FDDC10
[LOG] SystemI::createSoundInternal             : exinfo->fileuserdata       = 000001ADD3E921F8
[LOG] SystemI::createSoundInternal             : exinfo->initialseekpostype = 1
[LOG] SystemI::DSPCodecPoolRegister            : register codec pool for pool type 4
[LOG] SystemI::createSoundInternal             : Sample 0/1: name='Footsteps, Human, Sneakers, Concrete, Walk, Distant SND127941 S11', format=5, channels=1, frequency=48000, lengthbytes=4544, lengthpcm=26950, pcmblocksize=0, loopstart=0, loopend=0, mode=0x00000000, channelmask=0x00000000, channelorder=0, peakvolume=0.012358.
[LOG] SystemI::createSoundInternal             : Create name='', mode=0x02000202
[LOG] SystemI::createSoundInternal             : exinfo->cbsize             = 224
[LOG] SystemI::createSoundInternal             : exinfo->length             = 1265920
[LOG] SystemI::createSoundInternal             : exinfo->fileoffset         = 137760
[LOG] SystemI::createSoundInternal             : exinfo->numsubsounds       = 1
[LOG] SystemI::createSoundInternal             : exinfo->inclusionlist      = 00000038351BEC28
[LOG] SystemI::createSoundInternal             : exinfo->inclusionlistnum   = 1
[LOG] SystemI::createSoundInternal             : exinfo->suggestedsoundtype = 5
[LOG] SystemI::createSoundInternal             : exinfo->useropen           = 00007FFE97FDDA70
[LOG] SystemI::createSoundInternal             : exinfo->userclose          = 00007FFE97FDDA30
[LOG] SystemI::createSoundInternal             : exinfo->userread           = 00007FFE97FDDB50
[LOG] SystemI::createSoundInternal             : exinfo->userseek           = 00007FFE97FDDC10
[LOG] SystemI::createSoundInternal             : exinfo->fileuserdata       = 000001ADD3E921F8
[LOG] SystemI::createSoundInternal             : exinfo->initialseekpostype = 1
[LOG] SystemI::DSPCodecPoolRegister            : register codec pool for pool type 4
[LOG] SystemI::createSoundInternal             : Sample 0/1: name='Carpet_Walk-003', format=5, channels=2, frequency=48000, lengthbytes=4896, lengthpcm=24000, pcmblocksize=0, loopstart=0, loopend=0, mode=0x00000000, channelmask=0x00000000, channelorder=0, peakvolume=0.157382.
[LOG] SystemI::createSoundInternal             : Create name='', mode=0x02000202
[LOG] SystemI::createSoundInternal             : exinfo->cbsize             = 224
[LOG] SystemI::createSoundInternal             : exinfo->length             = 1265920
[LOG] SystemI::createSoundInternal             : exinfo->fileoffset         = 137760
[LOG] SystemI::createSoundInternal             : exinfo->numsubsounds       = 1
[LOG] SystemI::createSoundInternal             : exinfo->inclusionlist      = 00000038351BEC28
[LOG] SystemI::createSoundInternal             : exinfo->inclusionlistnum   = 1
[LOG] SystemI::createSoundInternal             : exinfo->suggestedsoundtype = 5
[LOG] SystemI::createSoundInternal             : exinfo->useropen           = 00007FFE97FDDA70
[LOG] SystemI::createSoundInternal             : exinfo->userclose          = 00007FFE97FDDA30
[LOG] SystemI::createSoundInternal             : exinfo->userread           = 00007FFE97FDDB50
[LOG] SystemI::createSoundInternal             : exinfo->userseek           = 00007FFE97FDDC10
[LOG] SystemI::createSoundInternal             : exinfo->fileuserdata       = 000001ADD3E921F8
[LOG] SystemI::createSoundInternal             : exinfo->initialseekpostype = 1
[LOG] SystemI::DSPCodecPoolRegister            : register codec pool for pool type 4
[LOG] SystemI::createSoundInternal             : Sample 0/1: name='Wood_Run-002', format=5, channels=2, frequency=48000, lengthbytes=4672, lengthpcm=24000, pcmblocksize=0, loopstart=0, loopend=0, mode=0x00000000, channelmask=0x00000000, channelorder=0, peakvolume=0.221385.
[LOG] SystemI::createSoundInternal             : Create name='', mode=0x02000202
[LOG] SystemI::createSoundInternal             : exinfo->cbsize             = 224
[LOG] SystemI::createSoundInternal             : exinfo->length             = 1265920
[LOG] SystemI::createSoundInternal             : exinfo->fileoffset         = 137760
[LOG] SystemI::createSoundInternal             : exinfo->numsubsounds       = 1
[LOG] SystemI::createSoundInternal             : exinfo->inclusionlist      = 00000038351BEC28
[LOG] SystemI::createSoundInternal             : exinfo->inclusionlistnum   = 1
[LOG] SystemI::createSoundInternal             : exinfo->suggestedsoundtype = 5
[LOG] SystemI::createSoundInternal             : exinfo->useropen           = 00007FFE97FDDA70
[LOG] SystemI::createSoundInternal             : exinfo->userclose          = 00007FFE97FDDA30
[LOG] SystemI::createSoundInternal             : exinfo->userread           = 00007FFE97FDDB50
[LOG] SystemI::createSoundInternal             : exinfo->userseek           = 00007FFE97FDDC10
[LOG] SystemI::createSoundInternal             : exinfo->fileuserdata       = 000001ADD3E921F8
[LOG] SystemI::createSoundInternal             : exinfo->initialseekpostype = 1
[LOG] SystemI::DSPCodecPoolRegister            : register codec pool for pool type 4
[LOG] SystemI::createSoundInternal             : Sample 0/1: name='linoleum_Walk-009', format=5, channels=2, frequency=48000, lengthbytes=4704, lengthpcm=24000, pcmblocksize=0, loopstart=0, loopend=0, mode=0x00000000, channelmask=0x00000000, channelorder=0, peakvolume=0.131093.
[LOG] SystemI::createSoundInternal             : Create name='', mode=0x02000202
[LOG] SystemI::createSoundInternal             : exinfo->cbsize             = 224
[LOG] SystemI::createSoundInternal             : exinfo->length             = 1265920
[LOG] SystemI::createSoundInternal             : exinfo->fileoffset         = 137760
[LOG] SystemI::createSoundInternal             : exinfo->numsubsounds       = 1
[LOG] SystemI::createSoundInternal             : exinfo->inclusionlist      = 00000038351BEC28
[LOG] SystemI::createSoundInternal             : exinfo->inclusionlistnum   = 1
[LOG] SystemI::createSoundInternal             : exinfo->suggestedsoundtype = 5
[LOG] SystemI::createSoundInternal             : exinfo->useropen           = 00007FFE97FDDA70
[LOG] SystemI::createSoundInternal             : exinfo->userclose          = 00007FFE97FDDA30
[LOG] SystemI::createSoundInternal             : exinfo->userread           = 00007FFE97FDDB50
[LOG] SystemI::createSoundInternal             : exinfo->userseek           = 00007FFE97FDDC10
[LOG] SystemI::createSoundInternal             : exinfo->fileuserdata       = 000001ADD3E921F8
[LOG] SystemI::createSoundInternal             : exinfo->initialseekpostype = 1
[LOG] SystemI::DSPCodecPoolRegister            : register codec pool for pool type 4
[LOG] SystemI::createSoundInternal             : Sample 0/1: name='Footsteps, Human, Barefoot, Walk, Slow, on Glass SND147193 S05', format=5, channels=2, frequency=48000, lengthbytes=15840, lengthpcm=51464, pcmblocksize=0, loopstart=0, loopend=0, mode=0x00000000, channelmask=0x00000000, channelorder=0, peakvolume=0.426774.
[LOG] SystemI::createSoundInternal             : Create name='', mode=0x02000202
[LOG] SystemI::createSoundInternal             : exinfo->cbsize             = 224
[LOG] SystemI::createSoundInternal             : exinfo->length             = 1265920
[LOG] SystemI::createSoundInternal             : exinfo->fileoffset         = 137760
[LOG] SystemI::createSoundInternal             : exinfo->numsubsounds       = 1
[LOG] SystemI::createSoundInternal             : exinfo->inclusionlist      = 00000038351BEC28
[LOG] SystemI::createSoundInternal             : exinfo->inclusionlistnum   = 1
[LOG] SystemI::createSoundInternal             : exinfo->suggestedsoundtype = 5
[LOG] SystemI::createSoundInternal             : exinfo->useropen           = 00007FFE97FDDA70
[LOG] SystemI::createSoundInternal             : exinfo->userclose          = 00007FFE97FDDA30
[LOG] SystemI::createSoundInternal             : exinfo->userread           = 00007FFE97FDDB50
[LOG] SystemI::createSoundInternal             : exinfo->userseek           = 00007FFE97FDDC10
[LOG] SystemI::createSoundInternal             : exinfo->fileuserdata       = 000001ADD3E921F8
[LOG] SystemI::createSoundInternal             : exinfo->initialseekpostype = 1
[LOG] SystemI::DSPCodecPoolRegister            : register codec pool for pool type 4
[LOG] SystemI::createSoundInternal             : Sample 0/1: name='Cloth, Movement, Cotton, Sprint, Distant Perspective SND129141 S12', format=5, channels=1, frequency=48000, lengthbytes=3104, lengthpcm=17281, pcmblocksize=0, loopstart=0, loopend=0, mode=0x00000000, channelmask=0x00000000, channelorder=0, peakvolume=0.066567.
[LOG] SystemI::createSoundInternal             : Create name='', mode=0x02000202
[LOG] SystemI::createSoundInternal             : exinfo->cbsize             = 224
[LOG] SystemI::createSoundInternal             : exinfo->length             = 1265920
[LOG] SystemI::createSoundInternal             : exinfo->fileoffset         = 137760
[LOG] SystemI::createSoundInternal             : exinfo->numsubsounds       = 1
[LOG] SystemI::createSoundInternal             : exinfo->inclusionlist      = 00000038351BEC28
[LOG] SystemI::createSoundInternal             : exinfo->inclusionlistnum   = 1
[LOG] SystemI::createSoundInternal             : exinfo->suggestedsoundtype = 5
[LOG] SystemI::createSoundInternal             : exinfo->useropen           = 00007FFE97FDDA70
[LOG] SystemI::createSoundInternal             : exinfo->userclose          = 00007FFE97FDDA30
[LOG] SystemI::createSoundInternal             : exinfo->userread           = 00007FFE97FDDB50
[LOG] SystemI::createSoundInternal             : exinfo->userseek           = 00007FFE97FDDC10
[LOG] SystemI::createSoundInternal             : exinfo->fileuserdata       = 000001ADD3E921F8
[LOG] SystemI::createSoundInternal             : exinfo->initialseekpostype = 1
[LOG] SystemI::DSPCodecPoolRegister            : register codec pool for pool type 4
[LOG] SystemI::createSoundInternal             : Sample 0/1: name='linoleum_Walk-008', format=5, channels=2, frequency=48000, lengthbytes=4736, lengthpcm=48000, pcmblocksize=0, loopstart=0, loopend=0, mode=0x00000000, channelmask=0x00000000, channelorder=0, peakvolume=0.188784.
[LOG] SystemI::createSoundInternal             : Create name='', mode=0x02000202
[LOG] SystemI::createSoundInternal             : exinfo->cbsize             = 224
[LOG] SystemI::createSoundInternal             : exinfo->length             = 1265920
[LOG] SystemI::createSoundInternal             : exinfo->fileoffset         = 137760
[LOG] SystemI::createSoundInternal             : exinfo->numsubsounds       = 1
[LOG] SystemI::createSoundInternal             : exinfo->inclusionlist      = 00000038351BEC28
[LOG] SystemI::createSoundInternal             : exinfo->inclusionlistnum   = 1
[LOG] SystemI::createSoundInternal             : exinfo->suggestedsoundtype = 5
[LOG] SystemI::createSoundInternal             : exinfo->useropen           = 00007FFE97FDDA70
[LOG] SystemI::createSoundInternal             : exinfo->userclose          = 00007FFE97FDDA30
[LOG] SystemI::createSoundInternal             : exinfo->userread           = 00007FFE97FDDB50
[LOG] SystemI::createSoundInternal             : exinfo->userseek           = 00007FFE97FDDC10
[LOG] SystemI::createSoundInternal             : exinfo->fileuserdata       = 000001ADD3E921F8
[LOG] SystemI::createSoundInternal             : exinfo->initialseekpostype = 1
[LOG] SystemI::DSPCodecPoolRegister            : register codec pool for pool type 4
[LOG] SystemI::createSoundInternal             : Sample 0/1: name='Carpet_Run-007', format=5, channels=2, frequency=48000, lengthbytes=3584, lengthpcm=24000, pcmblocksize=0, loopstart=0, loopend=0, mode=0x00000000, channelmask=0x00000000, channelorder=0, peakvolume=0.113173.
[LOG] SystemI::createSoundInternal             : Create name='', mode=0x02000202
[LOG] SystemI::createSoundInternal             : exinfo->cbsize             = 224
[LOG] SystemI::createSoundInternal             : exinfo->length             = 1265920
[LOG] SystemI::createSoundInternal             : exinfo->fileoffset         = 137760
[LOG] SystemI::createSoundInternal             : exinfo->numsubsounds       = 1
[LOG] SystemI::createSoundInternal             : exinfo->inclusionlist      = 00000038351BEC28
[LOG] SystemI::createSoundInternal             : exinfo->inclusionlistnum   = 1
[LOG] SystemI::createSoundInternal             : exinfo->suggestedsoundtype = 5
[LOG] SystemI::createSoundInternal             : exinfo->useropen           = 00007FFE97FDDA70
[LOG] SystemI::createSoundInternal             : exinfo->userclose          = 00007FFE97FDDA30
[LOG] SystemI::createSoundInternal             : exinfo->userread           = 00007FFE97FDDB50
[LOG] SystemI::createSoundInternal             : exinfo->userseek           = 00007FFE97FDDC10
[LOG] SystemI::createSoundInternal             : exinfo->fileuserdata       = 000001ADD3E921F8
[LOG] SystemI::createSoundInternal             : exinfo->initialseekpostype = 1
[LOG] SystemI::DSPCodecPoolRegister            : register codec pool for pool type 4
[LOG] SystemI::createSoundInternal             : Sample 0/1: name='Carpet_Walk-002', format=5, channels=2, frequency=48000, lengthbytes=4960, lengthpcm=24000, pcmblocksize=0, loopstart=0, loopend=0, mode=0x00000000, channelmask=0x00000000, channelorder=0, peakvolume=0.106984.
[LOG] SystemI::createSoundInternal             : Create name='', mode=0x02000202
[LOG] SystemI::createSoundInternal             : exinfo->cbsize             = 224
[LOG] SystemI::createSoundInternal             : exinfo->length             = 1265920
[LOG] SystemI::createSoundInternal             : exinfo->fileoffset         = 137760
[LOG] SystemI::createSoundInternal             : exinfo->numsubsounds       = 1
[LOG] SystemI::createSoundInternal             : exinfo->inclusionlist      = 00000038351BEC28
[LOG] SystemI::createSoundInternal             : exinfo->inclusionlistnum   = 1
[LOG] SystemI::createSoundInternal             : exinfo->suggestedsoundtype = 5
[LOG] SystemI::createSoundInternal             : exinfo->useropen           = 00007FFE97FDDA70
[LOG] SystemI::createSoundInternal             : exinfo->userclose          = 00007FFE97FDDA30
[LOG] SystemI::createSoundInternal             : exinfo->userread           = 00007FFE97FDDB50
[LOG] SystemI::createSoundInternal             : exinfo->userseek           = 00007FFE97FDDC10
[LOG] SystemI::createSoundInternal             : exinfo->fileuserdata       = 000001ADD3E921F8
[LOG] SystemI::createSoundInternal             : exinfo->initialseekpostype = 1
[LOG] SystemI::DSPCodecPoolRegister            : register codec pool for pool type 4
[LOG] SystemI::createSoundInternal             : Sample 0/1: name='linoleum_Run-005', format=5, channels=2, frequency=48000, lengthbytes=4032, lengthpcm=48000, pcmblocksize=0, loopstart=0, loopend=0, mode=0x00000000, channelmask=0x00000000, channelorder=0, peakvolume=0.152469.
[LOG] SystemI::createSoundInternal             : Create name='', mode=0x02000202
[LOG] SystemI::createSoundInternal             : exinfo->cbsize             = 224
[LOG] SystemI::createSoundInternal             : exinfo->length             = 1265920
[LOG] SystemI::createSoundInternal             : exinfo->fileoffset         = 137760
[LOG] SystemI::createSoundInternal             : exinfo->numsubsounds       = 1
[LOG] SystemI::createSoundInternal             : exinfo->inclusionlist      = 00000038351BEC28
[LOG] SystemI::createSoundInternal             : exinfo->inclusionlistnum   = 1
[LOG] SystemI::createSoundInternal             : exinfo->suggestedsoundtype = 5
[LOG] SystemI::createSoundInternal             : exinfo->useropen           = 00007FFE97FDDA70
[LOG] SystemI::createSoundInternal             : exinfo->userclose          = 00007FFE97FDDA30
[LOG] SystemI::createSoundInternal             : exinfo->userread           = 00007FFE97FDDB50
[LOG] SystemI::createSoundInternal             : exinfo->userseek           = 00007FFE97FDDC10
[LOG] SystemI::createSoundInternal             : exinfo->fileuserdata       = 000001ADD3E921F8
[LOG] SystemI::createSoundInternal             : exinfo->initialseekpostype = 1
[LOG] SystemI::DSPCodecPoolRegister            : register codec pool for pool type 4
[LOG] SystemI::createSoundInternal             : Sample 0/1: name='Glass-004', format=5, channels=2, frequency=48000, lengthbytes=6432, lengthpcm=24000, pcmblocksize=0, loopstart=0, loopend=0, mode=0x00000000, channelmask=0x00000000, channelorder=0, peakvolume=0.303676.
[LOG] SystemI::createSoundInternal             : Create name='', mode=0x02000202
[LOG] SystemI::createSoundInternal             : exinfo->cbsize             = 224
[LOG] SystemI::createSoundInternal             : exinfo->length             = 1265920
[LOG] SystemI::createSoundInternal             : exinfo->fileoffset         = 137760
[LOG] SystemI::createSoundInternal             : exinfo->numsubsounds       = 1
[LOG] SystemI::createSoundInternal             : exinfo->inclusionlist      = 00000038351BEC28
[LOG] SystemI::createSoundInternal             : exinfo->inclusionlistnum   = 1
[LOG] SystemI::createSoundInternal             : exinfo->suggestedsoundtype = 5
[LOG] SystemI::createSoundInternal             : exinfo->useropen           = 00007FFE97FDDA70
[LOG] SystemI::createSoundInternal             : exinfo->userclose          = 00007FFE97FDDA30
[LOG] SystemI::createSoundInternal             : exinfo->userread           = 00007FFE97FDDB50
[LOG] SystemI::createSoundInternal             : exinfo->userseek           = 00007FFE97FDDC10
[LOG] SystemI::createSoundInternal             : exinfo->fileuserdata       = 000001ADD3E921F8
[LOG] SystemI::createSoundInternal             : exinfo->initialseekpostype = 1
[LOG] SystemI::DSPCodecPoolRegister            : register codec pool for pool type 4
[LOG] SystemI::createSoundInternal             : Sample 0/1: name='Footsteps, Human, Sandals, Walk, Fast, on Glass SND147264 S08', format=5, channels=2, frequency=48000, lengthbytes=11200, lengthpcm=34081, pcmblocksize=0, loopstart=0, loopend=0, mode=0x00000000, channelmask=0x00000000, channelorder=0, peakvolume=0.406643.
[LOG] SystemI::createSoundInternal             : Create name='', mode=0x02000202
[LOG] SystemI::createSoundInternal             : exinfo->cbsize             = 224
[LOG] SystemI::createSoundInternal             : exinfo->length             = 1265920
[LOG] SystemI::createSoundInternal             : exinfo->fileoffset         = 137760
[LOG] SystemI::createSoundInternal             : exinfo->numsubsounds       = 1
[LOG] SystemI::createSoundInternal             : exinfo->inclusionlist      = 00000038351BEC28
[LOG] SystemI::createSoundInternal             : exinfo->inclusionlistnum   = 1
[LOG] SystemI::createSoundInternal             : exinfo->suggestedsoundtype = 5
[LOG] SystemI::createSoundInternal             : exinfo->useropen           = 00007FFE97FDDA70
[LOG] SystemI::createSoundInternal             : exinfo->userclose          = 00007FFE97FDDA30
[LOG] SystemI::createSoundInternal             : exinfo->userread           = 00007FFE97FDDB50
[LOG] SystemI::createSoundInternal             : exinfo->userseek           = 00007FFE97FDDC10
[LOG] SystemI::createSoundInternal             : exinfo->fileuserdata       = 000001ADD3E921F8
[LOG] SystemI::createSoundInternal             : exinfo->initialseekpostype = 1
[LOG] SystemI::DSPCodecPoolRegister            : register codec pool for pool type 4
[LOG] SystemI::createSoundInternal             : Sample 0/1: name='Cloth, Movement, Cotton, Sprint, Distant Perspective SND129141 S16', format=5, channels=1, frequency=48000, lengthbytes=3456, lengthpcm=19536, pcmblocksize=0, loopstart=0, loopend=0, mode=0x00000000, channelmask=0x00000000, channelorder=0, peakvolume=0.042690.
[LOG] SystemI::createSoundInternal             : Create name='', mode=0x02000202
[LOG] SystemI::createSoundInternal             : exinfo->cbsize             = 224
[LOG] SystemI::createSoundInternal             : exinfo->length             = 1265920
[LOG] SystemI::createSoundInternal             : exinfo->fileoffset         = 137760
[LOG] SystemI::createSoundInternal             : exinfo->numsubsounds       = 1
[LOG] SystemI::createSoundInternal             : exinfo->inclusionlist      = 00000038351BEC28
[LOG] SystemI::createSoundInternal             : exinfo->inclusionlistnum   = 1
[LOG] SystemI::createSoundInternal             : exinfo->suggestedsoundtype = 5
[LOG] SystemI::createSoundInternal             : exinfo->useropen           = 00007FFE97FDDA70
[LOG] SystemI::createSoundInternal             : exinfo->userclose          = 00007FFE97FDDA30
[LOG] SystemI::createSoundInternal             : exinfo->userread           = 00007FFE97FDDB50
[LOG] SystemI::createSoundInternal             : exinfo->userseek           = 00007FFE97FDDC10
[LOG] SystemI::createSoundInternal             : exinfo->fileuserdata       = 000001ADD3E921F8
[LOG] SystemI::createSoundInternal             : exinfo->initialseekpostype = 1
[LOG] SystemI::DSPCodecPoolRegister            : register codec pool for pool type 4
[LOG] SystemI::createSoundInternal             : Sample 0/1: name='Glass-003', format=5, channels=2, frequency=48000, lengthbytes=6400, lengthpcm=24000, pcmblocksize=0, loopstart=0, loopend=0, mode=0x00000000, channelmask=0x00000000, channelorder=0, peakvolume=0.303223.
[LOG] SystemI::createSoundInternal             : Create name='', mode=0x02000202
[LOG] SystemI::createSoundInternal             : exinfo->cbsize             = 224
[LOG] SystemI::createSoundInternal             : exinfo->length             = 1265920
[LOG] SystemI::createSoundInternal             : exinfo->fileoffset         = 137760
[LOG] SystemI::createSoundInternal             : exinfo->numsubsounds       = 1
[LOG] SystemI::createSoundInternal             : exinfo->inclusionlist      = 00000038351BEC28
[LOG] SystemI::createSoundInternal             : exinfo->inclusionlistnum   = 1
[LOG] SystemI::createSoundInternal             : exinfo->suggestedsoundtype = 5
[LOG] SystemI::createSoundInternal             : exinfo->useropen           = 00007FFE97FDDA70
[LOG] SystemI::createSoundInternal             : exinfo->userclose          = 00007FFE97FDDA30
[LOG] SystemI::createSoundInternal             : exinfo->userread           = 00007FFE97FDDB50
[LOG] SystemI::createSoundInternal             : exinfo->userseek           = 00007FFE97FDDC10
[LOG] SystemI::createSoundInternal             : exinfo->fileuserdata       = 000001ADD3E921F8
[LOG] SystemI::createSoundInternal             : exinfo->initialseekpostype = 1
[LOG] SystemI::DSPCodecPoolRegister            : register codec pool for pool type 4
[LOG] SystemI::createSoundInternal             : Sample 0/1: name='Concrete_Run-007', format=5, channels=2, frequency=48000, lengthbytes=3552, lengthpcm=24000, pcmblocksize=0, loopstart=0, loopend=0, mode=0x00000000, channelmask=0x00000000, channelorder=0, peakvolume=0.320877.
[LOG] SystemI::createSoundInternal             : Create name='', mode=0x02000202
[LOG] SystemI::createSoundInternal             : exinfo->cbsize             = 224
[LOG] SystemI::createSoundInternal             : exinfo->length             = 1265920
[LOG] SystemI::createSoundInternal             : exinfo->fileoffset         = 137760
[LOG] SystemI::createSoundInternal             : exinfo->numsubsounds       = 1
[LOG] SystemI::createSoundInternal             : exinfo->inclusionlist      = 00000038351BEC28
[LOG] SystemI::createSoundInternal             : exinfo->inclusionlistnum   = 1
[LOG] SystemI::createSoundInternal             : exinfo->suggestedsoundtype = 5
[LOG] SystemI::createSoundInternal             : exinfo->useropen           = 00007FFE97FDDA70
[LOG] SystemI::createSoundInternal             : exinfo->userclose          = 00007FFE97FDDA30
[LOG] SystemI::createSoundInternal             : exinfo->userread           = 00007FFE97FDDB50
[LOG] SystemI::createSoundInternal             : exinfo->userseek           = 00007FFE97FDDC10
[LOG] SystemI::createSoundInternal             : exinfo->fileuserdata       = 000001ADD3E921F8
[LOG] SystemI::createSoundInternal             : exinfo->initialseekpostype = 1
[LOG] SystemI::DSPCodecPoolRegister            : register codec pool for pool type 4
[LOG] SystemI::createSoundInternal             : Sample 0/1: name='Footsteps, Human, Sandals, Walk, Fast, on Glass SND147264 S06', format=5, channels=2, frequency=48000, lengthbytes=10528, lengthpcm=33807, pcmblocksize=0, loopstart=0, loopend=0, mode=0x00000000, channelmask=0x00000000, channelorder=0, peakvolume=0.332054.
[LOG] SystemI::createSoundInternal             : Create name='', mode=0x02000202
[LOG] SystemI::createSoundInternal             : exinfo->cbsize             = 224
[LOG] SystemI::createSoundInternal             : exinfo->length             = 1265920
[LOG] SystemI::createSoundInternal             : exinfo->fileoffset         = 137760
[LOG] SystemI::createSoundInternal             : exinfo->numsubsounds       = 1
[LOG] SystemI::createSoundInternal             : exinfo->inclusionlist      = 00000038351BEC28
[LOG] SystemI::createSoundInternal             : exinfo->inclusionlistnum   = 1
[LOG] SystemI::createSoundInternal             : exinfo->suggestedsoundtype = 5
[LOG] SystemI::createSoundInternal             : exinfo->useropen           = 00007FFE97FDDA70
[LOG] SystemI::createSoundInternal             : exinfo->userclose          = 00007FFE97FDDA30
[LOG] SystemI::createSoundInternal             : exinfo->userread           = 00007FFE97FDDB50
[LOG] SystemI::createSoundInternal             : exinfo->userseek           = 00007FFE97FDDC10
[LOG] SystemI::createSoundInternal             : exinfo->fileuserdata       = 000001ADD3E921F8
[LOG] SystemI::createSoundInternal             : exinfo->initialseekpostype = 1
[LOG] SystemI::DSPCodecPoolRegister            : register codec pool for pool type 4
[LOG] SystemI::createSoundInternal             : Sample 0/1: name='Footsteps, Human, Sandals, Walk, Fast, on Glass SND147264 S02', format=5, channels=2, frequency=48000, lengthbytes=11360, lengthpcm=32532, pcmblocksize=0, loopstart=0, loopend=0, mode=0x00000000, channelmask=0x00000000, channelorder=0, peakvolume=0.362449.
[LOG] SystemI::createSoundInternal             : Create name='', mode=0x02000202
[LOG] SystemI::createSoundInternal             : exinfo->cbsize             = 224
[LOG] SystemI::createSoundInternal             : exinfo->length             = 1265920
[LOG] SystemI::createSoundInternal             : exinfo->fileoffset         = 137760
[LOG] SystemI::createSoundInternal             : exinfo->numsubsounds       = 1
[LOG] SystemI::createSoundInternal             : exinfo->inclusionlist      = 00000038351BEC28
[LOG] SystemI::createSoundInternal             : exinfo->inclusionlistnum   = 1
[LOG] SystemI::createSoundInternal             : exinfo->suggestedsoundtype = 5
[LOG] SystemI::createSoundInternal             : exinfo->useropen           = 00007FFE97FDDA70
[LOG] SystemI::createSoundInternal             : exinfo->userclose          = 00007FFE97FDDA30
[LOG] SystemI::createSoundInternal             : exinfo->userread           = 00007FFE97FDDB50
[LOG] SystemI::createSoundInternal             : exinfo->userseek           = 00007FFE97FDDC10
[LOG] SystemI::createSoundInternal             : exinfo->fileuserdata       = 000001ADD3E921F8
[LOG] SystemI::createSoundInternal             : exinfo->initialseekpostype = 1
[LOG] SystemI::DSPCodecPoolRegister            : register codec pool for pool type 4
[LOG] SystemI::createSoundInternal             : Sample 0/1: name='Concrete_Walk-003', format=5, channels=2, frequency=48000, lengthbytes=5344, lengthpcm=24000, pcmblocksize=0, loopstart=0, loopend=0, mode=0x00000000, channelmask=0x00000000, channelorder=0, peakvolume=0.185561.
[LOG] SystemI::createSoundInternal             : Create name='', mode=0x02000202
[LOG] SystemI::createSoundInternal             : exinfo->cbsize             = 224
[LOG] SystemI::createSoundInternal             : exinfo->length             = 1265920
[LOG] SystemI::createSoundInternal             : exinfo->fileoffset         = 137760
[LOG] SystemI::createSoundInternal             : exinfo->numsubsounds       = 1
[LOG] SystemI::createSoundInternal             : exinfo->inclusionlist      = 00000038351BEC28
[LOG] SystemI::createSoundInternal             : exinfo->inclusionlistnum   = 1
[LOG] SystemI::createSoundInternal             : exinfo->suggestedsoundtype = 5
[LOG] SystemI::createSoundInternal             : exinfo->useropen           = 00007FFE97FDDA70
[LOG] SystemI::createSoundInternal             : exinfo->userclose          = 00007FFE97FDDA30
[LOG] SystemI::createSoundInternal             : exinfo->userread           = 00007FFE97FDDB50
[LOG] SystemI::createSoundInternal             : exinfo->userseek           = 00007FFE97FDDC10
[LOG] SystemI::createSoundInternal             : exinfo->fileuserdata       = 000001ADD3E921F8
[LOG] SystemI::createSoundInternal             : exinfo->initialseekpostype = 1
[LOG] SystemI::DSPCodecPoolRegister            : register codec pool for pool type 4
[LOG] SystemI::createSoundInternal             : Sample 0/1: name='Wood_Walk-007', format=5, channels=2, frequency=48000, lengthbytes=3328, lengthpcm=24000, pcmblocksize=0, loopstart=0, loopend=0, mode=0x00000000, channelmask=0x00000000, channelorder=0, peakvolume=0.284935.
[LOG] SystemI::createSoundInternal             : Create name='', mode=0x02000202
[LOG] SystemI::createSoundInternal             : exinfo->cbsize             = 224
[LOG] SystemI::createSoundInternal             : exinfo->length             = 1265920
[LOG] SystemI::createSoundInternal             : exinfo->fileoffset         = 137760
[LOG] SystemI::createSoundInternal             : exinfo->numsubsounds       = 1
[LOG] SystemI::createSoundInternal             : exinfo->inclusionlist      = 00000038351BEC28
[LOG] SystemI::createSoundInternal             : exinfo->inclusionlistnum   = 1
[LOG] SystemI::createSoundInternal             : exinfo->suggestedsoundtype = 5
[LOG] SystemI::createSoundInternal             : exinfo->useropen           = 00007FFE97FDDA70
[LOG] SystemI::createSoundInternal             : exinfo->userclose          = 00007FFE97FDDA30
[LOG] SystemI::createSoundInternal             : exinfo->userread           = 00007FFE97FDDB50
[LOG] SystemI::createSoundInternal             : exinfo->userseek           = 00007FFE97FDDC10
[LOG] SystemI::createSoundInternal             : exinfo->fileuserdata       = 000001ADD3E921F8
[LOG] SystemI::createSoundInternal             : exinfo->initialseekpostype = 1
[LOG] SystemI::DSPCodecPoolRegister            : register codec pool for pool type 4
[LOG] SystemI::createSoundInternal             : Sample 0/1: name='Footsteps, Human, Sandals, Walk, Fast, on Glass SND147264 S10', format=5, channels=2, frequency=48000, lengthbytes=10208, lengthpcm=32442, pcmblocksize=0, loopstart=0, loopend=0, mode=0x00000000, channelmask=0x00000000, channelorder=0, peakvolume=0.348755.
[LOG] SystemI::createSoundInternal             : Create name='', mode=0x02000202
[LOG] SystemI::createSoundInternal             : exinfo->cbsize             = 224
[LOG] SystemI::createSoundInternal             : exinfo->length             = 1265920
[LOG] SystemI::createSoundInternal             : exinfo->fileoffset         = 137760
[LOG] SystemI::createSoundInternal             : exinfo->numsubsounds       = 1
[LOG] SystemI::createSoundInternal             : exinfo->inclusionlist      = 00000038351BEC28
[LOG] SystemI::createSoundInternal             : exinfo->inclusionlistnum   = 1
[LOG] SystemI::createSoundInternal             : exinfo->suggestedsoundtype = 5
[LOG] SystemI::createSoundInternal             : exinfo->useropen           = 00007FFE97FDDA70
[LOG] SystemI::createSoundInternal             : exinfo->userclose          = 00007FFE97FDDA30
[LOG] SystemI::createSoundInternal             : exinfo->userread           = 00007FFE97FDDB50
[LOG] SystemI::createSoundInternal             : exinfo->userseek           = 00007FFE97FDDC10
[LOG] SystemI::createSoundInternal             : exinfo->fileuserdata       = 000001ADD3E921F8
[LOG] SystemI::createSoundInternal             : exinfo->initialseekpostype = 1
[LOG] SystemI::DSPCodecPoolRegister            : register codec pool for pool type 4
[LOG] SystemI::createSoundInternal             : Sample 0/1: name='Concrete_Walk-007', format=5, channels=2, frequency=48000, lengthbytes=5472, lengthpcm=24000, pcmblocksize=0, loopstart=0, loopend=0, mode=0x00000000, channelmask=0x00000000, channelorder=0, peakvolume=0.245784.
[LOG] SystemI::createSoundInternal             : Create name='', mode=0x02000202
[LOG] SystemI::createSoundInternal             : exinfo->cbsize             = 224
[LOG] SystemI::createSoundInternal             : exinfo->length             = 1265920
[LOG] SystemI::createSoundInternal             : exinfo->fileoffset         = 137760
[LOG] SystemI::createSoundInternal             : exinfo->numsubsounds       = 1
[LOG] SystemI::createSoundInternal             : exinfo->inclusionlist      = 00000038351BEC28
[LOG] SystemI::createSoundInternal             : exinfo->inclusionlistnum   = 1
[LOG] SystemI::createSoundInternal             : exinfo->suggestedsoundtype = 5
[LOG] SystemI::createSoundInternal             : exinfo->useropen           = 00007FFE97FDDA70
[LOG] SystemI::createSoundInternal             : exinfo->userclose          = 00007FFE97FDDA30
[LOG] SystemI::createSoundInternal             : exinfo->userread           = 00007FFE97FDDB50
[LOG] SystemI::createSoundInternal             : exinfo->userseek           = 00007FFE97FDDC10
[LOG] SystemI::createSoundInternal             : exinfo->fileuserdata       = 000001ADD3E921F8
[LOG] SystemI::createSoundInternal             : exinfo->initialseekpostype = 1
[LOG] SystemI::DSPCodecPoolRegister            : register codec pool for pool type 4
[LOG] SystemI::createSoundInternal             : Sample 0/1: name='Wood_Walk-006', format=5, channels=2, frequency=48000, lengthbytes=2912, lengthpcm=24000, pcmblocksize=0, loopstart=0, loopend=0, mode=0x00000000, channelmask=0x00000000, channelorder=0, peakvolume=0.328748.
[LOG] SystemI::createSoundInternal             : Create name='', mode=0x02000202
[LOG] SystemI::createSoundInternal             : exinfo->cbsize             = 224
[LOG] SystemI::createSoundInternal             : exinfo->length             = 1265920
[LOG] SystemI::createSoundInternal             : exinfo->fileoffset         = 137760
[LOG] SystemI::createSoundInternal             : exinfo->numsubsounds       = 1
[LOG] SystemI::createSoundInternal             : exinfo->inclusionlist      = 00000038351BEC28
[LOG] SystemI::createSoundInternal             : exinfo->inclusionlistnum   = 1
[LOG] SystemI::createSoundInternal             : exinfo->suggestedsoundtype = 5
[LOG] SystemI::createSoundInternal             : exinfo->useropen           = 00007FFE97FDDA70
[LOG] SystemI::createSoundInternal             : exinfo->userclose          = 00007FFE97FDDA30
[LOG] SystemI::createSoundInternal             : exinfo->userread           = 00007FFE97FDDB50
[LOG] SystemI::createSoundInternal             : exinfo->userseek           = 00007FFE97FDDC10
[LOG] SystemI::createSoundInternal             : exinfo->fileuserdata       = 000001ADD3E921F8
[LOG] SystemI::createSoundInternal             : exinfo->initialseekpostype = 1
[LOG] SystemI::DSPCodecPoolRegister            : register codec pool for pool type 4
[LOG] SystemI::createSoundInternal             : Sample 0/1: name='Cloth, Movement, Cotton, Sprint, Distant Perspective SND129141 S18', format=5, channels=1, frequency=48000, lengthbytes=2944, lengthpcm=16287, pcmblocksize=0, loopstart=0, loopend=0, mode=0x00000000, channelmask=0x00000000, channelorder=0, peakvolume=0.095331.
[LOG] SystemI::createSoundInternal             : Create name='', mode=0x02000202
[LOG] SystemI::createSoundInternal             : exinfo->cbsize             = 224
[LOG] SystemI::createSoundInternal             : exinfo->length             = 1265920
[LOG] SystemI::createSoundInternal             : exinfo->fileoffset         = 137760
[LOG] SystemI::createSoundInternal             : exinfo->numsubsounds       = 1
[LOG] SystemI::createSoundInternal             : exinfo->inclusionlist      = 00000038351BEC28
[LOG] SystemI::createSoundInternal             : exinfo->inclusionlistnum   = 1
[LOG] SystemI::createSoundInternal             : exinfo->suggestedsoundtype = 5
[LOG] SystemI::createSoundInternal             : exinfo->useropen           = 00007FFE97FDDA70
[LOG] SystemI::createSoundInternal             : exinfo->userclose          = 00007FFE97FDDA30
[LOG] SystemI::createSoundInternal             : exinfo->userread           = 00007FFE97FDDB50
[LOG] SystemI::createSoundInternal             : exinfo->userseek           = 00007FFE97FDDC10
[LOG] SystemI::createSoundInternal             : exinfo->fileuserdata       = 000001ADD3E921F8
[LOG] SystemI::createSoundInternal             : exinfo->initialseekpostype = 1
[LOG] SystemI::DSPCodecPoolRegister            : register codec pool for pool type 4
[LOG] SystemI::createSoundInternal             : Sample 0/1: name='Wood_Walk-001', format=5, channels=2, frequency=48000, lengthbytes=3328, lengthpcm=24000, pcmblocksize=0, loopstart=0, loopend=0, mode=0x00000000, channelmask=0x00000000, channelorder=0, peakvolume=0.324074.
[LOG] SystemI::createSoundInternal             : Create name='', mode=0x02000202
[LOG] SystemI::createSoundInternal             : exinfo->cbsize             = 224
[LOG] SystemI::createSoundInternal             : exinfo->length             = 1265920
[LOG] SystemI::createSoundInternal             : exinfo->fileoffset         = 137760
[LOG] SystemI::createSoundInternal             : exinfo->numsubsounds       = 1
[LOG] SystemI::createSoundInternal             : exinfo->inclusionlist      = 00000038351BEC28
[LOG] SystemI::createSoundInternal             : exinfo->inclusionlistnum   = 1
[LOG] SystemI::createSoundInternal             : exinfo->suggestedsoundtype = 5
[LOG] SystemI::createSoundInternal             : exinfo->useropen           = 00007FFE97FDDA70
[LOG] SystemI::createSoundInternal             : exinfo->userclose          = 00007FFE97FDDA30
[LOG] SystemI::createSoundInternal             : exinfo->userread           = 00007FFE97FDDB50
[LOG] SystemI::createSoundInternal             : exinfo->userseek           = 00007FFE97FDDC10
[LOG] SystemI::createSoundInternal             : exinfo->fileuserdata       = 000001ADD3E921F8
[LOG] SystemI::createSoundInternal             : exinfo->initialseekpostype = 1
[LOG] SystemI::DSPCodecPoolRegister            : register codec pool for pool type 4
[LOG] SystemI::createSoundInternal             : Sample 0/1: name='Footsteps, Human, Linoleum, Sneaker, Slow SND1080 S15', format=5, channels=1, frequency=48000, lengthbytes=9472, lengthpcm=55752, pcmblocksize=0, loopstart=0, loopend=0, mode=0x00000000, channelmask=0x00000000, channelorder=0, peakvolume=0.084692.
[LOG] SystemI::createSoundInternal             : Create name='', mode=0x02000202
[LOG] SystemI::createSoundInternal             : exinfo->cbsize             = 224
[LOG] SystemI::createSoundInternal             : exinfo->length             = 1265920
[LOG] SystemI::createSoundInternal             : exinfo->fileoffset         = 137760
[LOG] SystemI::createSoundInternal             : exinfo->numsubsounds       = 1
[LOG] SystemI::createSoundInternal             : exinfo->inclusionlist      = 00000038351BEC28
[LOG] SystemI::createSoundInternal             : exinfo->inclusionlistnum   = 1
[LOG] SystemI::createSoundInternal             : exinfo->suggestedsoundtype = 5
[LOG] SystemI::createSoundInternal             : exinfo->useropen           = 00007FFE97FDDA70
[LOG] SystemI::createSoundInternal             : exinfo->userclose          = 00007FFE97FDDA30
[LOG] SystemI::createSoundInternal             : exinfo->userread           = 00007FFE97FDDB50
[LOG] SystemI::createSoundInternal             : exinfo->userseek           = 00007FFE97FDDC10
[LOG] SystemI::createSoundInternal             : exinfo->fileuserdata       = 000001ADD3E921F8
[LOG] SystemI::createSoundInternal             : exinfo->initialseekpostype = 1
[LOG] SystemI::DSPCodecPoolRegister            : register codec pool for pool type 4
[LOG] SystemI::createSoundInternal             : Sample 0/1: name='Footsteps, Human, Slippers, Wood, Hollow, Walk, Distant SND128428 S06', format=5, channels=1, frequency=48000, lengthbytes=4544, lengthpcm=25556, pcmblocksize=0, loopstart=0, loopend=0, mode=0x00000000, channelmask=0x00000000, channelorder=0, peakvolume=0.066276.
[LOG] SystemI::createSoundInternal             : Create name='', mode=0x02000202
[LOG] SystemI::createSoundInternal             : exinfo->cbsize             = 224
[LOG] SystemI::createSoundInternal             : exinfo->length             = 1265920
[LOG] SystemI::createSoundInternal             : exinfo->fileoffset         = 137760
[LOG] SystemI::createSoundInternal             : exinfo->numsubsounds       = 1
[LOG] SystemI::createSoundInternal             : exinfo->inclusionlist      = 00000038351BEC28
[LOG] SystemI::createSoundInternal             : exinfo->inclusionlistnum   = 1
[LOG] SystemI::createSoundInternal             : exinfo->suggestedsoundtype = 5
[LOG] SystemI::createSoundInternal             : exinfo->useropen           = 00007FFE97FDDA70
[LOG] SystemI::createSoundInternal             : exinfo->userclose          = 00007FFE97FDDA30
[LOG] SystemI::createSoundInternal             : exinfo->userread           = 00007FFE97FDDB50
[LOG] SystemI::createSoundInternal             : exinfo->userseek           = 00007FFE97FDDC10
[LOG] SystemI::createSoundInternal             : exinfo->fileuserdata       = 000001ADD3E921F8
[LOG] SystemI::createSoundInternal             : exinfo->initialseekpostype = 1
[LOG] SystemI::DSPCodecPoolRegister            : register codec pool for pool type 4
[LOG] SystemI::createSoundInternal             : Sample 0/1: name='linoleum_Run-009', format=5, channels=2, frequency=48000, lengthbytes=2944, lengthpcm=24000, pcmblocksize=0, loopstart=0, loopend=0, mode=0x00000000, channelmask=0x00000000, channelorder=0, peakvolume=0.661978.
[LOG] SystemI::createSoundInternal             : Create name='', mode=0x02000202
[LOG] SystemI::createSoundInternal             : exinfo->cbsize             = 224
[LOG] SystemI::createSoundInternal             : exinfo->length             = 1265920
[LOG] SystemI::createSoundInternal             : exinfo->fileoffset         = 137760
[LOG] SystemI::createSoundInternal             : exinfo->numsubsounds       = 1
[LOG] SystemI::createSoundInternal             : exinfo->inclusionlist      = 00000038351BEC28
[LOG] SystemI::createSoundInternal             : exinfo->inclusionlistnum   = 1
[LOG] SystemI::createSoundInternal             : exinfo->suggestedsoundtype = 5
[LOG] SystemI::createSoundInternal             : exinfo->useropen           = 00007FFE97FDDA70
[LOG] SystemI::createSoundInternal             : exinfo->userclose          = 00007FFE97FDDA30
[LOG] SystemI::createSoundInternal             : exinfo->userread           = 00007FFE97FDDB50
[LOG] SystemI::createSoundInternal             : exinfo->userseek           = 00007FFE97FDDC10
[LOG] SystemI::createSoundInternal             : exinfo->fileuserdata       = 000001ADD3E921F8
[LOG] SystemI::createSoundInternal             : exinfo->initialseekpostype = 1
[LOG] SystemI::DSPCodecPoolRegister            : register codec pool for pool type 4
[LOG] SystemI::createSoundInternal             : Sample 0/1: name='Footsteps, Human, Sneakers, Concrete, Walk, Distant SND127941 S07', format=5, channels=1, frequency=48000, lengthbytes=4640, lengthpcm=27190, pcmblocksize=0, loopstart=0, loopend=0, mode=0x00000000, channelmask=0x00000000, channelorder=0, peakvolume=0.020271.
[LOG] SystemI::createSoundInternal             : Create name='', mode=0x02000202
[LOG] SystemI::createSoundInternal             : exinfo->cbsize             = 224
[LOG] SystemI::createSoundInternal             : exinfo->length             = 1265920
[LOG] SystemI::createSoundInternal             : exinfo->fileoffset         = 137760
[LOG] SystemI::createSoundInternal             : exinfo->numsubsounds       = 1
[LOG] SystemI::createSoundInternal             : exinfo->inclusionlist      = 00000038351BEC28
[LOG] SystemI::createSoundInternal             : exinfo->inclusionlistnum   = 1
[LOG] SystemI::createSoundInternal             : exinfo->suggestedsoundtype = 5
[LOG] SystemI::createSoundInternal             : exinfo->useropen           = 00007FFE97FDDA70
[LOG] SystemI::createSoundInternal             : exinfo->userclose          = 00007FFE97FDDA30
[LOG] SystemI::createSoundInternal             : exinfo->userread           = 00007FFE97FDDB50
[LOG] SystemI::createSoundInternal             : exinfo->userseek           = 00007FFE97FDDC10
[LOG] SystemI::createSoundInternal             : exinfo->fileuserdata       = 000001ADD3E921F8
[LOG] SystemI::createSoundInternal             : exinfo->initialseekpostype = 1
[LOG] SystemI::DSPCodecPoolRegister            : register codec pool for pool type 4
[LOG] SystemI::createSoundInternal             : Sample 0/1: name='Carpet_Walk-007', format=5, channels=2, frequency=48000, lengthbytes=4928, lengthpcm=24000, pcmblocksize=0, loopstart=0, loopend=0, mode=0x00000000, channelmask=0x00000000, channelorder=0, peakvolume=0.236119.
[LOG] SystemI::createSoundInternal             : Create name='', mode=0x02000202
[LOG] SystemI::createSoundInternal             : exinfo->cbsize             = 224
[LOG] SystemI::createSoundInternal             : exinfo->length             = 1265920
[LOG] SystemI::createSoundInternal             : exinfo->fileoffset         = 137760
[LOG] SystemI::createSoundInternal             : exinfo->numsubsounds       = 1
[LOG] SystemI::createSoundInternal             : exinfo->inclusionlist      = 00000038351BEC28
[LOG] SystemI::createSoundInternal             : exinfo->inclusionlistnum   = 1
[LOG] SystemI::createSoundInternal             : exinfo->suggestedsoundtype = 5
[LOG] SystemI::createSoundInternal             : exinfo->useropen           = 00007FFE97FDDA70
[LOG] SystemI::createSoundInternal             : exinfo->userclose          = 00007FFE97FDDA30
[LOG] SystemI::createSoundInternal             : exinfo->userread           = 00007FFE97FDDB50
[LOG] SystemI::createSoundInternal             : exinfo->userseek           = 00007FFE97FDDC10
[LOG] SystemI::createSoundInternal             : exinfo->fileuserdata       = 000001ADD3E921F8
[LOG] SystemI::createSoundInternal             : exinfo->initialseekpostype = 1
[LOG] SystemI::DSPCodecPoolRegister            : register codec pool for pool type 4
[LOG] SystemI::createSoundInternal             : Sample 0/1: name='Concrete_Run-002', format=5, channels=2, frequency=48000, lengthbytes=3040, lengthpcm=24000, pcmblocksize=0, loopstart=0, loopend=0, mode=0x00000000, channelmask=0x00000000, channelorder=0, peakvolume=0.514942.
[LOG] SystemI::createSoundInternal             : Create name='', mode=0x02000202
[LOG] SystemI::createSoundInternal             : exinfo->cbsize             = 224
[LOG] SystemI::createSoundInternal             : exinfo->length             = 1265920
[LOG] SystemI::createSoundInternal             : exinfo->fileoffset         = 137760
[LOG] SystemI::createSoundInternal             : exinfo->numsubsounds       = 1
[LOG] SystemI::createSoundInternal             : exinfo->inclusionlist      = 00000038351BEC28
[LOG] SystemI::createSoundInternal             : exinfo->inclusionlistnum   = 1
[LOG] SystemI::createSoundInternal             : exinfo->suggestedsoundtype = 5
[LOG] SystemI::createSoundInternal             : exinfo->useropen           = 00007FFE97FDDA70
[LOG] SystemI::createSoundInternal             : exinfo->userclose          = 00007FFE97FDDA30
[LOG] SystemI::createSoundInternal             : exinfo->userread           = 00007FFE97FDDB50
[LOG] SystemI::createSoundInternal             : exinfo->userseek           = 00007FFE97FDDC10
[LOG] SystemI::createSoundInternal             : exinfo->fileuserdata       = 000001ADD3E921F8
[LOG] SystemI::createSoundInternal             : exinfo->initialseekpostype = 1
[LOG] SystemI::DSPCodecPoolRegister            : register codec pool for pool type 4
[LOG] SystemI::createSoundInternal             : Sample 0/1: name='Concrete_Run-008', format=5, channels=2, frequency=48000, lengthbytes=4192, lengthpcm=24000, pcmblocksize=0, loopstart=0, loopend=0, mode=0x00000000, channelmask=0x00000000, channelorder=0, peakvolume=0.367746.
[LOG] SystemI::createSoundInternal             : Create name='', mode=0x02000202
[LOG] SystemI::createSoundInternal             : exinfo->cbsize             = 224
[LOG] SystemI::createSoundInternal             : exinfo->length             = 1265920
[LOG] SystemI::createSoundInternal             : exinfo->fileoffset         = 137760
[LOG] SystemI::createSoundInternal             : exinfo->numsubsounds       = 1
[LOG] SystemI::createSoundInternal             : exinfo->inclusionlist      = 00000038351BEC28
[LOG] SystemI::createSoundInternal             : exinfo->inclusionlistnum   = 1
[LOG] SystemI::createSoundInternal             : exinfo->suggestedsoundtype = 5
[LOG] SystemI::createSoundInternal             : exinfo->useropen           = 00007FFE97FDDA70
[LOG] SystemI::createSoundInternal             : exinfo->userclose          = 00007FFE97FDDA30
[LOG] SystemI::createSoundInternal             : exinfo->userread           = 00007FFE97FDDB50
[LOG] SystemI::createSoundInternal             : exinfo->userseek           = 00007FFE97FDDC10
[LOG] SystemI::createSoundInternal             : exinfo->fileuserdata       = 000001ADD3E921F8
[LOG] SystemI::createSoundInternal             : exinfo->initialseekpostype = 1
[LOG] SystemI::DSPCodecPoolRegister            : register codec pool for pool type 4
[LOG] SystemI::createSoundInternal             : Sample 0/1: name='Concrete_Walk-004', format=5, channels=2, frequency=48000, lengthbytes=5120, lengthpcm=24000, pcmblocksize=0, loopstart=0, loopend=0, mode=0x00000000, channelmask=0x00000000, channelorder=0, peakvolume=0.166532.
[LOG] SystemI::createSoundInternal             : Create name='', mode=0x02000202
[LOG] SystemI::createSoundInternal             : exinfo->cbsize             = 224
[LOG] SystemI::createSoundInternal             : exinfo->length             = 1265920
[LOG] SystemI::createSoundInternal             : exinfo->fileoffset         = 137760
[LOG] SystemI::createSoundInternal             : exinfo->numsubsounds       = 1
[LOG] SystemI::createSoundInternal             : exinfo->inclusionlist      = 00000038351BEC28
[LOG] SystemI::createSoundInternal             : exinfo->inclusionlistnum   = 1
[LOG] SystemI::createSoundInternal             : exinfo->suggestedsoundtype = 5
[LOG] SystemI::createSoundInternal             : exinfo->useropen           = 00007FFE97FDDA70
[LOG] SystemI::createSoundInternal             : exinfo->userclose          = 00007FFE97FDDA30
[LOG] SystemI::createSoundInternal             : exinfo->userread           = 00007FFE97FDDB50
[LOG] SystemI::createSoundInternal             : exinfo->userseek           = 00007FFE97FDDC10
[LOG] SystemI::createSoundInternal             : exinfo->fileuserdata       = 000001ADD3E921F8
[LOG] SystemI::createSoundInternal             : exinfo->initialseekpostype = 1
[LOG] SystemI::DSPCodecPoolRegister            : register codec pool for pool type 4
[LOG] SystemI::createSoundInternal             : Sample 0/1: name='Concrete_Walk-005', format=5, channels=2, frequency=48000, lengthbytes=5600, lengthpcm=24000, pcmblocksize=0, loopstart=0, loopend=0, mode=0x00000000, channelmask=0x00000000, channelorder=0, peakvolume=0.197878.
[LOG] SystemI::createSoundInternal             : Create name='', mode=0x02000202
[LOG] SystemI::createSoundInternal             : exinfo->cbsize             = 224
[LOG] SystemI::createSoundInternal             : exinfo->length             = 1265920
[LOG] SystemI::createSoundInternal             : exinfo->fileoffset         = 137760
[LOG] SystemI::createSoundInternal             : exinfo->numsubsounds       = 1
[LOG] SystemI::createSoundInternal             : exinfo->inclusionlist      = 00000038351BEC28
[LOG] SystemI::createSoundInternal             : exinfo->inclusionlistnum   = 1
[LOG] SystemI::createSoundInternal             : exinfo->suggestedsoundtype = 5
[LOG] SystemI::createSoundInternal             : exinfo->useropen           = 00007FFE97FDDA70
[LOG] SystemI::createSoundInternal             : exinfo->userclose          = 00007FFE97FDDA30
[LOG] SystemI::createSoundInternal             : exinfo->userread           = 00007FFE97FDDB50
[LOG] SystemI::createSoundInternal             : exinfo->userseek           = 00007FFE97FDDC10
[LOG] SystemI::createSoundInternal             : exinfo->fileuserdata       = 000001ADD3E921F8
[LOG] SystemI::createSoundInternal             : exinfo->initialseekpostype = 1
[LOG] SystemI::DSPCodecPoolRegister            : register codec pool for pool type 4
[LOG] SystemI::createSoundInternal             : Sample 0/1: name='Footsteps, Human, Slippers, Carpet, Wood, Walk, Distant SND128301 S00 2', format=5, channels=1, frequency=48000, lengthbytes=4992, lengthpcm=29520, pcmblocksize=0, loopstart=0, loopend=0, mode=0x00000000, channelmask=0x00000000, channelorder=0, peakvolume=0.047097.
[LOG] SystemI::createSoundInternal             : Create name='', mode=0x02000202
[LOG] SystemI::createSoundInternal             : exinfo->cbsize             = 224
[LOG] SystemI::createSoundInternal             : exinfo->length             = 1265920
[LOG] SystemI::createSoundInternal             : exinfo->fileoffset         = 137760
[LOG] SystemI::createSoundInternal             : exinfo->numsubsounds       = 1
[LOG] SystemI::createSoundInternal             : exinfo->inclusionlist      = 00000038351BEC28
[LOG] SystemI::createSoundInternal             : exinfo->inclusionlistnum   = 1
[LOG] SystemI::createSoundInternal             : exinfo->suggestedsoundtype = 5
[LOG] SystemI::createSoundInternal             : exinfo->useropen           = 00007FFE97FDDA70
[LOG] SystemI::createSoundInternal             : exinfo->userclose          = 00007FFE97FDDA30
[LOG] SystemI::createSoundInternal             : exinfo->userread           = 00007FFE97FDDB50
[LOG] SystemI::createSoundInternal             : exinfo->userseek           = 00007FFE97FDDC10
[LOG] SystemI::createSoundInternal             : exinfo->fileuserdata       = 000001ADD3E921F8
[LOG] SystemI::createSoundInternal             : exinfo->initialseekpostype = 1
[LOG] SystemI::DSPCodecPoolRegister            : register codec pool for pool type 4
[LOG] SystemI::createSoundInternal             : Sample 0/1: name='Concrete_Walk-002', format=5, channels=2, frequency=48000, lengthbytes=5184, lengthpcm=24000, pcmblocksize=0, loopstart=0, loopend=0, mode=0x00000000, channelmask=0x00000000, channelorder=0, peakvolume=0.194659.
[LOG] SystemI::createSoundInternal             : Create name='', mode=0x02000202
[LOG] SystemI::createSoundInternal             : exinfo->cbsize             = 224
[LOG] SystemI::createSoundInternal             : exinfo->length             = 1265920
[LOG] SystemI::createSoundInternal             : exinfo->fileoffset         = 137760
[LOG] SystemI::createSoundInternal             : exinfo->numsubsounds       = 1
[LOG] SystemI::createSoundInternal             : exinfo->inclusionlist      = 00000038351BEC28
[LOG] SystemI::createSoundInternal             : exinfo->inclusionlistnum   = 1
[LOG] SystemI::createSoundInternal             : exinfo->suggestedsoundtype = 5
[LOG] SystemI::createSoundInternal             : exinfo->useropen           = 00007FFE97FDDA70
[LOG] SystemI::createSoundInternal             : exinfo->userclose          = 00007FFE97FDDA30
[LOG] SystemI::createSoundInternal             : exinfo->userread           = 00007FFE97FDDB50
[LOG] SystemI::createSoundInternal             : exinfo->userseek           = 00007FFE97FDDC10
[LOG] SystemI::createSoundInternal             : exinfo->fileuserdata       = 000001ADD3E921F8
[LOG] SystemI::createSoundInternal             : exinfo->initialseekpostype = 1
[LOG] SystemI::DSPCodecPoolRegister            : register codec pool for pool type 4
[LOG] SystemI::createSoundInternal             : Sample 0/1: name='Carpet_Walk-006', format=5, channels=2, frequency=48000, lengthbytes=4896, lengthpcm=24000, pcmblocksize=0, loopstart=0, loopend=0, mode=0x00000000, channelmask=0x00000000, channelorder=0, peakvolume=0.076892.
[LOG] SystemI::createSoundInternal             : Create name='', mode=0x02000202
[LOG] SystemI::createSoundInternal             : exinfo->cbsize             = 224
[LOG] SystemI::createSoundInternal             : exinfo->length             = 1265920
[LOG] SystemI::createSoundInternal             : exinfo->fileoffset         = 137760
[LOG] SystemI::createSoundInternal             : exinfo->numsubsounds       = 1
[LOG] SystemI::createSoundInternal             : exinfo->inclusionlist      = 00000038351BEC28
[LOG] SystemI::createSoundInternal             : exinfo->inclusionlistnum   = 1
[LOG] SystemI::createSoundInternal             : exinfo->suggestedsoundtype = 5
[LOG] SystemI::createSoundInternal             : exinfo->useropen           = 00007FFE97FDDA70
[LOG] SystemI::createSoundInternal             : exinfo->userclose          = 00007FFE97FDDA30
[LOG] SystemI::createSoundInternal             : exinfo->userread           = 00007FFE97FDDB50
[LOG] SystemI::createSoundInternal             : exinfo->userseek           = 00007FFE97FDDC10
[LOG] SystemI::createSoundInternal             : exinfo->fileuserdata       = 000001ADD3E921F8
[LOG] SystemI::createSoundInternal             : exinfo->initialseekpostype = 1
[LOG] SystemI::DSPCodecPoolRegister            : register codec pool for pool type 4
[LOG] SystemI::createSoundInternal             : Sample 0/1: name='Footsteps, Human, Linoleum, Sneaker, Slow SND1080 S17', format=5, channels=1, frequency=48000, lengthbytes=9632, lengthpcm=56948, pcmblocksize=0, loopstart=0, loopend=0, mode=0x00000000, channelmask=0x00000000, channelorder=0, peakvolume=0.106243.
[LOG] SystemI::createSoundInternal             : Create name='', mode=0x02000202
[LOG] SystemI::createSoundInternal             : exinfo->cbsize             = 224
[LOG] SystemI::createSoundInternal             : exinfo->length             = 1265920
[LOG] SystemI::createSoundInternal             : exinfo->fileoffset         = 137760
[LOG] SystemI::createSoundInternal             : exinfo->numsubsounds       = 1
[LOG] SystemI::createSoundInternal             : exinfo->inclusionlist      = 00000038351BEC28
[LOG] SystemI::createSoundInternal             : exinfo->inclusionlistnum   = 1
[LOG] SystemI::createSoundInternal             : exinfo->suggestedsoundtype = 5
[LOG] SystemI::createSoundInternal             : exinfo->useropen           = 00007FFE97FDDA70
[LOG] SystemI::createSoundInternal             : exinfo->userclose          = 00007FFE97FDDA30
[LOG] SystemI::createSoundInternal             : exinfo->userread           = 00007FFE97FDDB50
[LOG] SystemI::createSoundInternal             : exinfo->userseek           = 00007FFE97FDDC10
[LOG] SystemI::createSoundInternal             : exinfo->fileuserdata       = 000001ADD3E921F8
[LOG] SystemI::createSoundInternal             : exinfo->initialseekpostype = 1
[LOG] SystemI::DSPCodecPoolRegister            : register codec pool for pool type 4
[LOG] SystemI::createSoundInternal             : Sample 0/1: name='linoleum_Walk-006', format=5, channels=2, frequency=48000, lengthbytes=4800, lengthpcm=48000, pcmblocksize=0, loopstart=0, loopend=0, mode=0x00000000, channelmask=0x00000000, channelorder=0, peakvolume=0.392043.
[LOG] SystemI::createSoundInternal             : Create name='', mode=0x02000202
[LOG] SystemI::createSoundInternal             : exinfo->cbsize             = 224
[LOG] SystemI::createSoundInternal             : exinfo->length             = 1265920
[LOG] SystemI::createSoundInternal             : exinfo->fileoffset         = 137760
[LOG] SystemI::createSoundInternal             : exinfo->numsubsounds       = 1
[LOG] SystemI::createSoundInternal             : exinfo->inclusionlist      = 00000038351BEC28
[LOG] SystemI::createSoundInternal             : exinfo->inclusionlistnum   = 1
[LOG] SystemI::createSoundInternal             : exinfo->suggestedsoundtype = 5
[LOG] SystemI::createSoundInternal             : exinfo->useropen           = 00007FFE97FDDA70
[LOG] SystemI::createSoundInternal             : exinfo->userclose          = 00007FFE97FDDA30
[LOG] SystemI::createSoundInternal             : exinfo->userread           = 00007FFE97FDDB50
[LOG] SystemI::createSoundInternal             : exinfo->userseek           = 00007FFE97FDDC10
[LOG] SystemI::createSoundInternal             : exinfo->fileuserdata       = 000001ADD3E921F8
[LOG] SystemI::createSoundInternal             : exinfo->initialseekpostype = 1
[LOG] SystemI::DSPCodecPoolRegister            : register codec pool for pool type 4
[LOG] SystemI::createSoundInternal             : Sample 0/1: name='Footsteps, Human, Sandals, Walk, Fast, on Glass SND147264 S05', format=5, channels=2, frequency=48000, lengthbytes=10528, lengthpcm=33218, pcmblocksize=0, loopstart=0, loopend=0, mode=0x00000000, channelmask=0x00000000, channelorder=0, peakvolume=0.289580.
[LOG] SystemI::createSoundInternal             : Create name='', mode=0x02000202
[LOG] SystemI::createSoundInternal             : exinfo->cbsize             = 224
[LOG] SystemI::createSoundInternal             : exinfo->length             = 1265920
[LOG] SystemI::createSoundInternal             : exinfo->fileoffset         = 137760
[LOG] SystemI::createSoundInternal             : exinfo->numsubsounds       = 1
[LOG] SystemI::createSoundInternal             : exinfo->inclusionlist      = 00000038351BEC28
[LOG] SystemI::createSoundInternal             : exinfo->inclusionlistnum   = 1
[LOG] SystemI::createSoundInternal             : exinfo->suggestedsoundtype = 5
[LOG] SystemI::createSoundInternal             : exinfo->useropen           = 00007FFE97FDDA70
[LOG] SystemI::createSoundInternal             : exinfo->userclose          = 00007FFE97FDDA30
[LOG] SystemI::createSoundInternal             : exinfo->userread           = 00007FFE97FDDB50
[LOG] SystemI::createSoundInternal             : exinfo->userseek           = 00007FFE97FDDC10
[LOG] SystemI::createSoundInternal             : exinfo->fileuserdata       = 000001ADD3E921F8
[LOG] SystemI::createSoundInternal             : exinfo->initialseekpostype = 1
[LOG] SystemI::DSPCodecPoolRegister            : register codec pool for pool type 4
[LOG] SystemI::createSoundInternal             : Sample 0/1: name='Wood_Run-004', format=5, channels=2, frequency=48000, lengthbytes=4416, lengthpcm=24000, pcmblocksize=0, loopstart=0, loopend=0, mode=0x00000000, channelmask=0x00000000, channelorder=0, peakvolume=0.231622.
[LOG] SystemI::createSoundInternal             : Create name='', mode=0x02000202
[LOG] SystemI::createSoundInternal             : exinfo->cbsize             = 224
[LOG] SystemI::createSoundInternal             : exinfo->length             = 1265920
[LOG] SystemI::createSoundInternal             : exinfo->fileoffset         = 137760
[LOG] SystemI::createSoundInternal             : exinfo->numsubsounds       = 1
[LOG] SystemI::createSoundInternal             : exinfo->inclusionlist      = 00000038351BEC28
[LOG] SystemI::createSoundInternal             : exinfo->inclusionlistnum   = 1
[LOG] SystemI::createSoundInternal             : exinfo->suggestedsoundtype = 5
[LOG] SystemI::createSoundInternal             : exinfo->useropen           = 00007FFE97FDDA70
[LOG] SystemI::createSoundInternal             : exinfo->userclose          = 00007FFE97FDDA30
[LOG] SystemI::createSoundInternal             : exinfo->userread           = 00007FFE97FDDB50
[LOG] SystemI::createSoundInternal             : exinfo->userseek           = 00007FFE97FDDC10
[LOG] SystemI::createSoundInternal             : exinfo->fileuserdata       = 000001ADD3E921F8
[LOG] SystemI::createSoundInternal             : exinfo->initialseekpostype = 1
[LOG] SystemI::DSPCodecPoolRegister            : register codec pool for pool type 4
[LOG] SystemI::createSoundInternal             : Sample 0/1: name='Wood_Run-001', format=5, channels=2, frequency=48000, lengthbytes=4576, lengthpcm=24000, pcmblocksize=0, loopstart=0, loopend=0, mode=0x00000000, channelmask=0x00000000, channelorder=0, peakvolume=0.191745.
[LOG] SystemI::createSoundInternal             : Create name='', mode=0x02000202
[LOG] SystemI::createSoundInternal             : exinfo->cbsize             = 224
[LOG] SystemI::createSoundInternal             : exinfo->length             = 1265920
[LOG] SystemI::createSoundInternal             : exinfo->fileoffset         = 137760
[LOG] SystemI::createSoundInternal             : exinfo->numsubsounds       = 1
[LOG] SystemI::createSoundInternal             : exinfo->inclusionlist      = 00000038351BEC28
[LOG] SystemI::createSoundInternal             : exinfo->inclusionlistnum   = 1
[LOG] SystemI::createSoundInternal             : exinfo->suggestedsoundtype = 5
[LOG] SystemI::createSoundInternal             : exinfo->useropen           = 00007FFE97FDDA70
[LOG] SystemI::createSoundInternal             : exinfo->userclose          = 00007FFE97FDDA30
[LOG] SystemI::createSoundInternal             : exinfo->userread           = 00007FFE97FDDB50
[LOG] SystemI::createSoundInternal             : exinfo->userseek           = 00007FFE97FDDC10
[LOG] SystemI::createSoundInternal             : exinfo->fileuserdata       = 000001ADD3E921F8
[LOG] SystemI::createSoundInternal             : exinfo->initialseekpostype = 1
[LOG] SystemI::DSPCodecPoolRegister            : register codec pool for pool type 4
[LOG] SystemI::createSoundInternal             : Sample 0/1: name='Footsteps, Human, Barefoot, Walk, Slow, on Glass SND147193 S03', format=5, channels=2, frequency=48000, lengthbytes=13984, lengthpcm=49746, pcmblocksize=0, loopstart=0, loopend=0, mode=0x00000000, channelmask=0x00000000, channelorder=0, peakvolume=0.433417.
[LOG] SystemI::createSoundInternal             : Create name='', mode=0x02000202
[LOG] SystemI::createSoundInternal             : exinfo->cbsize             = 224
[LOG] SystemI::createSoundInternal             : exinfo->length             = 1265920
[LOG] SystemI::createSoundInternal             : exinfo->fileoffset         = 137760
[LOG] SystemI::createSoundInternal             : exinfo->numsubsounds       = 1
[LOG] SystemI::createSoundInternal             : exinfo->inclusionlist      = 00000038351BEC28
[LOG] SystemI::createSoundInternal             : exinfo->inclusionlistnum   = 1
[LOG] SystemI::createSoundInternal             : exinfo->suggestedsoundtype = 5
[LOG] SystemI::createSoundInternal             : exinfo->useropen           = 00007FFE97FDDA70
[LOG] SystemI::createSoundInternal             : exinfo->userclose          = 00007FFE97FDDA30
[LOG] SystemI::createSoundInternal             : exinfo->userread           = 00007FFE97FDDB50
[LOG] SystemI::createSoundInternal             : exinfo->userseek           = 00007FFE97FDDC10
[LOG] SystemI::createSoundInternal             : exinfo->fileuserdata       = 000001ADD3E921F8
[LOG] SystemI::createSoundInternal             : exinfo->initialseekpostype = 1
[LOG] SystemI::DSPCodecPoolRegister            : register codec pool for pool type 4
[LOG] SystemI::createSoundInternal             : Sample 0/1: name='Footsteps, Human, Slippers, Wood, Hollow, Walk, Distant SND128428 S07', format=5, channels=1, frequency=48000, lengthbytes=4640, lengthpcm=26996, pcmblocksize=0, loopstart=0, loopend=0, mode=0x00000000, channelmask=0x00000000, channelorder=0, peakvolume=0.025036.
[LOG] SystemI::createSoundInternal             : Create name='', mode=0x02000202
[LOG] SystemI::createSoundInternal             : exinfo->cbsize             = 224
[LOG] SystemI::createSoundInternal             : exinfo->length             = 1265920
[LOG] SystemI::createSoundInternal             : exinfo->fileoffset         = 137760
[LOG] SystemI::createSoundInternal             : exinfo->numsubsounds       = 1
[LOG] SystemI::createSoundInternal             : exinfo->inclusionlist      = 00000038351BEC28
[LOG] SystemI::createSoundInternal             : exinfo->inclusionlistnum   = 1
[LOG] SystemI::createSoundInternal             : exinfo->suggestedsoundtype = 5
[LOG] SystemI::createSoundInternal             : exinfo->useropen           = 00007FFE97FDDA70
[LOG] SystemI::createSoundInternal             : exinfo->userclose          = 00007FFE97FDDA30
[LOG] SystemI::createSoundInternal             : exinfo->userread           = 00007FFE97FDDB50
[LOG] SystemI::createSoundInternal             : exinfo->userseek           = 00007FFE97FDDC10
[LOG] SystemI::createSoundInternal             : exinfo->fileuserdata       = 000001ADD3E921F8
[LOG] SystemI::createSoundInternal             : exinfo->initialseekpostype = 1
[LOG] SystemI::DSPCodecPoolRegister            : register codec pool for pool type 4
[LOG] SystemI::createSoundInternal             : Sample 0/1: name='Glass-001', format=5, channels=2, frequency=48000, lengthbytes=5792, lengthpcm=24000, pcmblocksize=0, loopstart=0, loopend=0, mode=0x00000000, channelmask=0x00000000, channelorder=0, peakvolume=0.428516.
[LOG] SystemI::createSoundInternal             : Create name='', mode=0x02000202
[LOG] SystemI::createSoundInternal             : exinfo->cbsize             = 224
[LOG] SystemI::createSoundInternal             : exinfo->length             = 1265920
[LOG] SystemI::createSoundInternal             : exinfo->fileoffset         = 137760
[LOG] SystemI::createSoundInternal             : exinfo->numsubsounds       = 1
[LOG] SystemI::createSoundInternal             : exinfo->inclusionlist      = 00000038351BEC28
[LOG] SystemI::createSoundInternal             : exinfo->inclusionlistnum   = 1
[LOG] SystemI::createSoundInternal             : exinfo->suggestedsoundtype = 5
[LOG] SystemI::createSoundInternal             : exinfo->useropen           = 00007FFE97FDDA70
[LOG] SystemI::createSoundInternal             : exinfo->userclose          = 00007FFE97FDDA30
[LOG] SystemI::createSoundInternal             : exinfo->userread           = 00007FFE97FDDB50
[LOG] SystemI::createSoundInternal             : exinfo->userseek           = 00007FFE97FDDC10
[LOG] SystemI::createSoundInternal             : exinfo->fileuserdata       = 000001ADD3E921F8
[LOG] SystemI::createSoundInternal             : exinfo->initialseekpostype = 1
[LOG] SystemI::DSPCodecPoolRegister            : register codec pool for pool type 4
[LOG] SystemI::createSoundInternal             : Sample 0/1: name='Wood_Run-003', format=5, channels=2, frequency=48000, lengthbytes=4320, lengthpcm=24000, pcmblocksize=0, loopstart=0, loopend=0, mode=0x00000000, channelmask=0x00000000, channelorder=0, peakvolume=0.458193.
[LOG] SystemI::createSoundInternal             : Create name='', mode=0x02000202
[LOG] SystemI::createSoundInternal             : exinfo->cbsize             = 224
[LOG] SystemI::createSoundInternal             : exinfo->length             = 1265920
[LOG] SystemI::createSoundInternal             : exinfo->fileoffset         = 137760
[LOG] SystemI::createSoundInternal             : exinfo->numsubsounds       = 1
[LOG] SystemI::createSoundInternal             : exinfo->inclusionlist      = 00000038351BEC28
[LOG] SystemI::createSoundInternal             : exinfo->inclusionlistnum   = 1
[LOG] SystemI::createSoundInternal             : exinfo->suggestedsoundtype = 5
[LOG] SystemI::createSoundInternal             : exinfo->useropen           = 00007FFE97FDDA70
[LOG] SystemI::createSoundInternal             : exinfo->userclose          = 00007FFE97FDDA30
[LOG] SystemI::createSoundInternal             : exinfo->userread           = 00007FFE97FDDB50
[LOG] SystemI::createSoundInternal             : exinfo->userseek           = 00007FFE97FDDC10
[LOG] SystemI::createSoundInternal             : exinfo->fileuserdata       = 000001ADD3E921F8
[LOG] SystemI::createSoundInternal             : exinfo->initialseekpostype = 1
[LOG] SystemI::DSPCodecPoolRegister            : register codec pool for pool type 4
[LOG] SystemI::createSoundInternal             : Sample 0/1: name='Footsteps, Human, Barefoot, Walk, Slow, on Glass SND147193 S01', format=5, channels=2, frequency=48000, lengthbytes=14752, lengthpcm=52070, pcmblocksize=0, loopstart=0, loopend=0, mode=0x00000000, channelmask=0x00000000, channelorder=0, peakvolume=0.447874.
[LOG] SystemI::createSoundInternal             : Create name='', mode=0x02000202
[LOG] SystemI::createSoundInternal             : exinfo->cbsize             = 224
[LOG] SystemI::createSoundInternal             : exinfo->length             = 1265920
[LOG] SystemI::createSoundInternal             : exinfo->fileoffset         = 137760
[LOG] SystemI::createSoundInternal             : exinfo->numsubsounds       = 1
[LOG] SystemI::createSoundInternal             : exinfo->inclusionlist      = 00000038351BEC28
[LOG] SystemI::createSoundInternal             : exinfo->inclusionlistnum   = 1
[LOG] SystemI::createSoundInternal             : exinfo->suggestedsoundtype = 5
[LOG] SystemI::createSoundInternal             : exinfo->useropen           = 00007FFE97FDDA70
[LOG] SystemI::createSoundInternal             : exinfo->userclose          = 00007FFE97FDDA30
[LOG] SystemI::createSoundInternal             : exinfo->userread           = 00007FFE97FDDB50
[LOG] SystemI::createSoundInternal             : exinfo->userseek           = 00007FFE97FDDC10
[LOG] SystemI::createSoundInternal             : exinfo->fileuserdata       = 000001ADD3E921F8
[LOG] SystemI::createSoundInternal             : exinfo->initialseekpostype = 1
[LOG] SystemI::DSPCodecPoolRegister            : register codec pool for pool type 4
[LOG] SystemI::createSoundInternal             : Sample 0/1: name='Footsteps, Human, Sandals, Walk, Fast, on Glass SND147264 S03', format=5, channels=2, frequency=48000, lengthbytes=10176, lengthpcm=34083, pcmblocksize=0, loopstart=0, loopend=0, mode=0x00000000, channelmask=0x00000000, channelorder=0, peakvolume=0.114028.
[LOG] SystemI::createSoundInternal             : Create name='', mode=0x02000202
[LOG] SystemI::createSoundInternal             : exinfo->cbsize             = 224
[LOG] SystemI::createSoundInternal             : exinfo->length             = 1265920
[LOG] SystemI::createSoundInternal             : exinfo->fileoffset         = 137760
[LOG] SystemI::createSoundInternal             : exinfo->numsubsounds       = 1
[LOG] SystemI::createSoundInternal             : exinfo->inclusionlist      = 00000038351BEC28
[LOG] SystemI::createSoundInternal             : exinfo->inclusionlistnum   = 1
[LOG] SystemI::createSoundInternal             : exinfo->suggestedsoundtype = 5
[LOG] SystemI::createSoundInternal             : exinfo->useropen           = 00007FFE97FDDA70
[LOG] SystemI::createSoundInternal             : exinfo->userclose          = 00007FFE97FDDA30
[LOG] SystemI::createSoundInternal             : exinfo->userread           = 00007FFE97FDDB50
[LOG] SystemI::createSoundInternal             : exinfo->userseek           = 00007FFE97FDDC10
[LOG] SystemI::createSoundInternal             : exinfo->fileuserdata       = 000001ADD3E921F8
[LOG] SystemI::createSoundInternal             : exinfo->initialseekpostype = 1
[LOG] SystemI::DSPCodecPoolRegister            : register codec pool for pool type 4
[LOG] SystemI::createSoundInternal             : Sample 0/1: name='Footsteps, Human, Barefoot, Walk, Slow, on Glass SND147193 S07', format=5, channels=2, frequency=48000, lengthbytes=16064, lengthpcm=49549, pcmblocksize=0, loopstart=0, loopend=0, mode=0x00000000, channelmask=0x00000000, channelorder=0, peakvolume=0.185944.
[LOG] SystemI::createSoundInternal             : Create name='', mode=0x02000202
[LOG] SystemI::createSoundInternal             : exinfo->cbsize             = 224
[LOG] SystemI::createSoundInternal             : exinfo->length             = 1265920
[LOG] SystemI::createSoundInternal             : exinfo->fileoffset         = 137760
[LOG] SystemI::createSoundInternal             : exinfo->numsubsounds       = 1
[LOG] SystemI::createSoundInternal             : exinfo->inclusionlist      = 00000038351BEC28
[LOG] SystemI::createSoundInternal             : exinfo->inclusionlistnum   = 1
[LOG] SystemI::createSoundInternal             : exinfo->suggestedsoundtype = 5
[LOG] SystemI::createSoundInternal             : exinfo->useropen           = 00007FFE97FDDA70
[LOG] SystemI::createSoundInternal             : exinfo->userclose          = 00007FFE97FDDA30
[LOG] SystemI::createSoundInternal             : exinfo->userread           = 00007FFE97FDDB50
[LOG] SystemI::createSoundInternal             : exinfo->userseek           = 00007FFE97FDDC10
[LOG] SystemI::createSoundInternal             : exinfo->fileuserdata       = 000001ADD3E921F8
[LOG] SystemI::createSoundInternal             : exinfo->initialseekpostype = 1
[LOG] SystemI::DSPCodecPoolRegister            : register codec pool for pool type 4
[LOG] SystemI::createSoundInternal             : Sample 0/1: name='Footsteps, Human, Sneakers, Concrete, Walk, Distant SND127941 S08', format=5, channels=1, frequency=48000, lengthbytes=4736, lengthpcm=28469, pcmblocksize=0, loopstart=0, loopend=0, mode=0x00000000, channelmask=0x00000000, channelorder=0, peakvolume=0.018721.
[LOG] SystemI::createSoundInternal             : Create name='', mode=0x02000202
[LOG] SystemI::createSoundInternal             : exinfo->cbsize             = 224
[LOG] SystemI::createSoundInternal             : exinfo->length             = 1265920
[LOG] SystemI::createSoundInternal             : exinfo->fileoffset         = 137760
[LOG] SystemI::createSoundInternal             : exinfo->numsubsounds       = 1
[LOG] SystemI::createSoundInternal             : exinfo->inclusionlist      = 00000038351BEC28
[LOG] SystemI::createSoundInternal             : exinfo->inclusionlistnum   = 1
[LOG] SystemI::createSoundInternal             : exinfo->suggestedsoundtype = 5
[LOG] SystemI::createSoundInternal             : exinfo->useropen           = 00007FFE97FDDA70
[LOG] SystemI::createSoundInternal             : exinfo->userclose          = 00007FFE97FDDA30
[LOG] SystemI::createSoundInternal             : exinfo->userread           = 00007FFE97FDDB50
[LOG] SystemI::createSoundInternal             : exinfo->userseek           = 00007FFE97FDDC10
[LOG] SystemI::createSoundInternal             : exinfo->fileuserdata       = 000001ADD3E921F8
[LOG] SystemI::createSoundInternal             : exinfo->initialseekpostype = 1
[LOG] SystemI::DSPCodecPoolRegister            : register codec pool for pool type 4
[LOG] SystemI::createSoundInternal             : Sample 0/1: name='Concrete_Run-003', format=5, channels=2, frequency=48000, lengthbytes=3872, lengthpcm=24000, pcmblocksize=0, loopstart=0, loopend=0, mode=0x00000000, channelmask=0x00000000, channelorder=0, peakvolume=0.371403.
[LOG] SystemI::createSoundInternal             : Create name='', mode=0x02000202
[LOG] SystemI::createSoundInternal             : exinfo->cbsize             = 224
[LOG] SystemI::createSoundInternal             : exinfo->length             = 1265920
[LOG] SystemI::createSoundInternal             : exinfo->fileoffset         = 137760
[LOG] SystemI::createSoundInternal             : exinfo->numsubsounds       = 1
[LOG] SystemI::createSoundInternal             : exinfo->inclusionlist      = 00000038351BEC28
[LOG] SystemI::createSoundInternal             : exinfo->inclusionlistnum   = 1
[LOG] SystemI::createSoundInternal             : exinfo->suggestedsoundtype = 5
[LOG] SystemI::createSoundInternal             : exinfo->useropen           = 00007FFE97FDDA70
[LOG] SystemI::createSoundInternal             : exinfo->userclose          = 00007FFE97FDDA30
[LOG] SystemI::createSoundInternal             : exinfo->userread           = 00007FFE97FDDB50
[LOG] SystemI::createSoundInternal             : exinfo->userseek           = 00007FFE97FDDC10
[LOG] SystemI::createSoundInternal             : exinfo->fileuserdata       = 000001ADD3E921F8
[LOG] SystemI::createSoundInternal             : exinfo->initialseekpostype = 1
[LOG] SystemI::DSPCodecPoolRegister            : register codec pool for pool type 4
[LOG] SystemI::createSoundInternal             : Sample 0/1: name='Wood_Run-008', format=5, channels=2, frequency=48000, lengthbytes=4320, lengthpcm=24000, pcmblocksize=0, loopstart=0, loopend=0, mode=0x00000000, channelmask=0x00000000, channelorder=0, peakvolume=0.205714.
[LOG] SystemI::createSoundInternal             : Create name='', mode=0x02000202
[LOG] SystemI::createSoundInternal             : exinfo->cbsize             = 224
[LOG] SystemI::createSoundInternal             : exinfo->length             = 1265920
[LOG] SystemI::createSoundInternal             : exinfo->fileoffset         = 137760
[LOG] SystemI::createSoundInternal             : exinfo->numsubsounds       = 1
[LOG] SystemI::createSoundInternal             : exinfo->inclusionlist      = 00000038351BEC28
[LOG] SystemI::createSoundInternal             : exinfo->inclusionlistnum   = 1
[LOG] SystemI::createSoundInternal             : exinfo->suggestedsoundtype = 5
[LOG] SystemI::createSoundInternal             : exinfo->useropen           = 00007FFE97FDDA70
[LOG] SystemI::createSoundInternal             : exinfo->userclose          = 00007FFE97FDDA30
[LOG] SystemI::createSoundInternal             : exinfo->userread           = 00007FFE97FDDB50
[LOG] SystemI::createSoundInternal             : exinfo->userseek           = 00007FFE97FDDC10
[LOG] SystemI::createSoundInternal             : exinfo->fileuserdata       = 000001ADD3E921F8
[LOG] SystemI::createSoundInternal             : exinfo->initialseekpostype = 1
[LOG] SystemI::DSPCodecPoolRegister            : register codec pool for pool type 4
[LOG] SystemI::createSoundInternal             : Sample 0/1: name='Footsteps, Human, Slippers, Carpet, Wood, Walk, Distant SND128301 S03 2', format=5, channels=1, frequency=48000, lengthbytes=4224, lengthpcm=24834, pcmblocksize=0, loopstart=0, loopend=0, mode=0x00000000, channelmask=0x00000000, channelorder=0, peakvolume=0.016656.
[LOG] SystemI::createSoundInternal             : Create name='', mode=0x02000202
[LOG] SystemI::createSoundInternal             : exinfo->cbsize             = 224
[LOG] SystemI::createSoundInternal             : exinfo->length             = 1265920
[LOG] SystemI::createSoundInternal             : exinfo->fileoffset         = 137760
[LOG] SystemI::createSoundInternal             : exinfo->numsubsounds       = 1
[LOG] SystemI::createSoundInternal             : exinfo->inclusionlist      = 00000038351BEC28
[LOG] SystemI::createSoundInternal             : exinfo->inclusionlistnum   = 1
[LOG] SystemI::createSoundInternal             : exinfo->suggestedsoundtype = 5
[LOG] SystemI::createSoundInternal             : exinfo->useropen           = 00007FFE97FDDA70
[LOG] SystemI::createSoundInternal             : exinfo->userclose          = 00007FFE97FDDA30
[LOG] SystemI::createSoundInternal             : exinfo->userread           = 00007FFE97FDDB50
[LOG] SystemI::createSoundInternal             : exinfo->userseek           = 00007FFE97FDDC10
[LOG] SystemI::createSoundInternal             : exinfo->fileuserdata       = 000001ADD3E921F8
[LOG] SystemI::createSoundInternal             : exinfo->initialseekpostype = 1
[LOG] SystemI::DSPCodecPoolRegister            : register codec pool for pool type 4
[LOG] SystemI::createSoundInternal             : Sample 0/1: name='Footsteps, Human, Linoleum, Sneaker, Slow SND1080 S11', format=5, channels=1, frequency=48000, lengthbytes=8576, lengthpcm=50221, pcmblocksize=0, loopstart=0, loopend=0, mode=0x00000000, channelmask=0x00000000, channelorder=0, peakvolume=0.075847.
[LOG] SystemI::createSoundInternal             : Create name='', mode=0x02000202
[LOG] SystemI::createSoundInternal             : exinfo->cbsize             = 224
[LOG] SystemI::createSoundInternal             : exinfo->length             = 1265920
[LOG] SystemI::createSoundInternal             : exinfo->fileoffset         = 137760
[LOG] SystemI::createSoundInternal             : exinfo->numsubsounds       = 1
[LOG] SystemI::createSoundInternal             : exinfo->inclusionlist      = 00000038351BEC28
[LOG] SystemI::createSoundInternal             : exinfo->inclusionlistnum   = 1
[LOG] SystemI::createSoundInternal             : exinfo->suggestedsoundtype = 5
[LOG] SystemI::createSoundInternal             : exinfo->useropen           = 00007FFE97FDDA70
[LOG] SystemI::createSoundInternal             : exinfo->userclose          = 00007FFE97FDDA30
[LOG] SystemI::createSoundInternal             : exinfo->userread           = 00007FFE97FDDB50
[LOG] SystemI::createSoundInternal             : exinfo->userseek           = 00007FFE97FDDC10
[LOG] SystemI::createSoundInternal             : exinfo->fileuserdata       = 000001ADD3E921F8
[LOG] SystemI::createSoundInternal             : exinfo->initialseekpostype = 1
[LOG] SystemI::DSPCodecPoolRegister            : register codec pool for pool type 4
[LOG] SystemI::createSoundInternal             : Sample 0/1: name='Footsteps, Human, Slippers, Carpet, Wood, Walk, Distant SND128301 S02 2', format=5, channels=1, frequency=48000, lengthbytes=4672, lengthpcm=27770, pcmblocksize=0, loopstart=0, loopend=0, mode=0x00000000, channelmask=0x00000000, channelorder=0, peakvolume=0.034241.
[LOG] SystemI::createSoundInternal             : Create name='', mode=0x02000202
[LOG] SystemI::createSoundInternal             : exinfo->cbsize             = 224
[LOG] SystemI::createSoundInternal             : exinfo->length             = 1265920
[LOG] SystemI::createSoundInternal             : exinfo->fileoffset         = 137760
[LOG] SystemI::createSoundInternal             : exinfo->numsubsounds       = 1
[LOG] SystemI::createSoundInternal             : exinfo->inclusionlist      = 00000038351BEC28
[LOG] SystemI::createSoundInternal             : exinfo->inclusionlistnum   = 1
[LOG] SystemI::createSoundInternal             : exinfo->suggestedsoundtype = 5
[LOG] SystemI::createSoundInternal             : exinfo->useropen           = 00007FFE97FDDA70
[LOG] SystemI::createSoundInternal             : exinfo->userclose          = 00007FFE97FDDA30
[LOG] SystemI::createSoundInternal             : exinfo->userread           = 00007FFE97FDDB50
[LOG] SystemI::createSoundInternal             : exinfo->userseek           = 00007FFE97FDDC10
[LOG] SystemI::createSoundInternal             : exinfo->fileuserdata       = 000001ADD3E921F8
[LOG] SystemI::createSoundInternal             : exinfo->initialseekpostype = 1
[LOG] SystemI::DSPCodecPoolRegister            : register codec pool for pool type 4
[LOG] SystemI::createSoundInternal             : Sample 0/1: name='Carpet_Walk-001', format=5, channels=2, frequency=48000, lengthbytes=4768, lengthpcm=24000, pcmblocksize=0, loopstart=0, loopend=0, mode=0x00000000, channelmask=0x00000000, channelorder=0, peakvolume=0.187269.
[LOG] SystemI::createSoundInternal             : Create name='', mode=0x02000202
[LOG] SystemI::createSoundInternal             : exinfo->cbsize             = 224
[LOG] SystemI::createSoundInternal             : exinfo->length             = 1265920
[LOG] SystemI::createSoundInternal             : exinfo->fileoffset         = 137760
[LOG] SystemI::createSoundInternal             : exinfo->numsubsounds       = 1
[LOG] SystemI::createSoundInternal             : exinfo->inclusionlist      = 00000038351BEC28
[LOG] SystemI::createSoundInternal             : exinfo->inclusionlistnum   = 1
[LOG] SystemI::createSoundInternal             : exinfo->suggestedsoundtype = 5
[LOG] SystemI::createSoundInternal             : exinfo->useropen           = 00007FFE97FDDA70
[LOG] SystemI::createSoundInternal             : exinfo->userclose          = 00007FFE97FDDA30
[LOG] SystemI::createSoundInternal             : exinfo->userread           = 00007FFE97FDDB50
[LOG] SystemI::createSoundInternal             : exinfo->userseek           = 00007FFE97FDDC10
[LOG] SystemI::createSoundInternal             : exinfo->fileuserdata       = 000001ADD3E921F8
[LOG] SystemI::createSoundInternal             : exinfo->initialseekpostype = 1
[LOG] SystemI::DSPCodecPoolRegister            : register codec pool for pool type 4
[LOG] SystemI::createSoundInternal             : Sample 0/1: name='Footsteps, Human, Linoleum, Sneaker, Slow SND1080 S14', format=5, channels=1, frequency=48000, lengthbytes=9248, lengthpcm=52874, pcmblocksize=0, loopstart=0, loopend=0, mode=0x00000000, channelmask=0x00000000, channelorder=0, peakvolume=0.050616.
[LOG] SystemI::createSoundInternal             : Create name='', mode=0x02000202
[LOG] SystemI::createSoundInternal             : exinfo->cbsize             = 224
[LOG] SystemI::createSoundInternal             : exinfo->length             = 1265920
[LOG] SystemI::createSoundInternal             : exinfo->fileoffset         = 137760
[LOG] SystemI::createSoundInternal             : exinfo->numsubsounds       = 1
[LOG] SystemI::createSoundInternal             : exinfo->inclusionlist      = 00000038351BEC28
[LOG] SystemI::createSoundInternal             : exinfo->inclusionlistnum   = 1
[LOG] SystemI::createSoundInternal             : exinfo->suggestedsoundtype = 5
[LOG] SystemI::createSoundInternal             : exinfo->useropen           = 00007FFE97FDDA70
[LOG] SystemI::createSoundInternal             : exinfo->userclose          = 00007FFE97FDDA30
[LOG] SystemI::createSoundInternal             : exinfo->userread           = 00007FFE97FDDB50
[LOG] SystemI::createSoundInternal             : exinfo->userseek           = 00007FFE97FDDC10
[LOG] SystemI::createSoundInternal             : exinfo->fileuserdata       = 000001ADD3E921F8
[LOG] SystemI::createSoundInternal             : exinfo->initialseekpostype = 1
[LOG] SystemI::DSPCodecPoolRegister            : register codec pool for pool type 4
[LOG] SystemI::createSoundInternal             : Sample 0/1: name='Footsteps, Human, Sneakers, Concrete, Walk, Distant SND127941 S13', format=5, channels=1, frequency=48000, lengthbytes=4768, lengthpcm=27670, pcmblocksize=0, loopstart=0, loopend=0, mode=0x00000000, channelmask=0x00000000, channelorder=0, peakvolume=0.018880.
[LOG] SystemI::createSoundInternal             : Create name='', mode=0x02000202
[LOG] SystemI::createSoundInternal             : exinfo->cbsize             = 224
[LOG] SystemI::createSoundInternal             : exinfo->length             = 1265920
[LOG] SystemI::createSoundInternal             : exinfo->fileoffset         = 137760
[LOG] SystemI::createSoundInternal             : exinfo->numsubsounds       = 1
[LOG] SystemI::createSoundInternal             : exinfo->inclusionlist      = 00000038351BEC28
[LOG] SystemI::createSoundInternal             : exinfo->inclusionlistnum   = 1
[LOG] SystemI::createSoundInternal             : exinfo->suggestedsoundtype = 5
[LOG] SystemI::createSoundInternal             : exinfo->useropen           = 00007FFE97FDDA70
[LOG] SystemI::createSoundInternal             : exinfo->userclose          = 00007FFE97FDDA30
[LOG] SystemI::createSoundInternal             : exinfo->userread           = 00007FFE97FDDB50
[LOG] SystemI::createSoundInternal             : exinfo->userseek           = 00007FFE97FDDC10
[LOG] SystemI::createSoundInternal             : exinfo->fileuserdata       = 000001ADD3E921F8
[LOG] SystemI::createSoundInternal             : exinfo->initialseekpostype = 1
[LOG] SystemI::DSPCodecPoolRegister            : register codec pool for pool type 4
[LOG] SystemI::createSoundInternal             : Sample 0/1: name='linoleum_Walk-005', format=5, channels=2, frequency=48000, lengthbytes=5152, lengthpcm=48000, pcmblocksize=0, loopstart=0, loopend=0, mode=0x00000000, channelmask=0x00000000, channelorder=0, peakvolume=0.340396.
[LOG] SystemI::createSoundInternal             : Create name='', mode=0x02000202
[LOG] SystemI::createSoundInternal             : exinfo->cbsize             = 224
[LOG] SystemI::createSoundInternal             : exinfo->length             = 1265920
[LOG] SystemI::createSoundInternal             : exinfo->fileoffset         = 137760
[LOG] SystemI::createSoundInternal             : exinfo->numsubsounds       = 1
[LOG] SystemI::createSoundInternal             : exinfo->inclusionlist      = 00000038351BEC28
[LOG] SystemI::createSoundInternal             : exinfo->inclusionlistnum   = 1
[LOG] SystemI::createSoundInternal             : exinfo->suggestedsoundtype = 5
[LOG] SystemI::createSoundInternal             : exinfo->useropen           = 00007FFE97FDDA70
[LOG] SystemI::createSoundInternal             : exinfo->userclose          = 00007FFE97FDDA30
[LOG] SystemI::createSoundInternal             : exinfo->userread           = 00007FFE97FDDB50
[LOG] SystemI::createSoundInternal             : exinfo->userseek           = 00007FFE97FDDC10
[LOG] SystemI::createSoundInternal             : exinfo->fileuserdata       = 000001ADD3E921F8
[LOG] SystemI::createSoundInternal             : exinfo->initialseekpostype = 1
[LOG] SystemI::DSPCodecPoolRegister            : register codec pool for pool type 4
[LOG] SystemI::createSoundInternal             : Sample 0/1: name='Cloth, Movement, Cotton, Sprint, Distant Perspective SND129141 S14', format=5, channels=1, frequency=48000, lengthbytes=3104, lengthpcm=17264, pcmblocksize=0, loopstart=0, loopend=0, mode=0x00000000, channelmask=0x00000000, channelorder=0, peakvolume=0.057456.
[LOG] SystemI::createSoundInternal             : Create name='', mode=0x02000202
[LOG] SystemI::createSoundInternal             : exinfo->cbsize             = 224
[LOG] SystemI::createSoundInternal             : exinfo->length             = 1265920
[LOG] SystemI::createSoundInternal             : exinfo->fileoffset         = 137760
[LOG] SystemI::createSoundInternal             : exinfo->numsubsounds       = 1
[LOG] SystemI::createSoundInternal             : exinfo->inclusionlist      = 00000038351BEC28
[LOG] SystemI::createSoundInternal             : exinfo->inclusionlistnum   = 1
[LOG] SystemI::createSoundInternal             : exinfo->suggestedsoundtype = 5
[LOG] SystemI::createSoundInternal             : exinfo->useropen           = 00007FFE97FDDA70
[LOG] SystemI::createSoundInternal             : exinfo->userclose          = 00007FFE97FDDA30
[LOG] SystemI::createSoundInternal             : exinfo->userread           = 00007FFE97FDDB50
[LOG] SystemI::createSoundInternal             : exinfo->userseek           = 00007FFE97FDDC10
[LOG] SystemI::createSoundInternal             : exinfo->fileuserdata       = 000001ADD3E921F8
[LOG] SystemI::createSoundInternal             : exinfo->initialseekpostype = 1
[LOG] SystemI::DSPCodecPoolRegister            : register codec pool for pool type 4
[LOG] SystemI::createSoundInternal             : Sample 0/1: name='Wood_Run-005', format=5, channels=2, frequency=48000, lengthbytes=4640, lengthpcm=24000, pcmblocksize=0, loopstart=0, loopend=0, mode=0x00000000, channelmask=0x00000000, channelorder=0, peakvolume=0.226983.
[LOG] SystemI::createSoundInternal             : Create name='', mode=0x02000202
[LOG] SystemI::createSoundInternal             : exinfo->cbsize             = 224
[LOG] SystemI::createSoundInternal             : exinfo->length             = 1265920
[LOG] SystemI::createSoundInternal             : exinfo->fileoffset         = 137760
[LOG] SystemI::createSoundInternal             : exinfo->numsubsounds       = 1
[LOG] SystemI::createSoundInternal             : exinfo->inclusionlist      = 00000038351BEC28
[LOG] SystemI::createSoundInternal             : exinfo->inclusionlistnum   = 1
[LOG] SystemI::createSoundInternal             : exinfo->suggestedsoundtype = 5
[LOG] SystemI::createSoundInternal             : exinfo->useropen           = 00007FFE97FDDA70
[LOG] SystemI::createSoundInternal             : exinfo->userclose          = 00007FFE97FDDA30
[LOG] SystemI::createSoundInternal             : exinfo->userread           = 00007FFE97FDDB50
[LOG] SystemI::createSoundInternal             : exinfo->userseek           = 00007FFE97FDDC10
[LOG] SystemI::createSoundInternal             : exinfo->fileuserdata       = 000001ADD3E921F8
[LOG] SystemI::createSoundInternal             : exinfo->initialseekpostype = 1
[LOG] SystemI::DSPCodecPoolRegister            : register codec pool for pool type 4
[LOG] SystemI::createSoundInternal             : Sample 0/1: name='linoleum_Run-001', format=5, channels=2, frequency=48000, lengthbytes=4512, lengthpcm=48000, pcmblocksize=0, loopstart=0, loopend=0, mode=0x00000000, channelmask=0x00000000, channelorder=0, peakvolume=0.368928.
[LOG] SystemI::createSoundInternal             : Create name='', mode=0x02000202
[LOG] SystemI::createSoundInternal             : exinfo->cbsize             = 224
[LOG] SystemI::createSoundInternal             : exinfo->length             = 1265920
[LOG] SystemI::createSoundInternal             : exinfo->fileoffset         = 137760
[LOG] SystemI::createSoundInternal             : exinfo->numsubsounds       = 1
[LOG] SystemI::createSoundInternal             : exinfo->inclusionlist      = 00000038351BEC28
[LOG] SystemI::createSoundInternal             : exinfo->inclusionlistnum   = 1
[LOG] SystemI::createSoundInternal             : exinfo->suggestedsoundtype = 5
[LOG] SystemI::createSoundInternal             : exinfo->useropen           = 00007FFE97FDDA70
[LOG] SystemI::createSoundInternal             : exinfo->userclose          = 00007FFE97FDDA30
[LOG] SystemI::createSoundInternal             : exinfo->userread           = 00007FFE97FDDB50
[LOG] SystemI::createSoundInternal             : exinfo->userseek           = 00007FFE97FDDC10
[LOG] SystemI::createSoundInternal             : exinfo->fileuserdata       = 000001ADD3E921F8
[LOG] SystemI::createSoundInternal             : exinfo->initialseekpostype = 1
[LOG] SystemI::DSPCodecPoolRegister            : register codec pool for pool type 4
[LOG] SystemI::createSoundInternal             : Sample 0/1: name='Footsteps, Human, Sandals, Walk, Fast, on Glass SND147264 S07', format=5, channels=2, frequency=48000, lengthbytes=9280, lengthpcm=29799, pcmblocksize=0, loopstart=0, loopend=0, mode=0x00000000, channelmask=0x00000000, channelorder=0, peakvolume=0.364335.
[LOG] SystemI::createSoundInternal             : Create name='', mode=0x02000202
[LOG] SystemI::createSoundInternal             : exinfo->cbsize             = 224
[LOG] SystemI::createSoundInternal             : exinfo->length             = 1265920
[LOG] SystemI::createSoundInternal             : exinfo->fileoffset         = 137760
[LOG] SystemI::createSoundInternal             : exinfo->numsubsounds       = 1
[LOG] SystemI::createSoundInternal             : exinfo->inclusionlist      = 00000038351BEC28
[LOG] SystemI::createSoundInternal             : exinfo->inclusionlistnum   = 1
[LOG] SystemI::createSoundInternal             : exinfo->suggestedsoundtype = 5
[LOG] SystemI::createSoundInternal             : exinfo->useropen           = 00007FFE97FDDA70
[LOG] SystemI::createSoundInternal             : exinfo->userclose          = 00007FFE97FDDA30
[LOG] SystemI::createSoundInternal             : exinfo->userread           = 00007FFE97FDDB50
[LOG] SystemI::createSoundInternal             : exinfo->userseek           = 00007FFE97FDDC10
[LOG] SystemI::createSoundInternal             : exinfo->fileuserdata       = 000001ADD3E921F8
[LOG] SystemI::createSoundInternal             : exinfo->initialseekpostype = 1
[LOG] SystemI::DSPCodecPoolRegister            : register codec pool for pool type 4
[LOG] SystemI::createSoundInternal             : Sample 0/1: name='Carpet_Run-003', format=5, channels=2, frequency=48000, lengthbytes=3168, lengthpcm=24000, pcmblocksize=0, loopstart=0, loopend=0, mode=0x00000000, channelmask=0x00000000, channelorder=0, peakvolume=0.356720.
[LOG] SystemI::createSoundInternal             : Create name='', mode=0x02000202
[LOG] SystemI::createSoundInternal             : exinfo->cbsize             = 224
[LOG] SystemI::createSoundInternal             : exinfo->length             = 1265920
[LOG] SystemI::createSoundInternal             : exinfo->fileoffset         = 137760
[LOG] SystemI::createSoundInternal             : exinfo->numsubsounds       = 1
[LOG] SystemI::createSoundInternal             : exinfo->inclusionlist      = 00000038351BEC28
[LOG] SystemI::createSoundInternal             : exinfo->inclusionlistnum   = 1
[LOG] SystemI::createSoundInternal             : exinfo->suggestedsoundtype = 5
[LOG] SystemI::createSoundInternal             : exinfo->useropen           = 00007FFE97FDDA70
[LOG] SystemI::createSoundInternal             : exinfo->userclose          = 00007FFE97FDDA30
[LOG] SystemI::createSoundInternal             : exinfo->userread           = 00007FFE97FDDB50
[LOG] SystemI::createSoundInternal             : exinfo->userseek           = 00007FFE97FDDC10
[LOG] SystemI::createSoundInternal             : exinfo->fileuserdata       = 000001ADD3E921F8
[LOG] SystemI::createSoundInternal             : exinfo->initialseekpostype = 1
[LOG] SystemI::DSPCodecPoolRegister            : register codec pool for pool type 4
[LOG] SystemI::createSoundInternal             : Sample 0/1: name='linoleum_Walk-004', format=5, channels=2, frequency=48000, lengthbytes=5024, lengthpcm=48000, pcmblocksize=0, loopstart=0, loopend=0, mode=0x00000000, channelmask=0x00000000, channelorder=0, peakvolume=0.307896.
[LOG] SystemI::createSoundInternal             : Create name='', mode=0x02000202
[LOG] SystemI::createSoundInternal             : exinfo->cbsize             = 224
[LOG] SystemI::createSoundInternal             : exinfo->length             = 1265920
[LOG] SystemI::createSoundInternal             : exinfo->fileoffset         = 137760
[LOG] SystemI::createSoundInternal             : exinfo->numsubsounds       = 1
[LOG] SystemI::createSoundInternal             : exinfo->inclusionlist      = 00000038351BEC28
[LOG] SystemI::createSoundInternal             : exinfo->inclusionlistnum   = 1
[LOG] SystemI::createSoundInternal             : exinfo->suggestedsoundtype = 5
[LOG] SystemI::createSoundInternal             : exinfo->useropen           = 00007FFE97FDDA70
[LOG] SystemI::createSoundInternal             : exinfo->userclose          = 00007FFE97FDDA30
[LOG] SystemI::createSoundInternal             : exinfo->userread           = 00007FFE97FDDB50
[LOG] SystemI::createSoundInternal             : exinfo->userseek           = 00007FFE97FDDC10
[LOG] SystemI::createSoundInternal             : exinfo->fileuserdata       = 000001ADD3E921F8
[LOG] SystemI::createSoundInternal             : exinfo->initialseekpostype = 1
[LOG] SystemI::DSPCodecPoolRegister            : register codec pool for pool type 4
[LOG] SystemI::createSoundInternal             : Sample 0/1: name='Footsteps, Human, Slippers, Carpet, Wood, Walk, Distant SND128301 S05 2', format=5, channels=1, frequency=48000, lengthbytes=4288, lengthpcm=25512, pcmblocksize=0, loopstart=0, loopend=0, mode=0x00000000, channelmask=0x00000000, channelorder=0, peakvolume=0.019396.
[LOG] SystemI::createSoundInternal             : Create name='', mode=0x02000202
[LOG] SystemI::createSoundInternal             : exinfo->cbsize             = 224
[LOG] SystemI::createSoundInternal             : exinfo->length             = 1265920
[LOG] SystemI::createSoundInternal             : exinfo->fileoffset         = 137760
[LOG] SystemI::createSoundInternal             : exinfo->numsubsounds       = 1
[LOG] SystemI::createSoundInternal             : exinfo->inclusionlist      = 00000038351BEC28
[LOG] SystemI::createSoundInternal             : exinfo->inclusionlistnum   = 1
[LOG] SystemI::createSoundInternal             : exinfo->suggestedsoundtype = 5
[LOG] SystemI::createSoundInternal             : exinfo->useropen           = 00007FFE97FDDA70
[LOG] SystemI::createSoundInternal             : exinfo->userclose          = 00007FFE97FDDA30
[LOG] SystemI::createSoundInternal             : exinfo->userread           = 00007FFE97FDDB50
[LOG] SystemI::createSoundInternal             : exinfo->userseek           = 00007FFE97FDDC10
[LOG] SystemI::createSoundInternal             : exinfo->fileuserdata       = 000001ADD3E921F8
[LOG] SystemI::createSoundInternal             : exinfo->initialseekpostype = 1
[LOG] SystemI::DSPCodecPoolRegister            : register codec pool for pool type 4
[LOG] SystemI::createSoundInternal             : Sample 0/1: name='Footsteps, Human, Linoleum, Sneaker, Slow SND1080 S12', format=5, channels=1, frequency=48000, lengthbytes=8480, lengthpcm=48985, pcmblocksize=0, loopstart=0, loopend=0, mode=0x00000000, channelmask=0x00000000, channelorder=0, peakvolume=0.098779.
[LOG] SystemI::createSoundInternal             : Create name='', mode=0x02000202
[LOG] SystemI::createSoundInternal             : exinfo->cbsize             = 224
[LOG] SystemI::createSoundInternal             : exinfo->length             = 1265920
[LOG] SystemI::createSoundInternal             : exinfo->fileoffset         = 137760
[LOG] SystemI::createSoundInternal             : exinfo->numsubsounds       = 1
[LOG] SystemI::createSoundInternal             : exinfo->inclusionlist      = 00000038351BEC28
[LOG] SystemI::createSoundInternal             : exinfo->inclusionlistnum   = 1
[LOG] SystemI::createSoundInternal             : exinfo->suggestedsoundtype = 5
[LOG] SystemI::createSoundInternal             : exinfo->useropen           = 00007FFE97FDDA70
[LOG] SystemI::createSoundInternal             : exinfo->userclose          = 00007FFE97FDDA30
[LOG] SystemI::createSoundInternal             : exinfo->userread           = 00007FFE97FDDB50
[LOG] SystemI::createSoundInternal             : exinfo->userseek           = 00007FFE97FDDC10
[LOG] SystemI::createSoundInternal             : exinfo->fileuserdata       = 000001ADD3E921F8
[LOG] SystemI::createSoundInternal             : exinfo->initialseekpostype = 1
[LOG] SystemI::DSPCodecPoolRegister            : register codec pool for pool type 4
[LOG] SystemI::createSoundInternal             : Sample 0/1: name='Carpet_Run-005', format=5, channels=2, frequency=48000, lengthbytes=3392, lengthpcm=24000, pcmblocksize=0, loopstart=0, loopend=0, mode=0x00000000, channelmask=0x00000000, channelorder=0, peakvolume=0.219938.
[LOG] SystemI::createSoundInternal             : Create name='', mode=0x02000202
[LOG] SystemI::createSoundInternal             : exinfo->cbsize             = 224
[LOG] SystemI::createSoundInternal             : exinfo->length             = 1265920
[LOG] SystemI::createSoundInternal             : exinfo->fileoffset         = 137760
[LOG] SystemI::createSoundInternal             : exinfo->numsubsounds       = 1
[LOG] SystemI::createSoundInternal             : exinfo->inclusionlist      = 00000038351BEC28
[LOG] SystemI::createSoundInternal             : exinfo->inclusionlistnum   = 1
[LOG] SystemI::createSoundInternal             : exinfo->suggestedsoundtype = 5
[LOG] SystemI::createSoundInternal             : exinfo->useropen           = 00007FFE97FDDA70
[LOG] SystemI::createSoundInternal             : exinfo->userclose          = 00007FFE97FDDA30
[LOG] SystemI::createSoundInternal             : exinfo->userread           = 00007FFE97FDDB50
[LOG] SystemI::createSoundInternal             : exinfo->userseek           = 00007FFE97FDDC10
[LOG] SystemI::createSoundInternal             : exinfo->fileuserdata       = 000001ADD3E921F8
[LOG] SystemI::createSoundInternal             : exinfo->initialseekpostype = 1
[LOG] SystemI::DSPCodecPoolRegister            : register codec pool for pool type 4
[LOG] SystemI::createSoundInternal             : Sample 0/1: name='Footsteps, Human, Slippers, Wood, Hollow, Walk, Distant SND128428 S08', format=5, channels=1, frequency=48000, lengthbytes=4480, lengthpcm=25554, pcmblocksize=0, loopstart=0, loopend=0, mode=0x00000000, channelmask=0x00000000, channelorder=0, peakvolume=0.048361.
[LOG] SystemI::createSoundInternal             : Create name='', mode=0x02000202
[LOG] SystemI::createSoundInternal             : exinfo->cbsize             = 224
[LOG] SystemI::createSoundInternal             : exinfo->length             = 1265920
[LOG] SystemI::createSoundInternal             : exinfo->fileoffset         = 137760
[LOG] SystemI::createSoundInternal             : exinfo->numsubsounds       = 1
[LOG] SystemI::createSoundInternal             : exinfo->inclusionlist      = 00000038351BEC28
[LOG] SystemI::createSoundInternal             : exinfo->inclusionlistnum   = 1
[LOG] SystemI::createSoundInternal             : exinfo->suggestedsoundtype = 5
[LOG] SystemI::createSoundInternal             : exinfo->useropen           = 00007FFE97FDDA70
[LOG] SystemI::createSoundInternal             : exinfo->userclose          = 00007FFE97FDDA30
[LOG] SystemI::createSoundInternal             : exinfo->userread           = 00007FFE97FDDB50
[LOG] SystemI::createSoundInternal             : exinfo->userseek           = 00007FFE97FDDC10
[LOG] SystemI::createSoundInternal             : exinfo->fileuserdata       = 000001ADD3E921F8
[LOG] SystemI::createSoundInternal             : exinfo->initialseekpostype = 1
[LOG] SystemI::DSPCodecPoolRegister            : register codec pool for pool type 4
[LOG] SystemI::createSoundInternal             : Sample 0/1: name='linoleum_Walk-002', format=5, channels=2, frequency=48000, lengthbytes=4864, lengthpcm=48000, pcmblocksize=0, loopstart=0, loopend=0, mode=0x00000000, channelmask=0x00000000, channelorder=0, peakvolume=0.201382.
[LOG] SystemI::createSoundInternal             : Create name='', mode=0x02000202
[LOG] SystemI::createSoundInternal             : exinfo->cbsize             = 224
[LOG] SystemI::createSoundInternal             : exinfo->length             = 1265920
[LOG] SystemI::createSoundInternal             : exinfo->fileoffset         = 137760
[LOG] SystemI::createSoundInternal             : exinfo->numsubsounds       = 1
[LOG] SystemI::createSoundInternal             : exinfo->inclusionlist      = 00000038351BEC28
[LOG] SystemI::createSoundInternal             : exinfo->inclusionlistnum   = 1
[LOG] SystemI::createSoundInternal             : exinfo->suggestedsoundtype = 5
[LOG] SystemI::createSoundInternal             : exinfo->useropen           = 00007FFE97FDDA70
[LOG] SystemI::createSoundInternal             : exinfo->userclose          = 00007FFE97FDDA30
[LOG] SystemI::createSoundInternal             : exinfo->userread           = 00007FFE97FDDB50
[LOG] SystemI::createSoundInternal             : exinfo->userseek           = 00007FFE97FDDC10
[LOG] SystemI::createSoundInternal             : exinfo->fileuserdata       = 000001ADD3E921F8
[LOG] SystemI::createSoundInternal             : exinfo->initialseekpostype = 1
[LOG] SystemI::DSPCodecPoolRegister            : register codec pool for pool type 4
[LOG] SystemI::createSoundInternal             : Sample 0/1: name='linoleum_Run-002', format=5, channels=2, frequency=48000, lengthbytes=3584, lengthpcm=48000, pcmblocksize=0, loopstart=0, loopend=0, mode=0x00000000, channelmask=0x00000000, channelorder=0, peakvolume=0.228486.
[LOG] SystemI::createSoundInternal             : Create name='', mode=0x02000202
[LOG] SystemI::createSoundInternal             : exinfo->cbsize             = 224
[LOG] SystemI::createSoundInternal             : exinfo->length             = 1265920
[LOG] SystemI::createSoundInternal             : exinfo->fileoffset         = 137760
[LOG] SystemI::createSoundInternal             : exinfo->numsubsounds       = 1
[LOG] SystemI::createSoundInternal             : exinfo->inclusionlist      = 00000038351BEC28
[LOG] SystemI::createSoundInternal             : exinfo->inclusionlistnum   = 1
[LOG] SystemI::createSoundInternal             : exinfo->suggestedsoundtype = 5
[LOG] SystemI::createSoundInternal             : exinfo->useropen           = 00007FFE97FDDA70
[LOG] SystemI::createSoundInternal             : exinfo->userclose          = 00007FFE97FDDA30
[LOG] SystemI::createSoundInternal             : exinfo->userread           = 00007FFE97FDDB50
[LOG] SystemI::createSoundInternal             : exinfo->userseek           = 00007FFE97FDDC10
[LOG] SystemI::createSoundInternal             : exinfo->fileuserdata       = 000001ADD3E921F8
[LOG] SystemI::createSoundInternal             : exinfo->initialseekpostype = 1
[LOG] SystemI::DSPCodecPoolRegister            : register codec pool for pool type 4
[LOG] SystemI::createSoundInternal             : Sample 0/1: name='linoleum_Walk-003', format=5, channels=2, frequency=48000, lengthbytes=4832, lengthpcm=48000, pcmblocksize=0, loopstart=0, loopend=0, mode=0x00000000, channelmask=0x00000000, channelorder=0, peakvolume=0.303915.
[LOG] SystemI::createSoundInternal             : Create name='', mode=0x02000202
[LOG] SystemI::createSoundInternal             : exinfo->cbsize             = 224
[LOG] SystemI::createSoundInternal             : exinfo->length             = 1265920
[LOG] SystemI::createSoundInternal             : exinfo->fileoffset         = 137760
[LOG] SystemI::createSoundInternal             : exinfo->numsubsounds       = 1
[LOG] SystemI::createSoundInternal             : exinfo->inclusionlist      = 00000038351BEC28
[LOG] SystemI::createSoundInternal             : exinfo->inclusionlistnum   = 1
[LOG] SystemI::createSoundInternal             : exinfo->suggestedsoundtype = 5
[LOG] SystemI::createSoundInternal             : exinfo->useropen           = 00007FFE97FDDA70
[LOG] SystemI::createSoundInternal             : exinfo->userclose          = 00007FFE97FDDA30
[LOG] SystemI::createSoundInternal             : exinfo->userread           = 00007FFE97FDDB50
[LOG] SystemI::createSoundInternal             : exinfo->userseek           = 00007FFE97FDDC10
[LOG] SystemI::createSoundInternal             : exinfo->fileuserdata       = 000001ADD3E921F8
[LOG] SystemI::createSoundInternal             : exinfo->initialseekpostype = 1
[LOG] SystemI::DSPCodecPoolRegister            : register codec pool for pool type 4
[LOG] SystemI::createSoundInternal             : Sample 0/1: name='Concrete_Walk-006', format=5, channels=2, frequency=48000, lengthbytes=5472, lengthpcm=24000, pcmblocksize=0, loopstart=0, loopend=0, mode=0x00000000, channelmask=0x00000000, channelorder=0, peakvolume=0.173417.
[LOG] SystemI::createSoundInternal             : Create name='', mode=0x02000202
[LOG] SystemI::createSoundInternal             : exinfo->cbsize             = 224
[LOG] SystemI::createSoundInternal             : exinfo->length             = 1265920
[LOG] SystemI::createSoundInternal             : exinfo->fileoffset         = 137760
[LOG] SystemI::createSoundInternal             : exinfo->numsubsounds       = 1
[LOG] SystemI::createSoundInternal             : exinfo->inclusionlist      = 00000038351BEC28
[LOG] SystemI::createSoundInternal             : exinfo->inclusionlistnum   = 1
[LOG] SystemI::createSoundInternal             : exinfo->suggestedsoundtype = 5
[LOG] SystemI::createSoundInternal             : exinfo->useropen           = 00007FFE97FDDA70
[LOG] SystemI::createSoundInternal             : exinfo->userclose          = 00007FFE97FDDA30
[LOG] SystemI::createSoundInternal             : exinfo->userread           = 00007FFE97FDDB50
[LOG] SystemI::createSoundInternal             : exinfo->userseek           = 00007FFE97FDDC10
[LOG] SystemI::createSoundInternal             : exinfo->fileuserdata       = 000001ADD3E921F8
[LOG] SystemI::createSoundInternal             : exinfo->initialseekpostype = 1
[LOG] SystemI::DSPCodecPoolRegister            : register codec pool for pool type 4
[LOG] SystemI::createSoundInternal             : Sample 0/1: name='Footsteps, Human, Slippers, Wood, Hollow, Walk, Distant SND128428 S02', format=5, channels=1, frequency=48000, lengthbytes=4608, lengthpcm=26472, pcmblocksize=0, loopstart=0, loopend=0, mode=0x00000000, channelmask=0x00000000, channelorder=0, peakvolume=0.039728.
[LOG] SystemI::createSoundInternal             : Create name='', mode=0x02000202
[LOG] SystemI::createSoundInternal             : exinfo->cbsize             = 224
[LOG] SystemI::createSoundInternal             : exinfo->length             = 1265920
[LOG] SystemI::createSoundInternal             : exinfo->fileoffset         = 137760
[LOG] SystemI::createSoundInternal             : exinfo->numsubsounds       = 1
[LOG] SystemI::createSoundInternal             : exinfo->inclusionlist      = 00000038351BEC28
[LOG] SystemI::createSoundInternal             : exinfo->inclusionlistnum   = 1
[LOG] SystemI::createSoundInternal             : exinfo->suggestedsoundtype = 5
[LOG] SystemI::createSoundInternal             : exinfo->useropen           = 00007FFE97FDDA70
[LOG] SystemI::createSoundInternal             : exinfo->userclose          = 00007FFE97FDDA30
[LOG] SystemI::createSoundInternal             : exinfo->userread           = 00007FFE97FDDB50
[LOG] SystemI::createSoundInternal             : exinfo->userseek           = 00007FFE97FDDC10
[LOG] SystemI::createSoundInternal             : exinfo->fileuserdata       = 000001ADD3E921F8
[LOG] SystemI::createSoundInternal             : exinfo->initialseekpostype = 1
[LOG] SystemI::DSPCodecPoolRegister            : register codec pool for pool type 4
[LOG] SystemI::createSoundInternal             : Sample 0/1: name='Footsteps, Human, Slippers, Wood, Hollow, Walk, Distant SND128428 S03', format=5, channels=1, frequency=48000, lengthbytes=4352, lengthpcm=25294, pcmblocksize=0, loopstart=0, loopend=0, mode=0x00000000, channelmask=0x00000000, channelorder=0, peakvolume=0.025439.
[LOG] SystemI::createSoundInternal             : Create name='', mode=0x02000202
[LOG] SystemI::createSoundInternal             : exinfo->cbsize             = 224
[LOG] SystemI::createSoundInternal             : exinfo->length             = 1265920
[LOG] SystemI::createSoundInternal             : exinfo->fileoffset         = 137760
[LOG] SystemI::createSoundInternal             : exinfo->numsubsounds       = 1
[LOG] SystemI::createSoundInternal             : exinfo->inclusionlist      = 00000038351BEC28
[LOG] SystemI::createSoundInternal             : exinfo->inclusionlistnum   = 1
[LOG] SystemI::createSoundInternal             : exinfo->suggestedsoundtype = 5
[LOG] SystemI::createSoundInternal             : exinfo->useropen           = 00007FFE97FDDA70
[LOG] SystemI::createSoundInternal             : exinfo->userclose          = 00007FFE97FDDA30
[LOG] SystemI::createSoundInternal             : exinfo->userread           = 00007FFE97FDDB50
[LOG] SystemI::createSoundInternal             : exinfo->userseek           = 00007FFE97FDDC10
[LOG] SystemI::createSoundInternal             : exinfo->fileuserdata       = 000001ADD3E921F8
[LOG] SystemI::createSoundInternal             : exinfo->initialseekpostype = 1
[LOG] SystemI::DSPCodecPoolRegister            : register codec pool for pool type 4
[LOG] SystemI::createSoundInternal             : Sample 0/1: name='Footsteps, Human, Slippers, Wood, Hollow, Walk, Distant SND128428 S04', format=5, channels=1, frequency=48000, lengthbytes=4576, lengthpcm=26341, pcmblocksize=0, loopstart=0, loopend=0, mode=0x00000000, channelmask=0x00000000, channelorder=0, peakvolume=0.041033.
[LOG] SystemI::createSoundInternal             : Create name='', mode=0x02000202
[LOG] SystemI::createSoundInternal             : exinfo->cbsize             = 224
[LOG] SystemI::createSoundInternal             : exinfo->length             = 1265920
[LOG] SystemI::createSoundInternal             : exinfo->fileoffset         = 137760
[LOG] SystemI::createSoundInternal             : exinfo->numsubsounds       = 1
[LOG] SystemI::createSoundInternal             : exinfo->inclusionlist      = 00000038351BEC28
[LOG] SystemI::createSoundInternal             : exinfo->inclusionlistnum   = 1
[LOG] SystemI::createSoundInternal             : exinfo->suggestedsoundtype = 5
[LOG] SystemI::createSoundInternal             : exinfo->useropen           = 00007FFE97FDDA70
[LOG] SystemI::createSoundInternal             : exinfo->userclose          = 00007FFE97FDDA30
[LOG] SystemI::createSoundInternal             : exinfo->userread           = 00007FFE97FDDB50
[LOG] SystemI::createSoundInternal             : exinfo->userseek           = 00007FFE97FDDC10
[LOG] SystemI::createSoundInternal             : exinfo->fileuserdata       = 000001ADD3E921F8
[LOG] SystemI::createSoundInternal             : exinfo->initialseekpostype = 1
[LOG] SystemI::DSPCodecPoolRegister            : register codec pool for pool type 4
[LOG] SystemI::createSoundInternal             : Sample 0/1: name='Footsteps, Human, Slippers, Carpet, Wood, Walk, Distant SND128301 S01 2', format=5, channels=1, frequency=48000, lengthbytes=4128, lengthpcm=24609, pcmblocksize=0, loopstart=0, loopend=0, mode=0x00000000, channelmask=0x00000000, channelorder=0, peakvolume=0.026922.
[LOG] SystemI::createSoundInternal             : Create name='', mode=0x02000202
[LOG] SystemI::createSoundInternal             : exinfo->cbsize             = 224
[LOG] SystemI::createSoundInternal             : exinfo->length             = 1265920
[LOG] SystemI::createSoundInternal             : exinfo->fileoffset         = 137760
[LOG] SystemI::createSoundInternal             : exinfo->numsubsounds       = 1
[LOG] SystemI::createSoundInternal             : exinfo->inclusionlist      = 00000038351BEC28
[LOG] SystemI::createSoundInternal             : exinfo->inclusionlistnum   = 1
[LOG] SystemI::createSoundInternal             : exinfo->suggestedsoundtype = 5
[LOG] SystemI::createSoundInternal             : exinfo->useropen           = 00007FFE97FDDA70
[LOG] SystemI::createSoundInternal             : exinfo->userclose          = 00007FFE97FDDA30
[LOG] SystemI::createSoundInternal             : exinfo->userread           = 00007FFE97FDDB50
[LOG] SystemI::createSoundInternal             : exinfo->userseek           = 00007FFE97FDDC10
[LOG] SystemI::createSoundInternal             : exinfo->fileuserdata       = 000001ADD3E921F8
[LOG] SystemI::createSoundInternal             : exinfo->initialseekpostype = 1
[LOG] SystemI::DSPCodecPoolRegister            : register codec pool for pool type 4
[LOG] SystemI::createSoundInternal             : Sample 0/1: name='Cloth, Movement, Cotton, Sprint, Distant Perspective SND129141 S15', format=5, channels=1, frequency=48000, lengthbytes=2624, lengthpcm=14427, pcmblocksize=0, loopstart=0, loopend=0, mode=0x00000000, channelmask=0x00000000, channelorder=0, peakvolume=0.074846.
[LOG] SystemI::createSoundInternal             : Create name='', mode=0x02000202
[LOG] SystemI::createSoundInternal             : exinfo->cbsize             = 224
[LOG] SystemI::createSoundInternal             : exinfo->length             = 1265920
[LOG] SystemI::createSoundInternal             : exinfo->fileoffset         = 137760
[LOG] SystemI::createSoundInternal             : exinfo->numsubsounds       = 1
[LOG] SystemI::createSoundInternal             : exinfo->inclusionlist      = 00000038351BEC28
[LOG] SystemI::createSoundInternal             : exinfo->inclusionlistnum   = 1
[LOG] SystemI::createSoundInternal             : exinfo->suggestedsoundtype = 5
[LOG] SystemI::createSoundInternal             : exinfo->useropen           = 00007FFE97FDDA70
[LOG] SystemI::createSoundInternal             : exinfo->userclose          = 00007FFE97FDDA30
[LOG] SystemI::createSoundInternal             : exinfo->userread           = 00007FFE97FDDB50
[LOG] SystemI::createSoundInternal             : exinfo->userseek           = 00007FFE97FDDC10
[LOG] SystemI::createSoundInternal             : exinfo->fileuserdata       = 000001ADD3E921F8
[LOG] SystemI::createSoundInternal             : exinfo->initialseekpostype = 1
[LOG] SystemI::DSPCodecPoolRegister            : register codec pool for pool type 4
[LOG] SystemI::createSoundInternal             : Sample 0/1: name='Footsteps, Human, Slippers, Carpet, Wood, Walk, Distant SND128301 S06 2', format=5, channels=1, frequency=48000, lengthbytes=4544, lengthpcm=26415, pcmblocksize=0, loopstart=0, loopend=0, mode=0x00000000, channelmask=0x00000000, channelorder=0, peakvolume=0.059324.
[LOG] SystemI::createSoundInternal             : Create name='', mode=0x02000202
[LOG] SystemI::createSoundInternal             : exinfo->cbsize             = 224
[LOG] SystemI::createSoundInternal             : exinfo->length             = 1265920
[LOG] SystemI::createSoundInternal             : exinfo->fileoffset         = 137760
[LOG] SystemI::createSoundInternal             : exinfo->numsubsounds       = 1
[LOG] SystemI::createSoundInternal             : exinfo->inclusionlist      = 00000038351BEC28
[LOG] SystemI::createSoundInternal             : exinfo->inclusionlistnum   = 1
[LOG] SystemI::createSoundInternal             : exinfo->suggestedsoundtype = 5
[LOG] SystemI::createSoundInternal             : exinfo->useropen           = 00007FFE97FDDA70
[LOG] SystemI::createSoundInternal             : exinfo->userclose          = 00007FFE97FDDA30
[LOG] SystemI::createSoundInternal             : exinfo->userread           = 00007FFE97FDDB50
[LOG] SystemI::createSoundInternal             : exinfo->userseek           = 00007FFE97FDDC10
[LOG] SystemI::createSoundInternal             : exinfo->fileuserdata       = 000001ADD3E921F8
[LOG] SystemI::createSoundInternal             : exinfo->initialseekpostype = 1
[LOG] SystemI::DSPCodecPoolRegister            : register codec pool for pool type 4
[LOG] SystemI::createSoundInternal             : Sample 0/1: name='Carpet_Run-001', format=5, channels=2, frequency=48000, lengthbytes=3712, lengthpcm=24000, pcmblocksize=0, loopstart=0, loopend=0, mode=0x00000000, channelmask=0x00000000, channelorder=0, peakvolume=0.389951.
[LOG] SystemI::createSoundInternal             : Create name='', mode=0x02000202
[LOG] SystemI::createSoundInternal             : exinfo->cbsize             = 224
[LOG] SystemI::createSoundInternal             : exinfo->length             = 1265920
[LOG] SystemI::createSoundInternal             : exinfo->fileoffset         = 137760
[LOG] SystemI::createSoundInternal             : exinfo->numsubsounds       = 1
[LOG] SystemI::createSoundInternal             : exinfo->inclusionlist      = 00000038351BEC28
[LOG] SystemI::createSoundInternal             : exinfo->inclusionlistnum   = 1
[LOG] SystemI::createSoundInternal             : exinfo->suggestedsoundtype = 5
[LOG] SystemI::createSoundInternal             : exinfo->useropen           = 00007FFE97FDDA70
[LOG] SystemI::createSoundInternal             : exinfo->userclose          = 00007FFE97FDDA30
[LOG] SystemI::createSoundInternal             : exinfo->userread           = 00007FFE97FDDB50
[LOG] SystemI::createSoundInternal             : exinfo->userseek           = 00007FFE97FDDC10
[LOG] SystemI::createSoundInternal             : exinfo->fileuserdata       = 000001ADD3E921F8
[LOG] SystemI::createSoundInternal             : exinfo->initialseekpostype = 1
[LOG] SystemI::DSPCodecPoolRegister            : register codec pool for pool type 4
[LOG] SystemI::createSoundInternal             : Sample 0/1: name='linoleum_Run-006', format=5, channels=2, frequency=48000, lengthbytes=4800, lengthpcm=48000, pcmblocksize=0, loopstart=0, loopend=0, mode=0x00000000, channelmask=0x00000000, channelorder=0, peakvolume=0.328185.
[LOG] SystemI::createSoundInternal             : Create name='', mode=0x02000202
[LOG] SystemI::createSoundInternal             : exinfo->cbsize             = 224
[LOG] SystemI::createSoundInternal             : exinfo->length             = 1265920
[LOG] SystemI::createSoundInternal             : exinfo->fileoffset         = 137760
[LOG] SystemI::createSoundInternal             : exinfo->numsubsounds       = 1
[LOG] SystemI::createSoundInternal             : exinfo->inclusionlist      = 00000038351BEC28
[LOG] SystemI::createSoundInternal             : exinfo->inclusionlistnum   = 1
[LOG] SystemI::createSoundInternal             : exinfo->suggestedsoundtype = 5
[LOG] SystemI::createSoundInternal             : exinfo->useropen           = 00007FFE97FDDA70
[LOG] SystemI::createSoundInternal             : exinfo->userclose          = 00007FFE97FDDA30
[LOG] SystemI::createSoundInternal             : exinfo->userread           = 00007FFE97FDDB50
[LOG] SystemI::createSoundInternal             : exinfo->userseek           = 00007FFE97FDDC10
[LOG] SystemI::createSoundInternal             : exinfo->fileuserdata       = 000001ADD3E921F8
[LOG] SystemI::createSoundInternal             : exinfo->initialseekpostype = 1
[LOG] SystemI::DSPCodecPoolRegister            : register codec pool for pool type 4
[LOG] SystemI::createSoundInternal             : Sample 0/1: name='Glass-005', format=5, channels=2, frequency=48000, lengthbytes=4608, lengthpcm=24000, pcmblocksize=0, loopstart=0, loopend=0, mode=0x00000000, channelmask=0x00000000, channelorder=0, peakvolume=0.384264.
[LOG] SystemI::createSoundInternal             : Create name='', mode=0x02000202
[LOG] SystemI::createSoundInternal             : exinfo->cbsize             = 224
[LOG] SystemI::createSoundInternal             : exinfo->length             = 1265920
[LOG] SystemI::createSoundInternal             : exinfo->fileoffset         = 137760
[LOG] SystemI::createSoundInternal             : exinfo->numsubsounds       = 1
[LOG] SystemI::createSoundInternal             : exinfo->inclusionlist      = 00000038351BEC28
[LOG] SystemI::createSoundInternal             : exinfo->inclusionlistnum   = 1
[LOG] SystemI::createSoundInternal             : exinfo->suggestedsoundtype = 5
[LOG] SystemI::createSoundInternal             : exinfo->useropen           = 00007FFE97FDDA70
[LOG] SystemI::createSoundInternal             : exinfo->userclose          = 00007FFE97FDDA30
[LOG] SystemI::createSoundInternal             : exinfo->userread           = 00007FFE97FDDB50
[LOG] SystemI::createSoundInternal             : exinfo->userseek           = 00007FFE97FDDC10
[LOG] SystemI::createSoundInternal             : exinfo->fileuserdata       = 000001ADD3E921F8
[LOG] SystemI::createSoundInternal             : exinfo->initialseekpostype = 1
[LOG] SystemI::DSPCodecPoolRegister            : register codec pool for pool type 4
[LOG] SystemI::createSoundInternal             : Sample 0/1: name='Footsteps, Human, Barefoot, Walk, Slow, on Glass SND147193 S06', format=5, channels=2, frequency=48000, lengthbytes=15104, lengthpcm=51175, pcmblocksize=0, loopstart=0, loopend=0, mode=0x00000000, channelmask=0x00000000, channelorder=0, peakvolume=0.424060.
[LOG] SystemI::createSoundInternal             : Create name='', mode=0x02000202
[LOG] SystemI::createSoundInternal             : exinfo->cbsize             = 224
[LOG] SystemI::createSoundInternal             : exinfo->length             = 1265920
[LOG] SystemI::createSoundInternal             : exinfo->fileoffset         = 137760
[LOG] SystemI::createSoundInternal             : exinfo->numsubsounds       = 1
[LOG] SystemI::createSoundInternal             : exinfo->inclusionlist      = 00000038351BEC28
[LOG] SystemI::createSoundInternal             : exinfo->inclusionlistnum   = 1
[LOG] SystemI::createSoundInternal             : exinfo->suggestedsoundtype = 5
[LOG] SystemI::createSoundInternal             : exinfo->useropen           = 00007FFE97FDDA70
[LOG] SystemI::createSoundInternal             : exinfo->userclose          = 00007FFE97FDDA30
[LOG] SystemI::createSoundInternal             : exinfo->userread           = 00007FFE97FDDB50
[LOG] SystemI::createSoundInternal             : exinfo->userseek           = 00007FFE97FDDC10
[LOG] SystemI::createSoundInternal             : exinfo->fileuserdata       = 000001ADD3E921F8
[LOG] SystemI::createSoundInternal             : exinfo->initialseekpostype = 1
[LOG] SystemI::DSPCodecPoolRegister            : register codec pool for pool type 4
[LOG] SystemI::createSoundInternal             : Sample 0/1: name='Carpet_Run-004', format=5, channels=2, frequency=48000, lengthbytes=3520, lengthpcm=24000, pcmblocksize=0, loopstart=0, loopend=0, mode=0x00000000, channelmask=0x00000000, channelorder=0, peakvolume=0.131972.
[LOG] SystemI::createSoundInternal             : Create name='', mode=0x02000202
[LOG] SystemI::createSoundInternal             : exinfo->cbsize             = 224
[LOG] SystemI::createSoundInternal             : exinfo->length             = 1265920
[LOG] SystemI::createSoundInternal             : exinfo->fileoffset         = 137760
[LOG] SystemI::createSoundInternal             : exinfo->numsubsounds       = 1
[LOG] SystemI::createSoundInternal             : exinfo->inclusionlist      = 00000038351BEC28
[LOG] SystemI::createSoundInternal             : exinfo->inclusionlistnum   = 1
[LOG] SystemI::createSoundInternal             : exinfo->suggestedsoundtype = 5
[LOG] SystemI::createSoundInternal             : exinfo->useropen           = 00007FFE97FDDA70
[LOG] SystemI::createSoundInternal             : exinfo->userclose          = 00007FFE97FDDA30
[LOG] SystemI::createSoundInternal             : exinfo->userread           = 00007FFE97FDDB50
[LOG] SystemI::createSoundInternal             : exinfo->userseek           = 00007FFE97FDDC10
[LOG] SystemI::createSoundInternal             : exinfo->fileuserdata       = 000001ADD3E921F8
[LOG] SystemI::createSoundInternal             : exinfo->initialseekpostype = 1
[LOG] SystemI::DSPCodecPoolRegister            : register codec pool for pool type 4
[LOG] SystemI::createSoundInternal             : Sample 0/1: name='Footsteps, Human, Linoleum, Sneaker, Slow SND1080 S13', format=5, channels=1, frequency=48000, lengthbytes=9216, lengthpcm=53621, pcmblocksize=0, loopstart=0, loopend=0, mode=0x00000000, channelmask=0x00000000, channelorder=0, peakvolume=0.059959.
[LOG] SystemI::createSoundInternal             : Create name='', mode=0x02000202
[LOG] SystemI::createSoundInternal             : exinfo->cbsize             = 224
[LOG] SystemI::createSoundInternal             : exinfo->length             = 1265920
[LOG] SystemI::createSoundInternal             : exinfo->fileoffset         = 137760
[LOG] SystemI::createSoundInternal             : exinfo->numsubsounds       = 1
[LOG] SystemI::createSoundInternal             : exinfo->inclusionlist      = 00000038351BEC28
[LOG] SystemI::createSoundInternal             : exinfo->inclusionlistnum   = 1
[LOG] SystemI::createSoundInternal             : exinfo->suggestedsoundtype = 5
[LOG] SystemI::createSoundInternal             : exinfo->useropen           = 00007FFE97FDDA70
[LOG] SystemI::createSoundInternal             : exinfo->userclose          = 00007FFE97FDDA30
[LOG] SystemI::createSoundInternal             : exinfo->userread           = 00007FFE97FDDB50
[LOG] SystemI::createSoundInternal             : exinfo->userseek           = 00007FFE97FDDC10
[LOG] SystemI::createSoundInternal             : exinfo->fileuserdata       = 000001ADD3E921F8
[LOG] SystemI::createSoundInternal             : exinfo->initialseekpostype = 1
[LOG] SystemI::DSPCodecPoolRegister            : register codec pool for pool type 4
[LOG] SystemI::createSoundInternal             : Sample 0/1: name='Wood_Walk-002', format=5, channels=2, frequency=48000, lengthbytes=3424, lengthpcm=24000, pcmblocksize=0, loopstart=0, loopend=0, mode=0x00000000, channelmask=0x00000000, channelorder=0, peakvolume=0.231789.
[LOG] SystemI::createSoundInternal             : Create name='', mode=0x02000202
[LOG] SystemI::createSoundInternal             : exinfo->cbsize             = 224
[LOG] SystemI::createSoundInternal             : exinfo->length             = 1265920
[LOG] SystemI::createSoundInternal             : exinfo->fileoffset         = 137760
[LOG] SystemI::createSoundInternal             : exinfo->numsubsounds       = 1
[LOG] SystemI::createSoundInternal             : exinfo->inclusionlist      = 00000038351BEC28
[LOG] SystemI::createSoundInternal             : exinfo->inclusionlistnum   = 1
[LOG] SystemI::createSoundInternal             : exinfo->suggestedsoundtype = 5
[LOG] SystemI::createSoundInternal             : exinfo->useropen           = 00007FFE97FDDA70
[LOG] SystemI::createSoundInternal             : exinfo->userclose          = 00007FFE97FDDA30
[LOG] SystemI::createSoundInternal             : exinfo->userread           = 00007FFE97FDDB50
[LOG] SystemI::createSoundInternal             : exinfo->userseek           = 00007FFE97FDDC10
[LOG] SystemI::createSoundInternal             : exinfo->fileuserdata       = 000001ADD3E921F8
[LOG] SystemI::createSoundInternal             : exinfo->initialseekpostype = 1
[LOG] SystemI::DSPCodecPoolRegister            : register codec pool for pool type 4
[LOG] SystemI::createSoundInternal             : Sample 0/1: name='Footsteps, Human, Slippers, Wood, Hollow, Walk, Distant SND128428 S05', format=5, channels=1, frequency=48000, lengthbytes=4544, lengthpcm=26079, pcmblocksize=0, loopstart=0, loopend=0, mode=0x00000000, channelmask=0x00000000, channelorder=0, peakvolume=0.040845.
[LOG] SystemI::createSoundInternal             : Create name='', mode=0x02000202
[LOG] SystemI::createSoundInternal             : exinfo->cbsize             = 224
[LOG] SystemI::createSoundInternal             : exinfo->length             = 1265920
[LOG] SystemI::createSoundInternal             : exinfo->fileoffset         = 137760
[LOG] SystemI::createSoundInternal             : exinfo->numsubsounds       = 1
[LOG] SystemI::createSoundInternal             : exinfo->inclusionlist      = 00000038351BEC28
[LOG] SystemI::createSoundInternal             : exinfo->inclusionlistnum   = 1
[LOG] SystemI::createSoundInternal             : exinfo->suggestedsoundtype = 5
[LOG] SystemI::createSoundInternal             : exinfo->useropen           = 00007FFE97FDDA70
[LOG] SystemI::createSoundInternal             : exinfo->userclose          = 00007FFE97FDDA30
[LOG] SystemI::createSoundInternal             : exinfo->userread           = 00007FFE97FDDB50
[LOG] SystemI::createSoundInternal             : exinfo->userseek           = 00007FFE97FDDC10
[LOG] SystemI::createSoundInternal             : exinfo->fileuserdata       = 000001ADD3E921F8
[LOG] SystemI::createSoundInternal             : exinfo->initialseekpostype = 1
[LOG] SystemI::DSPCodecPoolRegister            : register codec pool for pool type 4
[LOG] SystemI::createSoundInternal             : Sample 0/1: name='Carpet_Walk-005', format=5, channels=2, frequency=48000, lengthbytes=4864, lengthpcm=24000, pcmblocksize=0, loopstart=0, loopend=0, mode=0x00000000, channelmask=0x00000000, channelorder=0, peakvolume=0.084234.
[LOG] SystemI::createSoundInternal             : Create name='', mode=0x02000202
[LOG] SystemI::createSoundInternal             : exinfo->cbsize             = 224
[LOG] SystemI::createSoundInternal             : exinfo->length             = 1265920
[LOG] SystemI::createSoundInternal             : exinfo->fileoffset         = 137760
[LOG] SystemI::createSoundInternal             : exinfo->numsubsounds       = 1
[LOG] SystemI::createSoundInternal             : exinfo->inclusionlist      = 00000038351BEC28
[LOG] SystemI::createSoundInternal             : exinfo->inclusionlistnum   = 1
[LOG] SystemI::createSoundInternal             : exinfo->suggestedsoundtype = 5
[LOG] SystemI::createSoundInternal             : exinfo->useropen           = 00007FFE97FDDA70
[LOG] SystemI::createSoundInternal             : exinfo->userclose          = 00007FFE97FDDA30
[LOG] SystemI::createSoundInternal             : exinfo->userread           = 00007FFE97FDDB50
[LOG] SystemI::createSoundInternal             : exinfo->userseek           = 00007FFE97FDDC10
[LOG] SystemI::createSoundInternal             : exinfo->fileuserdata       = 000001ADD3E921F8
[LOG] SystemI::createSoundInternal             : exinfo->initialseekpostype = 1
[LOG] SystemI::DSPCodecPoolRegister            : register codec pool for pool type 4
[LOG] SystemI::createSoundInternal             : Sample 0/1: name='Footsteps, Human, Sneakers, Concrete, Walk, Distant SND127941 S14', format=5, channels=1, frequency=48000, lengthbytes=4544, lengthpcm=27430, pcmblocksize=0, loopstart=0, loopend=0, mode=0x00000000, channelmask=0x00000000, channelorder=0, peakvolume=0.015306.
[LOG] SystemI::createSoundInternal             : Create name='', mode=0x02000202
[LOG] SystemI::createSoundInternal             : exinfo->cbsize             = 224
[LOG] SystemI::createSoundInternal             : exinfo->length             = 1265920
[LOG] SystemI::createSoundInternal             : exinfo->fileoffset         = 137760
[LOG] SystemI::createSoundInternal             : exinfo->numsubsounds       = 1
[LOG] SystemI::createSoundInternal             : exinfo->inclusionlist      = 00000038351BEC28
[LOG] SystemI::createSoundInternal             : exinfo->inclusionlistnum   = 1
[LOG] SystemI::createSoundInternal             : exinfo->suggestedsoundtype = 5
[LOG] SystemI::createSoundInternal             : exinfo->useropen           = 00007FFE97FDDA70
[LOG] SystemI::createSoundInternal             : exinfo->userclose          = 00007FFE97FDDA30
[LOG] SystemI::createSoundInternal             : exinfo->userread           = 00007FFE97FDDB50
[LOG] SystemI::createSoundInternal             : exinfo->userseek           = 00007FFE97FDDC10
[LOG] SystemI::createSoundInternal             : exinfo->fileuserdata       = 000001ADD3E921F8
[LOG] SystemI::createSoundInternal             : exinfo->initialseekpostype = 1
[LOG] SystemI::DSPCodecPoolRegister            : register codec pool for pool type 4
[LOG] SystemI::createSoundInternal             : Sample 0/1: name='Wood_Walk-008', format=5, channels=2, frequency=48000, lengthbytes=2496, lengthpcm=24000, pcmblocksize=0, loopstart=0, loopend=0, mode=0x00000000, channelmask=0x00000000, channelorder=0, peakvolume=0.444783.
[LOG] SystemI::createSoundInternal             : Create name='', mode=0x02000202
[LOG] SystemI::createSoundInternal             : exinfo->cbsize             = 224
[LOG] SystemI::createSoundInternal             : exinfo->length             = 1265920
[LOG] SystemI::createSoundInternal             : exinfo->fileoffset         = 137760
[LOG] SystemI::createSoundInternal             : exinfo->numsubsounds       = 1
[LOG] SystemI::createSoundInternal             : exinfo->inclusionlist      = 00000038351BEC28
[LOG] SystemI::createSoundInternal             : exinfo->inclusionlistnum   = 1
[LOG] SystemI::createSoundInternal             : exinfo->suggestedsoundtype = 5
[LOG] SystemI::createSoundInternal             : exinfo->useropen           = 00007FFE97FDDA70
[LOG] SystemI::createSoundInternal             : exinfo->userclose          = 00007FFE97FDDA30
[LOG] SystemI::createSoundInternal             : exinfo->userread           = 00007FFE97FDDB50
[LOG] SystemI::createSoundInternal             : exinfo->userseek           = 00007FFE97FDDC10
[LOG] SystemI::createSoundInternal             : exinfo->fileuserdata       = 000001ADD3E921F8
[LOG] SystemI::createSoundInternal             : exinfo->initialseekpostype = 1
[LOG] SystemI::DSPCodecPoolRegister            : register codec pool for pool type 4
[LOG] SystemI::createSoundInternal             : Sample 0/1: name='Carpet_Walk-004', format=5, channels=2, frequency=48000, lengthbytes=4928, lengthpcm=24000, pcmblocksize=0, loopstart=0, loopend=0, mode=0x00000000, channelmask=0x00000000, channelorder=0, peakvolume=0.066319.
[LOG] SystemI::createSoundInternal             : Create name='', mode=0x02000202
[LOG] SystemI::createSoundInternal             : exinfo->cbsize             = 224
[LOG] SystemI::createSoundInternal             : exinfo->length             = 1265920
[LOG] SystemI::createSoundInternal             : exinfo->fileoffset         = 137760
[LOG] SystemI::createSoundInternal             : exinfo->numsubsounds       = 1
[LOG] SystemI::createSoundInternal             : exinfo->inclusionlist      = 00000038351BEC28
[LOG] SystemI::createSoundInternal             : exinfo->inclusionlistnum   = 1
[LOG] SystemI::createSoundInternal             : exinfo->suggestedsoundtype = 5
[LOG] SystemI::createSoundInternal             : exinfo->useropen           = 00007FFE97FDDA70
[LOG] SystemI::createSoundInternal             : exinfo->userclose          = 00007FFE97FDDA30
[LOG] SystemI::createSoundInternal             : exinfo->userread           = 00007FFE97FDDB50
[LOG] SystemI::createSoundInternal             : exinfo->userseek           = 00007FFE97FDDC10
[LOG] SystemI::createSoundInternal             : exinfo->fileuserdata       = 000001ADD3E921F8
[LOG] SystemI::createSoundInternal             : exinfo->initialseekpostype = 1
[LOG] SystemI::DSPCodecPoolRegister            : register codec pool for pool type 4
[LOG] SystemI::createSoundInternal             : Sample 0/1: name='Carpet_Run-002', format=5, channels=2, frequency=48000, lengthbytes=3552, lengthpcm=24000, pcmblocksize=0, loopstart=0, loopend=0, mode=0x00000000, channelmask=0x00000000, channelorder=0, peakvolume=0.095402.
[LOG] SystemI::createSoundInternal             : Create name='', mode=0x02000202
[LOG] SystemI::createSoundInternal             : exinfo->cbsize             = 224
[LOG] SystemI::createSoundInternal             : exinfo->length             = 1265920
[LOG] SystemI::createSoundInternal             : exinfo->fileoffset         = 137760
[LOG] SystemI::createSoundInternal             : exinfo->numsubsounds       = 1
[LOG] SystemI::createSoundInternal             : exinfo->inclusionlist      = 00000038351BEC28
[LOG] SystemI::createSoundInternal             : exinfo->inclusionlistnum   = 1
[LOG] SystemI::createSoundInternal             : exinfo->suggestedsoundtype = 5
[LOG] SystemI::createSoundInternal             : exinfo->useropen           = 00007FFE97FDDA70
[LOG] SystemI::createSoundInternal             : exinfo->userclose          = 00007FFE97FDDA30
[LOG] SystemI::createSoundInternal             : exinfo->userread           = 00007FFE97FDDB50
[LOG] SystemI::createSoundInternal             : exinfo->userseek           = 00007FFE97FDDC10
[LOG] SystemI::createSoundInternal             : exinfo->fileuserdata       = 000001ADD3E921F8
[LOG] SystemI::createSoundInternal             : exinfo->initialseekpostype = 1
[LOG] SystemI::DSPCodecPoolRegister            : register codec pool for pool type 4
[LOG] SystemI::createSoundInternal             : Sample 0/1: name='Footsteps, Human, Sandals, Walk, Fast, on Glass SND147264 S04', format=5, channels=2, frequency=48000, lengthbytes=10592, lengthpcm=36181, pcmblocksize=0, loopstart=0, loopend=0, mode=0x00000000, channelmask=0x00000000, channelorder=0, peakvolume=0.263527.
[LOG] SystemI::createSoundInternal             : Create name='', mode=0x02000202
[LOG] SystemI::createSoundInternal             : exinfo->cbsize             = 224
[LOG] SystemI::createSoundInternal             : exinfo->length             = 1265920
[LOG] SystemI::createSoundInternal             : exinfo->fileoffset         = 137760
[LOG] SystemI::createSoundInternal             : exinfo->numsubsounds       = 1
[LOG] SystemI::createSoundInternal             : exinfo->inclusionlist      = 00000038351BEC28
[LOG] SystemI::createSoundInternal             : exinfo->inclusionlistnum   = 1
[LOG] SystemI::createSoundInternal             : exinfo->suggestedsoundtype = 5
[LOG] SystemI::createSoundInternal             : exinfo->useropen           = 00007FFE97FDDA70
[LOG] SystemI::createSoundInternal             : exinfo->userclose          = 00007FFE97FDDA30
[LOG] SystemI::createSoundInternal             : exinfo->userread           = 00007FFE97FDDB50
[LOG] SystemI::createSoundInternal             : exinfo->userseek           = 00007FFE97FDDC10
[LOG] SystemI::createSoundInternal             : exinfo->fileuserdata       = 000001ADD3E921F8
[LOG] SystemI::createSoundInternal             : exinfo->initialseekpostype = 1
[LOG] SystemI::DSPCodecPoolRegister            : register codec pool for pool type 4
[LOG] SystemI::createSoundInternal             : Sample 0/1: name='Glass-002', format=5, channels=2, frequency=48000, lengthbytes=6144, lengthpcm=24000, pcmblocksize=0, loopstart=0, loopend=0, mode=0x00000000, channelmask=0x00000000, channelorder=0, peakvolume=0.396052.
[LOG] SystemI::createSoundInternal             : Create name='', mode=0x02000202
[LOG] SystemI::createSoundInternal             : exinfo->cbsize             = 224
[LOG] SystemI::createSoundInternal             : exinfo->length             = 1265920
[LOG] SystemI::createSoundInternal             : exinfo->fileoffset         = 137760
[LOG] SystemI::createSoundInternal             : exinfo->numsubsounds       = 1
[LOG] SystemI::createSoundInternal             : exinfo->inclusionlist      = 00000038351BEC28
[LOG] SystemI::createSoundInternal             : exinfo->inclusionlistnum   = 1
[LOG] SystemI::createSoundInternal             : exinfo->suggestedsoundtype = 5
[LOG] SystemI::createSoundInternal             : exinfo->useropen           = 00007FFE97FDDA70
[LOG] SystemI::createSoundInternal             : exinfo->userclose          = 00007FFE97FDDA30
[LOG] SystemI::createSoundInternal             : exinfo->userread           = 00007FFE97FDDB50
[LOG] SystemI::createSoundInternal             : exinfo->userseek           = 00007FFE97FDDC10
[LOG] SystemI::createSoundInternal             : exinfo->fileuserdata       = 000001ADD3E921F8
[LOG] SystemI::createSoundInternal             : exinfo->initialseekpostype = 1
[LOG] SystemI::DSPCodecPoolRegister            : register codec pool for pool type 4
[LOG] SystemI::createSoundInternal             : Sample 0/1: name='Concrete_Run-006', format=5, channels=2, frequency=48000, lengthbytes=3168, lengthpcm=24000, pcmblocksize=0, loopstart=0, loopend=0, mode=0x00000000, channelmask=0x00000000, channelorder=0, peakvolume=0.583335.
[LOG] SystemI::createSoundInternal             : Create name='', mode=0x02000202
[LOG] SystemI::createSoundInternal             : exinfo->cbsize             = 224
[LOG] SystemI::createSoundInternal             : exinfo->length             = 1265920
[LOG] SystemI::createSoundInternal             : exinfo->fileoffset         = 137760
[LOG] SystemI::createSoundInternal             : exinfo->numsubsounds       = 1
[LOG] SystemI::createSoundInternal             : exinfo->inclusionlist      = 00000038351BEC28
[LOG] SystemI::createSoundInternal             : exinfo->inclusionlistnum   = 1
[LOG] SystemI::createSoundInternal             : exinfo->suggestedsoundtype = 5
[LOG] SystemI::createSoundInternal             : exinfo->useropen           = 00007FFE97FDDA70
[LOG] SystemI::createSoundInternal             : exinfo->userclose          = 00007FFE97FDDA30
[LOG] SystemI::createSoundInternal             : exinfo->userread           = 00007FFE97FDDB50
[LOG] SystemI::createSoundInternal             : exinfo->userseek           = 00007FFE97FDDC10
[LOG] SystemI::createSoundInternal             : exinfo->fileuserdata       = 000001ADD3E921F8
[LOG] SystemI::createSoundInternal             : exinfo->initialseekpostype = 1
[LOG] SystemI::DSPCodecPoolRegister            : register codec pool for pool type 4
[LOG] SystemI::createSoundInternal             : Sample 0/1: name='Footsteps, Human, Sneakers, Concrete, Walk, Distant SND127941 S15', format=5, channels=1, frequency=48000, lengthbytes=4544, lengthpcm=26470, pcmblocksize=0, loopstart=0, loopend=0, mode=0x00000000, channelmask=0x00000000, channelorder=0, peakvolume=0.034334.
[LOG] SystemI::createSoundInternal             : Create name='', mode=0x02000202
[LOG] SystemI::createSoundInternal             : exinfo->cbsize             = 224
[LOG] SystemI::createSoundInternal             : exinfo->length             = 1265920
[LOG] SystemI::createSoundInternal             : exinfo->fileoffset         = 137760
[LOG] SystemI::createSoundInternal             : exinfo->numsubsounds       = 1
[LOG] SystemI::createSoundInternal             : exinfo->inclusionlist      = 00000038351BEC28
[LOG] SystemI::createSoundInternal             : exinfo->inclusionlistnum   = 1
[LOG] SystemI::createSoundInternal             : exinfo->suggestedsoundtype = 5
[LOG] SystemI::createSoundInternal             : exinfo->useropen           = 00007FFE97FDDA70
[LOG] SystemI::createSoundInternal             : exinfo->userclose          = 00007FFE97FDDA30
[LOG] SystemI::createSoundInternal             : exinfo->userread           = 00007FFE97FDDB50
[LOG] SystemI::createSoundInternal             : exinfo->userseek           = 00007FFE97FDDC10
[LOG] SystemI::createSoundInternal             : exinfo->fileuserdata       = 000001ADD3E921F8
[LOG] SystemI::createSoundInternal             : exinfo->initialseekpostype = 1
[LOG] SystemI::DSPCodecPoolRegister            : register codec pool for pool type 4
[LOG] SystemI::createSoundInternal             : Sample 0/1: name='Footsteps, Human, Sneakers, Concrete, Walk, Distant SND127941 S10', format=5, channels=1, frequency=48000, lengthbytes=4640, lengthpcm=27590, pcmblocksize=0, loopstart=0, loopend=0, mode=0x00000000, channelmask=0x00000000, channelorder=0, peakvolume=0.014125.
[LOG] SystemI::createSoundInternal             : Create name='', mode=0x02000202
[LOG] SystemI::createSoundInternal             : exinfo->cbsize             = 224
[LOG] SystemI::createSoundInternal             : exinfo->length             = 1265920
[LOG] SystemI::createSoundInternal             : exinfo->fileoffset         = 137760
[LOG] SystemI::createSoundInternal             : exinfo->numsubsounds       = 1
[LOG] SystemI::createSoundInternal             : exinfo->inclusionlist      = 00000038351BEC28
[LOG] SystemI::createSoundInternal             : exinfo->inclusionlistnum   = 1
[LOG] SystemI::createSoundInternal             : exinfo->suggestedsoundtype = 5
[LOG] SystemI::createSoundInternal             : exinfo->useropen           = 00007FFE97FDDA70
[LOG] SystemI::createSoundInternal             : exinfo->userclose          = 00007FFE97FDDA30
[LOG] SystemI::createSoundInternal             : exinfo->userread           = 00007FFE97FDDB50
[LOG] SystemI::createSoundInternal             : exinfo->userseek           = 00007FFE97FDDC10
[LOG] SystemI::createSoundInternal             : exinfo->fileuserdata       = 000001ADD3E921F8
[LOG] SystemI::createSoundInternal             : exinfo->initialseekpostype = 1
[LOG] SystemI::DSPCodecPoolRegister            : register codec pool for pool type 4
[LOG] SystemI::createSoundInternal             : Sample 0/1: name='Wood_Walk-005', format=5, channels=2, frequency=48000, lengthbytes=3136, lengthpcm=24000, pcmblocksize=0, loopstart=0, loopend=0, mode=0x00000000, channelmask=0x00000000, channelorder=0, peakvolume=0.244900.
[LOG] SystemI::createSoundInternal             : Create name='', mode=0x02000202
[LOG] SystemI::createSoundInternal             : exinfo->cbsize             = 224
[LOG] SystemI::createSoundInternal             : exinfo->length             = 1265920
[LOG] SystemI::createSoundInternal             : exinfo->fileoffset         = 137760
[LOG] SystemI::createSoundInternal             : exinfo->numsubsounds       = 1
[LOG] SystemI::createSoundInternal             : exinfo->inclusionlist      = 00000038351BEC28
[LOG] SystemI::createSoundInternal             : exinfo->inclusionlistnum   = 1
[LOG] SystemI::createSoundInternal             : exinfo->suggestedsoundtype = 5
[LOG] SystemI::createSoundInternal             : exinfo->useropen           = 00007FFE97FDDA70
[LOG] SystemI::createSoundInternal             : exinfo->userclose          = 00007FFE97FDDA30
[LOG] SystemI::createSoundInternal             : exinfo->userread           = 00007FFE97FDDB50
[LOG] SystemI::createSoundInternal             : exinfo->userseek           = 00007FFE97FDDC10
[LOG] SystemI::createSoundInternal             : exinfo->fileuserdata       = 000001ADD3E921F8
[LOG] SystemI::createSoundInternal             : exinfo->initialseekpostype = 1
[LOG] SystemI::DSPCodecPoolRegister            : register codec pool for pool type 4
[LOG] SystemI::createSoundInternal             : Sample 0/1: name='linoleum_Run-007', format=5, channels=2, frequency=48000, lengthbytes=4480, lengthpcm=48000, pcmblocksize=0, loopstart=0, loopend=0, mode=0x00000000, channelmask=0x00000000, channelorder=0, peakvolume=0.435628.
[LOG] SystemI::createSoundInternal             : Create name='', mode=0x02000202
[LOG] SystemI::createSoundInternal             : exinfo->cbsize             = 224
[LOG] SystemI::createSoundInternal             : exinfo->length             = 1265920
[LOG] SystemI::createSoundInternal             : exinfo->fileoffset         = 137760
[LOG] SystemI::createSoundInternal             : exinfo->numsubsounds       = 1
[LOG] SystemI::createSoundInternal             : exinfo->inclusionlist      = 00000038351BEC28
[LOG] SystemI::createSoundInternal             : exinfo->inclusionlistnum   = 1
[LOG] SystemI::createSoundInternal             : exinfo->suggestedsoundtype = 5
[LOG] SystemI::createSoundInternal             : exinfo->useropen           = 00007FFE97FDDA70
[LOG] SystemI::createSoundInternal             : exinfo->userclose          = 00007FFE97FDDA30
[LOG] SystemI::createSoundInternal             : exinfo->userread           = 00007FFE97FDDB50
[LOG] SystemI::createSoundInternal             : exinfo->userseek           = 00007FFE97FDDC10
[LOG] SystemI::createSoundInternal             : exinfo->fileuserdata       = 000001ADD3E921F8
[LOG] SystemI::createSoundInternal             : exinfo->initialseekpostype = 1
[LOG] SystemI::DSPCodecPoolRegister            : register codec pool for pool type 4
[LOG] SystemI::createSoundInternal             : Sample 0/1: name='Wood_Walk-003', format=5, channels=2, frequency=48000, lengthbytes=3648, lengthpcm=24000, pcmblocksize=0, loopstart=0, loopend=0, mode=0x00000000, channelmask=0x00000000, channelorder=0, peakvolume=0.430925.
[LOG] SystemI::createSoundInternal             : Create name='', mode=0x02000202
[LOG] SystemI::createSoundInternal             : exinfo->cbsize             = 224
[LOG] SystemI::createSoundInternal             : exinfo->length             = 1265920
[LOG] SystemI::createSoundInternal             : exinfo->fileoffset         = 137760
[LOG] SystemI::createSoundInternal             : exinfo->numsubsounds       = 1
[LOG] SystemI::createSoundInternal             : exinfo->inclusionlist      = 00000038351BEC28
[LOG] SystemI::createSoundInternal             : exinfo->inclusionlistnum   = 1
[LOG] SystemI::createSoundInternal             : exinfo->suggestedsoundtype = 5
[LOG] SystemI::createSoundInternal             : exinfo->useropen           = 00007FFE97FDDA70
[LOG] SystemI::createSoundInternal             : exinfo->userclose          = 00007FFE97FDDA30
[LOG] SystemI::createSoundInternal             : exinfo->userread           = 00007FFE97FDDB50
[LOG] SystemI::createSoundInternal             : exinfo->userseek           = 00007FFE97FDDC10
[LOG] SystemI::createSoundInternal             : exinfo->fileuserdata       = 000001ADD3E921F8
[LOG] SystemI::createSoundInternal             : exinfo->initialseekpostype = 1
[LOG] SystemI::DSPCodecPoolRegister            : register codec pool for pool type 4
[LOG] SystemI::createSoundInternal             : Sample 0/1: name='Footsteps, Human, Barefoot, Walk, Slow, on Glass SND147193 S02', format=5, channels=2, frequency=48000, lengthbytes=13824, lengthpcm=48850, pcmblocksize=0, loopstart=0, loopend=0, mode=0x00000000, channelmask=0x00000000, channelorder=0, peakvolume=0.459112.
[LOG] SystemI::createSoundInternal             : Create name='', mode=0x02000202
[LOG] SystemI::createSoundInternal             : exinfo->cbsize             = 224
[LOG] SystemI::createSoundInternal             : exinfo->length             = 1265920
[LOG] SystemI::createSoundInternal             : exinfo->fileoffset         = 137760
[LOG] SystemI::createSoundInternal             : exinfo->numsubsounds       = 1
[LOG] SystemI::createSoundInternal             : exinfo->inclusionlist      = 00000038351BEC28
[LOG] SystemI::createSoundInternal             : exinfo->inclusionlistnum   = 1
[LOG] SystemI::createSoundInternal             : exinfo->suggestedsoundtype = 5
[LOG] SystemI::createSoundInternal             : exinfo->useropen           = 00007FFE97FDDA70
[LOG] SystemI::createSoundInternal             : exinfo->userclose          = 00007FFE97FDDA30
[LOG] SystemI::createSoundInternal             : exinfo->userread           = 00007FFE97FDDB50
[LOG] SystemI::createSoundInternal             : exinfo->userseek           = 00007FFE97FDDC10
[LOG] SystemI::createSoundInternal             : exinfo->fileuserdata       = 000001ADD3E921F8
[LOG] SystemI::createSoundInternal             : exinfo->initialseekpostype = 1
[LOG] SystemI::DSPCodecPoolRegister            : register codec pool for pool type 4
[LOG] SystemI::createSoundInternal             : Sample 0/1: name='Concrete_Run-004', format=5, channels=2, frequency=48000, lengthbytes=3040, lengthpcm=24000, pcmblocksize=0, loopstart=0, loopend=0, mode=0x00000000, channelmask=0x00000000, channelorder=0, peakvolume=0.689921.
[LOG] SystemI::createSoundInternal             : Create name='', mode=0x02000202
[LOG] SystemI::createSoundInternal             : exinfo->cbsize             = 224
[LOG] SystemI::createSoundInternal             : exinfo->length             = 1265920
[LOG] SystemI::createSoundInternal             : exinfo->fileoffset         = 137760
[LOG] SystemI::createSoundInternal             : exinfo->numsubsounds       = 1
[LOG] SystemI::createSoundInternal             : exinfo->inclusionlist      = 00000038351BEC28
[LOG] SystemI::createSoundInternal             : exinfo->inclusionlistnum   = 1
[LOG] SystemI::createSoundInternal             : exinfo->suggestedsoundtype = 5
[LOG] SystemI::createSoundInternal             : exinfo->useropen           = 00007FFE97FDDA70
[LOG] SystemI::createSoundInternal             : exinfo->userclose          = 00007FFE97FDDA30
[LOG] SystemI::createSoundInternal             : exinfo->userread           = 00007FFE97FDDB50
[LOG] SystemI::createSoundInternal             : exinfo->userseek           = 00007FFE97FDDC10
[LOG] SystemI::createSoundInternal             : exinfo->fileuserdata       = 000001ADD3E921F8
[LOG] SystemI::createSoundInternal             : exinfo->initialseekpostype = 1
[LOG] SystemI::DSPCodecPoolRegister            : register codec pool for pool type 4
[LOG] SystemI::createSoundInternal             : Sample 0/1: name='Cloth, Movement, Cotton, Sprint, Distant Perspective SND129141 S11', format=5, channels=1, frequency=48000, lengthbytes=2816, lengthpcm=15823, pcmblocksize=0, loopstart=0, loopend=0, mode=0x00000000, channelmask=0x00000000, channelorder=0, peakvolume=0.109889.
[LOG] SystemI::createSoundInternal             : Create name='', mode=0x02000202
[LOG] SystemI::createSoundInternal             : exinfo->cbsize             = 224
[LOG] SystemI::createSoundInternal             : exinfo->length             = 1265920
[LOG] SystemI::createSoundInternal             : exinfo->fileoffset         = 137760
[LOG] SystemI::createSoundInternal             : exinfo->numsubsounds       = 1
[LOG] SystemI::createSoundInternal             : exinfo->inclusionlist      = 00000038351BEC28
[LOG] SystemI::createSoundInternal             : exinfo->inclusionlistnum   = 1
[LOG] SystemI::createSoundInternal             : exinfo->suggestedsoundtype = 5
[LOG] SystemI::createSoundInternal             : exinfo->useropen           = 00007FFE97FDDA70
[LOG] SystemI::createSoundInternal             : exinfo->userclose          = 00007FFE97FDDA30
[LOG] SystemI::createSoundInternal             : exinfo->userread           = 00007FFE97FDDB50
[LOG] SystemI::createSoundInternal             : exinfo->userseek           = 00007FFE97FDDC10
[LOG] SystemI::createSoundInternal             : exinfo->fileuserdata       = 000001ADD3E921F8
[LOG] SystemI::createSoundInternal             : exinfo->initialseekpostype = 1
[LOG] SystemI::DSPCodecPoolRegister            : register codec pool for pool type 4
[LOG] SystemI::createSoundInternal             : Sample 0/1: name='Carpet_Walk-008', format=5, channels=2, frequency=48000, lengthbytes=4832, lengthpcm=24000, pcmblocksize=0, loopstart=0, loopend=0, mode=0x00000000, channelmask=0x00000000, channelorder=0, peakvolume=0.173453.
[LOG] SystemI::createSoundInternal             : Create name='', mode=0x02000202
[LOG] SystemI::createSoundInternal             : exinfo->cbsize             = 224
[LOG] SystemI::createSoundInternal             : exinfo->length             = 1265920
[LOG] SystemI::createSoundInternal             : exinfo->fileoffset         = 137760
[LOG] SystemI::createSoundInternal             : exinfo->numsubsounds       = 1
[LOG] SystemI::createSoundInternal             : exinfo->inclusionlist      = 00000038351BEC28
[LOG] SystemI::createSoundInternal             : exinfo->inclusionlistnum   = 1
[LOG] SystemI::createSoundInternal             : exinfo->suggestedsoundtype = 5
[LOG] SystemI::createSoundInternal             : exinfo->useropen           = 00007FFE97FDDA70
[LOG] SystemI::createSoundInternal             : exinfo->userclose          = 00007FFE97FDDA30
[LOG] SystemI::createSoundInternal             : exinfo->userread           = 00007FFE97FDDB50
[LOG] SystemI::createSoundInternal             : exinfo->userseek           = 00007FFE97FDDC10
[LOG] SystemI::createSoundInternal             : exinfo->fileuserdata       = 000001ADD3E921F8
[LOG] SystemI::createSoundInternal             : exinfo->initialseekpostype = 1
[LOG] SystemI::DSPCodecPoolRegister            : register codec pool for pool type 4
[LOG] SystemI::createSoundInternal             : Sample 0/1: name='Carpet_Run-006', format=5, channels=2, frequency=48000, lengthbytes=3264, lengthpcm=24000, pcmblocksize=0, loopstart=0, loopend=0, mode=0x00000000, channelmask=0x00000000, channelorder=0, peakvolume=0.145761.
[LOG] SystemI::createSoundInternal             : Create name='', mode=0x02000202
[LOG] SystemI::createSoundInternal             : exinfo->cbsize             = 224
[LOG] SystemI::createSoundInternal             : exinfo->length             = 1265920
[LOG] SystemI::createSoundInternal             : exinfo->fileoffset         = 137760
[LOG] SystemI::createSoundInternal             : exinfo->numsubsounds       = 1
[LOG] SystemI::createSoundInternal             : exinfo->inclusionlist      = 00000038351BEC28
[LOG] SystemI::createSoundInternal             : exinfo->inclusionlistnum   = 1
[LOG] SystemI::createSoundInternal             : exinfo->suggestedsoundtype = 5
[LOG] SystemI::createSoundInternal             : exinfo->useropen           = 00007FFE97FDDA70
[LOG] SystemI::createSoundInternal             : exinfo->userclose          = 00007FFE97FDDA30
[LOG] SystemI::createSoundInternal             : exinfo->userread           = 00007FFE97FDDB50
[LOG] SystemI::createSoundInternal             : exinfo->userseek           = 00007FFE97FDDC10
[LOG] SystemI::createSoundInternal             : exinfo->fileuserdata       = 000001ADD3E921F8
[LOG] SystemI::createSoundInternal             : exinfo->initialseekpostype = 1
[LOG] SystemI::DSPCodecPoolRegister            : register codec pool for pool type 4
[LOG] SystemI::createSoundInternal             : Sample 0/1: name='Wood_Walk-004', format=5, channels=2, frequency=48000, lengthbytes=2976, lengthpcm=24000, pcmblocksize=0, loopstart=0, loopend=0, mode=0x00000000, channelmask=0x00000000, channelorder=0, peakvolume=0.275403.
[LOG] SystemI::createSoundInternal             : Create name='', mode=0x02000202
[LOG] SystemI::createSoundInternal             : exinfo->cbsize             = 224
[LOG] SystemI::createSoundInternal             : exinfo->length             = 1265920
[LOG] SystemI::createSoundInternal             : exinfo->fileoffset         = 137760
[LOG] SystemI::createSoundInternal             : exinfo->numsubsounds       = 1
[LOG] SystemI::createSoundInternal             : exinfo->inclusionlist      = 00000038351BEC28
[LOG] SystemI::createSoundInternal             : exinfo->inclusionlistnum   = 1
[LOG] SystemI::createSoundInternal             : exinfo->suggestedsoundtype = 5
[LOG] SystemI::createSoundInternal             : exinfo->useropen           = 00007FFE97FDDA70
[LOG] SystemI::createSoundInternal             : exinfo->userclose          = 00007FFE97FDDA30
[LOG] SystemI::createSoundInternal             : exinfo->userread           = 00007FFE97FDDB50
[LOG] SystemI::createSoundInternal             : exinfo->userseek           = 00007FFE97FDDC10
[LOG] SystemI::createSoundInternal             : exinfo->fileuserdata       = 000001ADD3E921F8
[LOG] SystemI::createSoundInternal             : exinfo->initialseekpostype = 1
[LOG] SystemI::DSPCodecPoolRegister            : register codec pool for pool type 4
[LOG] SystemI::createSoundInternal             : Sample 0/1: name='Footsteps, Human, Linoleum, Sneaker, Slow SND1080 S10', format=5, channels=1, frequency=48000, lengthbytes=9216, lengthpcm=52014, pcmblocksize=0, loopstart=0, loopend=0, mode=0x00000000, channelmask=0x00000000, channelorder=0, peakvolume=0.088886.
[LOG] SystemI::createSoundInternal             : Create name='', mode=0x02000202
[LOG] SystemI::createSoundInternal             : exinfo->cbsize             = 224
[LOG] SystemI::createSoundInternal             : exinfo->length             = 1265920
[LOG] SystemI::createSoundInternal             : exinfo->fileoffset         = 137760
[LOG] SystemI::createSoundInternal             : exinfo->numsubsounds       = 1
[LOG] SystemI::createSoundInternal             : exinfo->inclusionlist      = 00000038351BEC28
[LOG] SystemI::createSoundInternal             : exinfo->inclusionlistnum   = 1
[LOG] SystemI::createSoundInternal             : exinfo->suggestedsoundtype = 5
[LOG] SystemI::createSoundInternal             : exinfo->useropen           = 00007FFE97FDDA70
[LOG] SystemI::createSoundInternal             : exinfo->userclose          = 00007FFE97FDDA30
[LOG] SystemI::createSoundInternal             : exinfo->userread           = 00007FFE97FDDB50
[LOG] SystemI::createSoundInternal             : exinfo->userseek           = 00007FFE97FDDC10
[LOG] SystemI::createSoundInternal             : exinfo->fileuserdata       = 000001ADD3E921F8
[LOG] SystemI::createSoundInternal             : exinfo->initialseekpostype = 1
[LOG] SystemI::DSPCodecPoolRegister            : register codec pool for pool type 4
[LOG] SystemI::createSoundInternal             : Sample 0/1: name='linoleum_Run-008', format=5, channels=2, frequency=48000, lengthbytes=4000, lengthpcm=48000, pcmblocksize=0, loopstart=0, loopend=0, mode=0x00000000, channelmask=0x00000000, channelorder=0, peakvolume=0.299238.
[LOG] SystemI::createSoundInternal             : Create name='', mode=0x02000202
[LOG] SystemI::createSoundInternal             : exinfo->cbsize             = 224
[LOG] SystemI::createSoundInternal             : exinfo->length             = 1265920
[LOG] SystemI::createSoundInternal             : exinfo->fileoffset         = 137760
[LOG] SystemI::createSoundInternal             : exinfo->numsubsounds       = 1
[LOG] SystemI::createSoundInternal             : exinfo->inclusionlist      = 00000038351BEC28
[LOG] SystemI::createSoundInternal             : exinfo->inclusionlistnum   = 1
[LOG] SystemI::createSoundInternal             : exinfo->suggestedsoundtype = 5
[LOG] SystemI::createSoundInternal             : exinfo->useropen           = 00007FFE97FDDA70
[LOG] SystemI::createSoundInternal             : exinfo->userclose          = 00007FFE97FDDA30
[LOG] SystemI::createSoundInternal             : exinfo->userread           = 00007FFE97FDDB50
[LOG] SystemI::createSoundInternal             : exinfo->userseek           = 00007FFE97FDDC10
[LOG] SystemI::createSoundInternal             : exinfo->fileuserdata       = 000001ADD3E921F8
[LOG] SystemI::createSoundInternal             : exinfo->initialseekpostype = 1
[LOG] SystemI::DSPCodecPoolRegister            : register codec pool for pool type 4
[LOG] SystemI::createSoundInternal             : Sample 0/1: name='Cloth, Movement, Cotton, Sprint, Distant Perspective SND129141 S13', format=5, channels=1, frequency=48000, lengthbytes=2816, lengthpcm=15804, pcmblocksize=0, loopstart=0, loopend=0, mode=0x00000000, channelmask=0x00000000, channelorder=0, peakvolume=0.070127.
[LOG] SystemI::createSoundInternal             : Create name='', mode=0x02000202
[LOG] SystemI::createSoundInternal             : exinfo->cbsize             = 224
[LOG] SystemI::createSoundInternal             : exinfo->length             = 1265920
[LOG] SystemI::createSoundInternal             : exinfo->fileoffset         = 137760
[LOG] SystemI::createSoundInternal             : exinfo->numsubsounds       = 1
[LOG] SystemI::createSoundInternal             : exinfo->inclusionlist      = 00000038351BEC28
[LOG] SystemI::createSoundInternal             : exinfo->inclusionlistnum   = 1
[LOG] SystemI::createSoundInternal             : exinfo->suggestedsoundtype = 5
[LOG] SystemI::createSoundInternal             : exinfo->useropen           = 00007FFE97FDDA70
[LOG] SystemI::createSoundInternal             : exinfo->userclose          = 00007FFE97FDDA30
[LOG] SystemI::createSoundInternal             : exinfo->userread           = 00007FFE97FDDB50
[LOG] SystemI::createSoundInternal             : exinfo->userseek           = 00007FFE97FDDC10
[LOG] SystemI::createSoundInternal             : exinfo->fileuserdata       = 000001ADD3E921F8
[LOG] SystemI::createSoundInternal             : exinfo->initialseekpostype = 1
[LOG] SystemI::DSPCodecPoolRegister            : register codec pool for pool type 4
[LOG] SystemI::createSoundInternal             : Sample 0/1: name='Footsteps, Human, Slippers, Carpet, Wood, Walk, Distant SND128301 S04 2', format=5, channels=1, frequency=48000, lengthbytes=4544, lengthpcm=26980, pcmblocksize=0, loopstart=0, loopend=0, mode=0x00000000, channelmask=0x00000000, channelorder=0, peakvolume=0.021181.
[LOG] SystemI::createSoundInternal             : Create name='', mode=0x02000202
[LOG] SystemI::createSoundInternal             : exinfo->cbsize             = 224
[LOG] SystemI::createSoundInternal             : exinfo->length             = 1265920
[LOG] SystemI::createSoundInternal             : exinfo->fileoffset         = 137760
[LOG] SystemI::createSoundInternal             : exinfo->numsubsounds       = 1
[LOG] SystemI::createSoundInternal             : exinfo->inclusionlist      = 00000038351BEC28
[LOG] SystemI::createSoundInternal             : exinfo->inclusionlistnum   = 1
[LOG] SystemI::createSoundInternal             : exinfo->suggestedsoundtype = 5
[LOG] SystemI::createSoundInternal             : exinfo->useropen           = 00007FFE97FDDA70
[LOG] SystemI::createSoundInternal             : exinfo->userclose          = 00007FFE97FDDA30
[LOG] SystemI::createSoundInternal             : exinfo->userread           = 00007FFE97FDDB50
[LOG] SystemI::createSoundInternal             : exinfo->userseek           = 00007FFE97FDDC10
[LOG] SystemI::createSoundInternal             : exinfo->fileuserdata       = 000001ADD3E921F8
[LOG] SystemI::createSoundInternal             : exinfo->initialseekpostype = 1
[LOG] SystemI::DSPCodecPoolRegister            : register codec pool for pool type 4
[LOG] SystemI::createSoundInternal             : Sample 0/1: name='Footsteps, Human, Sneakers, Concrete, Walk, Distant SND127941 S09', format=5, channels=1, frequency=48000, lengthbytes=4896, lengthpcm=27830, pcmblocksize=0, loopstart=0, loopend=0, mode=0x00000000, channelmask=0x00000000, channelorder=0, peakvolume=0.013815.
[LOG] SystemI::createSoundInternal             : Create name='', mode=0x02000202
[LOG] SystemI::createSoundInternal             : exinfo->cbsize             = 224
[LOG] SystemI::createSoundInternal             : exinfo->length             = 1265920
[LOG] SystemI::createSoundInternal             : exinfo->fileoffset         = 137760
[LOG] SystemI::createSoundInternal             : exinfo->numsubsounds       = 1
[LOG] SystemI::createSoundInternal             : exinfo->inclusionlist      = 00000038351BEC28
[LOG] SystemI::createSoundInternal             : exinfo->inclusionlistnum   = 1
[LOG] SystemI::createSoundInternal             : exinfo->suggestedsoundtype = 5
[LOG] SystemI::createSoundInternal             : exinfo->useropen           = 00007FFE97FDDA70
[LOG] SystemI::createSoundInternal             : exinfo->userclose          = 00007FFE97FDDA30
[LOG] SystemI::createSoundInternal             : exinfo->userread           = 00007FFE97FDDB50
[LOG] SystemI::createSoundInternal             : exinfo->userseek           = 00007FFE97FDDC10
[LOG] SystemI::createSoundInternal             : exinfo->fileuserdata       = 000001ADD3E921F8
[LOG] SystemI::createSoundInternal             : exinfo->initialseekpostype = 1
[LOG] SystemI::DSPCodecPoolRegister            : register codec pool for pool type 4
[LOG] SystemI::createSoundInternal             : Sample 0/1: name='Concrete_Run-005', format=5, channels=2, frequency=48000, lengthbytes=2880, lengthpcm=24000, pcmblocksize=0, loopstart=0, loopend=0, mode=0x00000000, channelmask=0x00000000, channelorder=0, peakvolume=0.523001.
[LOG] SystemI::createSoundInternal             : Create name='', mode=0x02000202
[LOG] SystemI::createSoundInternal             : exinfo->cbsize             = 224
[LOG] SystemI::createSoundInternal             : exinfo->length             = 1265920
[LOG] SystemI::createSoundInternal             : exinfo->fileoffset         = 137760
[LOG] SystemI::createSoundInternal             : exinfo->numsubsounds       = 1
[LOG] SystemI::createSoundInternal             : exinfo->inclusionlist      = 00000038351BEC28
[LOG] SystemI::createSoundInternal             : exinfo->inclusionlistnum   = 1
[LOG] SystemI::createSoundInternal             : exinfo->suggestedsoundtype = 5
[LOG] SystemI::createSoundInternal             : exinfo->useropen           = 00007FFE97FDDA70
[LOG] SystemI::createSoundInternal             : exinfo->userclose          = 00007FFE97FDDA30
[LOG] SystemI::createSoundInternal             : exinfo->userread           = 00007FFE97FDDB50
[LOG] SystemI::createSoundInternal             : exinfo->userseek           = 00007FFE97FDDC10
[LOG] SystemI::createSoundInternal             : exinfo->fileuserdata       = 000001ADD3E921F8
[LOG] SystemI::createSoundInternal             : exinfo->initialseekpostype = 1
[LOG] SystemI::DSPCodecPoolRegister            : register codec pool for pool type 4
[LOG] SystemI::createSoundInternal             : Sample 0/1: name='Carpet_Run-008', format=5, channels=2, frequency=48000, lengthbytes=3264, lengthpcm=24000, pcmblocksize=0, loopstart=0, loopend=0, mode=0x00000000, channelmask=0x00000000, channelorder=0, peakvolume=0.193049.
[LOG] SystemI::createSoundInternal             : Create name='', mode=0x02000202
[LOG] SystemI::createSoundInternal             : exinfo->cbsize             = 224
[LOG] SystemI::createSoundInternal             : exinfo->length             = 1265920
[LOG] SystemI::createSoundInternal             : exinfo->fileoffset         = 137760
[LOG] SystemI::createSoundInternal             : exinfo->numsubsounds       = 1
[LOG] SystemI::createSoundInternal             : exinfo->inclusionlist      = 00000038351BEC28
[LOG] SystemI::createSoundInternal             : exinfo->inclusionlistnum   = 1
[LOG] SystemI::createSoundInternal             : exinfo->suggestedsoundtype = 5
[LOG] SystemI::createSoundInternal             : exinfo->useropen           = 00007FFE97FDDA70
[LOG] SystemI::createSoundInternal             : exinfo->userclose          = 00007FFE97FDDA30
[LOG] SystemI::createSoundInternal             : exinfo->userread           = 00007FFE97FDDB50
[LOG] SystemI::createSoundInternal             : exinfo->userseek           = 00007FFE97FDDC10
[LOG] SystemI::createSoundInternal             : exinfo->fileuserdata       = 000001ADD3E921F8
[LOG] SystemI::createSoundInternal             : exinfo->initialseekpostype = 1
[LOG] SystemI::DSPCodecPoolRegister            : register codec pool for pool type 4
[LOG] SystemI::createSoundInternal             : Sample 0/1: name='Footsteps, Human, Sandals, Walk, Fast, on Glass SND147264 S09', format=5, channels=2, frequency=48000, lengthbytes=10560, lengthpcm=30879, pcmblocksize=0, loopstart=0, loopend=0, mode=0x00000000, channelmask=0x00000000, channelorder=0, peakvolume=0.298791.
[LOG] SystemI::createSoundInternal             : Create name='', mode=0x02000202
[LOG] SystemI::createSoundInternal             : exinfo->cbsize             = 224
[LOG] SystemI::createSoundInternal             : exinfo->length             = 1265920
[LOG] SystemI::createSoundInternal             : exinfo->fileoffset         = 137760
[LOG] SystemI::createSoundInternal             : exinfo->numsubsounds       = 1
[LOG] SystemI::createSoundInternal             : exinfo->inclusionlist      = 00000038351BEC28
[LOG] SystemI::createSoundInternal             : exinfo->inclusionlistnum   = 1
[LOG] SystemI::createSoundInternal             : exinfo->suggestedsoundtype = 5
[LOG] SystemI::createSoundInternal             : exinfo->useropen           = 00007FFE97FDDA70
[LOG] SystemI::createSoundInternal             : exinfo->userclose          = 00007FFE97FDDA30
[LOG] SystemI::createSoundInternal             : exinfo->userread           = 00007FFE97FDDB50
[LOG] SystemI::createSoundInternal             : exinfo->userseek           = 00007FFE97FDDC10
[LOG] SystemI::createSoundInternal             : exinfo->fileuserdata       = 000001ADD3E921F8
[LOG] SystemI::createSoundInternal             : exinfo->initialseekpostype = 1
[LOG] SystemI::DSPCodecPoolRegister            : register codec pool for pool type 4
[LOG] SystemI::createSoundInternal             : Sample 0/1: name='linoleum_Run-004', format=5, channels=2, frequency=48000, lengthbytes=4832, lengthpcm=48000, pcmblocksize=0, loopstart=0, loopend=0, mode=0x00000000, channelmask=0x00000000, channelorder=0, peakvolume=0.116473.
[LOG] SystemI::createSoundInternal             : Create name='', mode=0x02000202
[LOG] SystemI::createSoundInternal             : exinfo->cbsize             = 224
[LOG] SystemI::createSoundInternal             : exinfo->length             = 1265920
[LOG] SystemI::createSoundInternal             : exinfo->fileoffset         = 137760
[LOG] SystemI::createSoundInternal             : exinfo->numsubsounds       = 1
[LOG] SystemI::createSoundInternal             : exinfo->inclusionlist      = 00000038351BEC28
[LOG] SystemI::createSoundInternal             : exinfo->inclusionlistnum   = 1
[LOG] SystemI::createSoundInternal             : exinfo->suggestedsoundtype = 5
[LOG] SystemI::createSoundInternal             : exinfo->useropen           = 00007FFE97FDDA70
[LOG] SystemI::createSoundInternal             : exinfo->userclose          = 00007FFE97FDDA30
[LOG] SystemI::createSoundInternal             : exinfo->userread           = 00007FFE97FDDB50
[LOG] SystemI::createSoundInternal             : exinfo->userseek           = 00007FFE97FDDC10
[LOG] SystemI::createSoundInternal             : exinfo->fileuserdata       = 000001ADD3E921F8
[LOG] SystemI::createSoundInternal             : exinfo->initialseekpostype = 1
[LOG] SystemI::DSPCodecPoolRegister            : register codec pool for pool type 4
[LOG] SystemI::createSoundInternal             : Sample 0/1: name='Concrete_Walk-008', format=5, channels=2, frequency=48000, lengthbytes=5760, lengthpcm=24000, pcmblocksize=0, loopstart=0, loopend=0, mode=0x00000000, channelmask=0x00000000, channelorder=0, peakvolume=0.261482.
[LOG] SystemI::createSoundInternal             : Create name='', mode=0x02000202
[LOG] SystemI::createSoundInternal             : exinfo->cbsize             = 224
[LOG] SystemI::createSoundInternal             : exinfo->length             = 1265920
[LOG] SystemI::createSoundInternal             : exinfo->fileoffset         = 137760
[LOG] SystemI::createSoundInternal             : exinfo->numsubsounds       = 1
[LOG] SystemI::createSoundInternal             : exinfo->inclusionlist      = 00000038351BEC28
[LOG] SystemI::createSoundInternal             : exinfo->inclusionlistnum   = 1
[LOG] SystemI::createSoundInternal             : exinfo->suggestedsoundtype = 5
[LOG] SystemI::createSoundInternal             : exinfo->useropen           = 00007FFE97FDDA70
[LOG] SystemI::createSoundInternal             : exinfo->userclose          = 00007FFE97FDDA30
[LOG] SystemI::createSoundInternal             : exinfo->userread           = 00007FFE97FDDB50
[LOG] SystemI::createSoundInternal             : exinfo->userseek           = 00007FFE97FDDC10
[LOG] SystemI::createSoundInternal             : exinfo->fileuserdata       = 000001ADD3E921F8
[LOG] SystemI::createSoundInternal             : exinfo->initialseekpostype = 1
[LOG] SystemI::DSPCodecPoolRegister            : register codec pool for pool type 4
[LOG] SystemI::createSoundInternal             : Sample 0/1: name='linoleum_Walk-001', format=5, channels=2, frequency=48000, lengthbytes=4800, lengthpcm=48000, pcmblocksize=0, loopstart=0, loopend=0, mode=0x00000000, channelmask=0x00000000, channelorder=0, peakvolume=0.138530.
[LOG] SystemI::createSoundInternal             : Create name='', mode=0x02000202
[LOG] SystemI::createSoundInternal             : exinfo->cbsize             = 224
[LOG] SystemI::createSoundInternal             : exinfo->length             = 1265920
[LOG] SystemI::createSoundInternal             : exinfo->fileoffset         = 137760
[LOG] SystemI::createSoundInternal             : exinfo->numsubsounds       = 1
[LOG] SystemI::createSoundInternal             : exinfo->inclusionlist      = 00000038351BEC28
[LOG] SystemI::createSoundInternal             : exinfo->inclusionlistnum   = 1
[LOG] SystemI::createSoundInternal             : exinfo->suggestedsoundtype = 5
[LOG] SystemI::createSoundInternal             : exinfo->useropen           = 00007FFE97FDDA70
[LOG] SystemI::createSoundInternal             : exinfo->userclose          = 00007FFE97FDDA30
[LOG] SystemI::createSoundInternal             : exinfo->userread           = 00007FFE97FDDB50
[LOG] SystemI::createSoundInternal             : exinfo->userseek           = 00007FFE97FDDC10
[LOG] SystemI::createSoundInternal             : exinfo->fileuserdata       = 000001ADD3E921F8
[LOG] SystemI::createSoundInternal             : exinfo->initialseekpostype = 1
[LOG] SystemI::DSPCodecPoolRegister            : register codec pool for pool type 4
[LOG] SystemI::createSoundInternal             : Sample 0/1: name='Footsteps, Human, Slippers, Wood, Hollow, Walk, Distant SND128428 S01', format=5, channels=1, frequency=48000, lengthbytes=4672, lengthpcm=26910, pcmblocksize=0, loopstart=0, loopend=0, mode=0x00000000, channelmask=0x00000000, channelorder=0, peakvolume=0.031751.
[LOG] SystemI::createSoundInternal             : Create name='', mode=0x02000202
[LOG] SystemI::createSoundInternal             : exinfo->cbsize             = 224
[LOG] SystemI::createSoundInternal             : exinfo->length             = 1265920
[LOG] SystemI::createSoundInternal             : exinfo->fileoffset         = 137760
[LOG] SystemI::createSoundInternal             : exinfo->numsubsounds       = 1
[LOG] SystemI::createSoundInternal             : exinfo->inclusionlist      = 00000038351BEC28
[LOG] SystemI::createSoundInternal             : exinfo->inclusionlistnum   = 1
[LOG] SystemI::createSoundInternal             : exinfo->suggestedsoundtype = 5
[LOG] SystemI::createSoundInternal             : exinfo->useropen           = 00007FFE97FDDA70
[LOG] SystemI::createSoundInternal             : exinfo->userclose          = 00007FFE97FDDA30
[LOG] SystemI::createSoundInternal             : exinfo->userread           = 00007FFE97FDDB50
[LOG] SystemI::createSoundInternal             : exinfo->userseek           = 00007FFE97FDDC10
[LOG] SystemI::createSoundInternal             : exinfo->fileuserdata       = 000001ADD3E921F8
[LOG] SystemI::createSoundInternal             : exinfo->initialseekpostype = 1
[LOG] SystemI::DSPCodecPoolRegister            : register codec pool for pool type 4
[LOG] SystemI::createSoundInternal             : Sample 0/1: name='Concrete_Walk-001', format=5, channels=2, frequency=48000, lengthbytes=5408, lengthpcm=24000, pcmblocksize=0, loopstart=0, loopend=0, mode=0x00000000, channelmask=0x00000000, channelorder=0, peakvolume=0.208243.
[LOG] SystemI::createSoundInternal             : Create name='', mode=0x02000202
[LOG] SystemI::createSoundInternal             : exinfo->cbsize             = 224
[LOG] SystemI::createSoundInternal             : exinfo->length             = 1265920
[LOG] SystemI::createSoundInternal             : exinfo->fileoffset         = 137760
[LOG] SystemI::createSoundInternal             : exinfo->numsubsounds       = 1
[LOG] SystemI::createSoundInternal             : exinfo->inclusionlist      = 00000038351BEC28
[LOG] SystemI::createSoundInternal             : exinfo->inclusionlistnum   = 1
[LOG] SystemI::createSoundInternal             : exinfo->suggestedsoundtype = 5
[LOG] SystemI::createSoundInternal             : exinfo->useropen           = 00007FFE97FDDA70
[LOG] SystemI::createSoundInternal             : exinfo->userclose          = 00007FFE97FDDA30
[LOG] SystemI::createSoundInternal             : exinfo->userread           = 00007FFE97FDDB50
[LOG] SystemI::createSoundInternal             : exinfo->userseek           = 00007FFE97FDDC10
[LOG] SystemI::createSoundInternal             : exinfo->fileuserdata       = 000001ADD3E921F8
[LOG] SystemI::createSoundInternal             : exinfo->initialseekpostype = 1
[LOG] SystemI::DSPCodecPoolRegister            : register codec pool for pool type 4
[LOG] SystemI::createSoundInternal             : Sample 0/1: name='Footsteps, Human, Linoleum, Sneaker, Slow SND1080 S16', format=5, channels=1, frequency=48000, lengthbytes=9664, lengthpcm=56460, pcmblocksize=0, loopstart=0, loopend=0, mode=0x00000000, channelmask=0x00000000, channelorder=0, peakvolume=0.074912.
[LOG] SystemI::createSoundInternal             : Create name='', mode=0x02000202
[LOG] SystemI::createSoundInternal             : exinfo->cbsize             = 224
[LOG] SystemI::createSoundInternal             : exinfo->length             = 1265920
[LOG] SystemI::createSoundInternal             : exinfo->fileoffset         = 137760
[LOG] SystemI::createSoundInternal             : exinfo->numsubsounds       = 1
[LOG] SystemI::createSoundInternal             : exinfo->inclusionlist      = 00000038351BEC28
[LOG] SystemI::createSoundInternal             : exinfo->inclusionlistnum   = 1
[LOG] SystemI::createSoundInternal             : exinfo->suggestedsoundtype = 5
[LOG] SystemI::createSoundInternal             : exinfo->useropen           = 00007FFE97FDDA70
[LOG] SystemI::createSoundInternal             : exinfo->userclose          = 00007FFE97FDDA30
[LOG] SystemI::createSoundInternal             : exinfo->userread           = 00007FFE97FDDB50
[LOG] SystemI::createSoundInternal             : exinfo->userseek           = 00007FFE97FDDC10
[LOG] SystemI::createSoundInternal             : exinfo->fileuserdata       = 000001ADD3E921F8
[LOG] SystemI::createSoundInternal             : exinfo->initialseekpostype = 1
[LOG] SystemI::DSPCodecPoolRegister            : register codec pool for pool type 4
[LOG] SystemI::createSoundInternal             : Sample 0/1: name='Cloth, Movement, Cotton, Sprint, Distant Perspective SND129141 S17', format=5, channels=1, frequency=48000, lengthbytes=2848, lengthpcm=15987, pcmblocksize=0, loopstart=0, loopend=0, mode=0x00000000, channelmask=0x00000000, channelorder=0, peakvolume=0.130764.
[LOG] SystemI::createSoundInternal             : Create name='', mode=0x02000202
[LOG] SystemI::createSoundInternal             : exinfo->cbsize             = 224
[LOG] SystemI::createSoundInternal             : exinfo->length             = 1265920
[LOG] SystemI::createSoundInternal             : exinfo->fileoffset         = 137760
[LOG] SystemI::createSoundInternal             : exinfo->numsubsounds       = 1
[LOG] SystemI::createSoundInternal             : exinfo->inclusionlist      = 00000038351BEC28
[LOG] SystemI::createSoundInternal             : exinfo->inclusionlistnum   = 1
[LOG] SystemI::createSoundInternal             : exinfo->suggestedsoundtype = 5
[LOG] SystemI::createSoundInternal             : exinfo->useropen           = 00007FFE97FDDA70
[LOG] SystemI::createSoundInternal             : exinfo->userclose          = 00007FFE97FDDA30
[LOG] SystemI::createSoundInternal             : exinfo->userread           = 00007FFE97FDDB50
[LOG] SystemI::createSoundInternal             : exinfo->userseek           = 00007FFE97FDDC10
[LOG] SystemI::createSoundInternal             : exinfo->fileuserdata       = 000001ADD3E921F8
[LOG] SystemI::createSoundInternal             : exinfo->initialseekpostype = 1
[LOG] SystemI::DSPCodecPoolRegister            : register codec pool for pool type 4
[LOG] SystemI::createSoundInternal             : Sample 0/1: name='Footsteps, Human, Barefoot, Walk, Slow, on Glass SND147193 S04', format=5, channels=2, frequency=48000, lengthbytes=15264, lengthpcm=48406, pcmblocksize=0, loopstart=0, loopend=0, mode=0x00000000, channelmask=0x00000000, channelorder=0, peakvolume=0.426634.
[LOG] SoundI::release                          :  (000001AD1B528DD8)
[LOG] SoundI::release                          :     Footsteps, Human, Barefoot, Walk, Slow, on Glass SND147193 S00 (000001AC94E328B8)
[LOG] SoundI::release                          :  (000001AD417A5128)
[LOG] SoundI::release                          :     Footsteps, Human, Barefoot, Walk, Slow, on Glass SND147193 S01 (000001AC94E35BB8)
[LOG] SoundI::release                          :  (000001AC690ED7C8)
[LOG] SoundI::release                          :     Footsteps, Human, Barefoot, Walk, Slow, on Glass SND147193 S02 (000001AC20209788)
[LOG] SoundI::release                          :  (000001AD417A56A8)
[LOG] SoundI::release                          :     Footsteps, Human, Barefoot, Walk, Slow, on Glass SND147193 S03 (000001AC94E34FB8)
[LOG] SoundI::release                          :  (000001ADD4443B68)
[LOG] SoundI::release                          :     Footsteps, Human, Barefoot, Walk, Slow, on Glass SND147193 S04 (000001ACF1405558)
[LOG] SoundI::release                          :  (000001AD1B52B2F8)
[LOG] SoundI::release                          :     Footsteps, Human, Barefoot, Walk, Slow, on Glass SND147193 S05 (000001AC94E30F38)
[LOG] SoundI::release                          :  (000001AD83D6C188)
[LOG] SoundI::release                          :     Footsteps, Human, Barefoot, Walk, Slow, on Glass SND147193 S06 (000001AA49578D58)
[LOG] SoundI::release                          :  (000001AD4259D578)
[LOG] SoundI::release                          :     Footsteps, Human, Barefoot, Walk, Slow, on Glass SND147193 S07 (000001AC94E36938)
[LOG] SoundI::release                          :  (000001AD41C78178)
[LOG] SoundI::release                          :     Footsteps, Human, Linoleum, Sneaker, Slow SND1080 S10 (000001AD1B4355D8)
[LOG] SoundI::release                          :  (000001AD4259CE98)
[LOG] SoundI::release                          :     Footsteps, Human, Linoleum, Sneaker, Slow SND1080 S11 (000001AC94E36F38)
[LOG] SoundI::release                          :  (000001AC69101608)
[LOG] SoundI::release                          :     Footsteps, Human, Linoleum, Sneaker, Slow SND1080 S12 (000001AA49577E58)
[LOG] SoundI::release                          :  (000001AD83D6C448)
[LOG] SoundI::release                          :     Footsteps, Human, Linoleum, Sneaker, Slow SND1080 S13 (000001AA495791D8)
[LOG] SoundI::release                          :  (000001AD4259D2B8)
[LOG] SoundI::release                          :     Footsteps, Human, Linoleum, Sneaker, Slow SND1080 S14 (000001AC94E36038)
[LOG] SoundI::release                          :  (000001AD1B528C78)
[LOG] SoundI::release                          :     Footsteps, Human, Linoleum, Sneaker, Slow SND1080 S15 (000001AC94E322B8)
[LOG] SoundI::release                          :  (000001ADD44438A8)
[LOG] SoundI::release                          :     Footsteps, Human, Linoleum, Sneaker, Slow SND1080 S16 (000001ACF1404AD8)
[LOG] SoundI::release                          :  (000001AD1B529A38)
[LOG] SoundI::release                          :     Footsteps, Human, Linoleum, Sneaker, Slow SND1080 S17 (000001AC94E33F38)
[LOG] SoundI::release                          :  (000001ADD4443488)
[LOG] SoundI::release                          :     Concrete_Walk-001 (000001AD6C94A498)
[LOG] SoundI::release                          :  (000001AD1B528018)
[LOG] SoundI::release                          :     Concrete_Walk-002 (000001AC94E33C38)
[LOG] SoundI::release                          :  (000001AD1B527A98)
[LOG] SoundI::release                          :     Concrete_Walk-003 (000001AC94E2FD38)
[LOG] SoundI::release                          :  (000001AD1B52AAB8)
[LOG] SoundI::release                          :     Concrete_Walk-004 (000001AC94E33938)
[LOG] SoundI::release                          :  (000001AD1B52AC18)
[LOG] SoundI::release                          :     Concrete_Walk-005 (000001AC94E33AB8)
[LOG] SoundI::release                          :  (000001AA4D71E618)
[LOG] SoundI::release                          :     Concrete_Walk-006 (000001AA49579F58)
[LOG] SoundI::release                          :  (000001AD1B52A3D8)
[LOG] SoundI::release                          :     Concrete_Walk-007 (000001AC94E32EB8)
[LOG] SoundI::release                          :  (000001AD1B53ACF8)
[LOG] SoundI::release                          :     Concrete_Walk-008 (000001AD6C949D18)
[LOG] SoundI::release                          :  (000001AD1B529B98)
[LOG] SoundI::release                          :     Wood_Walk-001 (000001AC94E32138)
[LOG] SoundI::release                          :  (000001AD83D6B7E8)
[LOG] SoundI::release                          :     Wood_Walk-002 (000001AD77355778)
[LOG] SoundI::release                          :  (000001AC690ED508)
[LOG] SoundI::release                          :     Wood_Walk-003 (000001AC20209D88)
[LOG] SoundI::release                          :  (000001AD41C78598)
[LOG] SoundI::release                          :     Wood_Walk-004 (000001AD1B434FD8)
[LOG] SoundI::release                          :  (000001AC690ED668)
[LOG] SoundI::release                          :     Wood_Walk-005 (000001AC2020AF88)
[LOG] SoundI::release                          :  (000001AD1B529358)
[LOG] SoundI::release                          :     Wood_Walk-006 (000001AC94E31E38)
[LOG] SoundI::release                          :  (000001AD1B527EB8)
[LOG] SoundI::release                          :     Wood_Walk-007 (000001AC94E32D38)
[LOG] SoundI::release                          :  (000001AC96862348)
[LOG] SoundI::release                          :     Wood_Walk-008 (000001AD77356078)
[LOG] SoundI::release                          :  (000001AD83D6BC08)
[LOG] SoundI::release                          :     Carpet_Run-001 (000001AA4957A9D8)
[LOG] SoundI::release                          :  (000001AC968628C8)
[LOG] SoundI::release                          :     Carpet_Run-002 (000001AD77353AF8)
[LOG] SoundI::release                          :  (000001AC69102268)
[LOG] SoundI::release                          :     Carpet_Run-003 (000001AA49578758)
[LOG] SoundI::release                          :  (000001AD83D6C2E8)
[LOG] SoundI::release                          :     Carpet_Run-004 (000001AA49579058)
[LOG] SoundI::release                          :  (000001AC69101B88)
[LOG] SoundI::release                          :     Carpet_Run-005 (000001AA49579658)
[LOG] SoundI::release                          :  (000001AD41C78018)
[LOG] SoundI::release                          :     Carpet_Run-006 (000001AD1B434CD8)
[LOG] SoundI::release                          :  (000001AD1B529CF8)
[LOG] SoundI::release                          :     Carpet_Run-007 (000001AC94E30AB8)
[LOG] SoundI::release                          :  (000001AD1B53AA38)
[LOG] SoundI::release                          :     Carpet_Run-008 (000001AD1B434B58)
[LOG] SoundI::release                          :  (000001AD1B528438)
[LOG] SoundI::release                          :     Footsteps, Human, Sandals, Walk, Fast, on Glass SND147264 S02 (000001AC94E31B38)
[LOG] SoundI::release                          :  (000001AD417A4FC8)
[LOG] SoundI::release                          :     Footsteps, Human, Sandals, Walk, Fast, on Glass SND147264 S03 (000001AC94E364B8)
[LOG] SoundI::release                          :  (000001AC96862B88)
[LOG] SoundI::release                          :     Footsteps, Human, Sandals, Walk, Fast, on Glass SND147264 S04 (000001AD77356C78)
[LOG] SoundI::release                          :  (000001AD417A5548)
[LOG] SoundI::release                          :     Footsteps, Human, Sandals, Walk, Fast, on Glass SND147264 S05 (000001AC94E343B8)
[LOG] SoundI::release                          :  (000001AD1B529098)
[LOG] SoundI::release                          :     Footsteps, Human, Sandals, Walk, Fast, on Glass SND147264 S06 (000001AC94E2F138)
[LOG] SoundI::release                          :  (000001AC69101FA8)
[LOG] SoundI::release                          :     Footsteps, Human, Sandals, Walk, Fast, on Glass SND147264 S07 (000001AA4957AFD8)
[LOG] SoundI::release                          :  (000001AD1B528598)
[LOG] SoundI::release                          :     Footsteps, Human, Sandals, Walk, Fast, on Glass SND147264 S08 (000001AC94E30038)
[LOG] SoundI::release                          :  (000001AD1B53AB98)
[LOG] SoundI::release                          :     Footsteps, Human, Sandals, Walk, Fast, on Glass SND147264 S09 (000001AD6C94A018)
[LOG] SoundI::release                          :  (000001AD1B5286F8)
[LOG] SoundI::release                          :     Footsteps, Human, Sandals, Walk, Fast, on Glass SND147264 S10 (000001AC94E31CB8)
[LOG] SoundI::release                          :  (000001AD1B528858)
[LOG] SoundI::release                          :     Footsteps, Human, Sneakers, Concrete, Walk, Distant SND127941 S07 (000001AC94E2F2B8)
[LOG] SoundI::release                          :  (000001AD4259D158)
[LOG] SoundI::release                          :     Footsteps, Human, Sneakers, Concrete, Walk, Distant SND127941 S08 (000001AC94E36C38)
[LOG] SoundI::release                          :  (000001AD1B53A618)
[LOG] SoundI::release                          :     Footsteps, Human, Sneakers, Concrete, Walk, Distant SND127941 S09 (000001AD1B434558)
[LOG] SoundI::release                          :  (000001AC690ED3A8)
[LOG] SoundI::release                          :     Footsteps, Human, Sneakers, Concrete, Walk, Distant SND127941 S10 (000001AC2020A808)
[LOG] SoundI::release                          :  (000001AD1B52A7F8)
[LOG] SoundI::release                          :     Footsteps, Human, Sneakers, Concrete, Walk, Distant SND127941 S11 (000001AC94E304B8)
[LOG] SoundI::release                          :  (000001AD4259D418)
[LOG] SoundI::release                          :     Footsteps, Human, Sneakers, Concrete, Walk, Distant SND127941 S13 (000001AC94E361B8)
[LOG] SoundI::release                          :  (000001AC968624A8)
[LOG] SoundI::release                          :     Footsteps, Human, Sneakers, Concrete, Walk, Distant SND127941 S14 (000001AD77355BF8)
[LOG] SoundI::release                          :  (000001AC690ED248)
[LOG] SoundI::release                          :     Footsteps, Human, Sneakers, Concrete, Walk, Distant SND127941 S15 (000001AC2020AE08)
[LOG] SoundI::release                          :  (000001AD1B53A098)
[LOG] SoundI::release                          :     Footsteps, Human, Slippers, Wood, Hollow, Walk, Distant SND128428 S01 (000001AD6C94A198)
[LOG] SoundI::release                          :  (000001AA4D71EB98)
[LOG] SoundI::release                          :     Footsteps, Human, Slippers, Wood, Hollow, Walk, Distant SND128428 S02 (000001AA4957A6D8)
[LOG] SoundI::release                          :  (000001AA4D71EE58)
[LOG] SoundI::release                          :     Footsteps, Human, Slippers, Wood, Hollow, Walk, Distant SND128428 S03 (000001AA495797D8)
[LOG] SoundI::release                          :  (000001AA4D71E098)
[LOG] SoundI::release                          :     Footsteps, Human, Slippers, Wood, Hollow, Walk, Distant SND128428 S04 (000001AA49579C58)
[LOG] SoundI::release                          :  (000001AC96862088)
[LOG] SoundI::release                          :     Footsteps, Human, Slippers, Wood, Hollow, Walk, Distant SND128428 S05 (000001AD773549F8)
[LOG] SoundI::release                          :  (000001AD1B527BF8)
[LOG] SoundI::release                          :     Footsteps, Human, Slippers, Wood, Hollow, Walk, Distant SND128428 S06 (000001AC94E32438)
[LOG] SoundI::release                          :  (000001AD417A5968)
[LOG] SoundI::release                          :     Footsteps, Human, Slippers, Wood, Hollow, Walk, Distant SND128428 S07 (000001AC94E358B8)
[LOG] SoundI::release                          :  (000001AA4D71EA38)
[LOG] SoundI::release                          :     Footsteps, Human, Slippers, Wood, Hollow, Walk, Distant SND128428 S08 (000001AA49577FD8)
[LOG] SoundI::release                          :  (000001AD1B53AE58)
[LOG] SoundI::release                          :     linoleum_Walk-001 (000001AD6C94B698)
[LOG] SoundI::release                          :  (000001AA4D71ECF8)
[LOG] SoundI::release                          :     linoleum_Walk-002 (000001AA49578158)
[LOG] SoundI::release                          :  (000001AA4D71E358)
[LOG] SoundI::release                          :     linoleum_Walk-003 (000001AA495782D8)
[LOG] SoundI::release                          :  (000001AC69101A28)
[LOG] SoundI::release                          :     linoleum_Walk-004 (000001AA49579DD8)
[LOG] SoundI::release                          :  (000001AC69102108)
[LOG] SoundI::release                          :     linoleum_Walk-005 (000001AC94E36638)
[LOG] SoundI::release                          :  (000001AD417A53E8)
[LOG] SoundI::release                          :     linoleum_Walk-006 (000001AC94E34238)
[LOG] SoundI::release                          :  (000001AD1B528178)
[LOG] SoundI::release                          :     linoleum_Walk-007 (000001AC94E307B8)
[LOG] SoundI::release                          :  (000001AD1B52B718)
[LOG] SoundI::release                          :     linoleum_Walk-008 (000001AC94E30938)
[LOG] SoundI::release                          :  (000001AD1B52A958)
[LOG] SoundI::release                          :     linoleum_Walk-009 (000001AC94E325B8)
[LOG] SoundI::release                          :  (000001AD1B5282D8)
[LOG] SoundI::release                          :     Concrete_Run-001 (000001AC94E32A38)
[LOG] SoundI::release                          :  (000001AD1B5298D8)
[LOG] SoundI::release                          :     Concrete_Run-002 (000001AC94E33638)
[LOG] SoundI::release                          :  (000001AD4259D6D8)
[LOG] SoundI::release                          :     Concrete_Run-003 (000001AC94E35D38)
[LOG] SoundI::release                          :  (000001AC690EDA88)
[LOG] SoundI::release                          :     Concrete_Run-004 (000001AC20209908)
[LOG] SoundI::release                          :  (000001AD1B53A8D8)
[LOG] SoundI::release                          :     Concrete_Run-005 (000001AD1B4349D8)
[LOG] SoundI::release                          :  (000001AC690ED0E8)
[LOG] SoundI::release                          :     Concrete_Run-006 (000001AD773531F8)
[LOG] SoundI::release                          :  (000001AD1B52A278)
[LOG] SoundI::release                          :     Concrete_Run-007 (000001AC94E2FBB8)
[LOG] SoundI::release                          :  (000001AD1B52A538)
[LOG] SoundI::release                          :     Concrete_Run-008 (000001AC94E337B8)
[LOG] SoundI::release                          :  (000001AD4259DC58)
[LOG] SoundI::release                          :     Carpet_Walk-001 (000001AC94E35438)
[LOG] SoundI::release                          :  (000001AD1B529FB8)
[LOG] SoundI::release                          :     Carpet_Walk-002 (000001AC94E31238)
[LOG] SoundI::release                          :  (000001AD1B52B458)
[LOG] SoundI::release                          :     Carpet_Walk-003 (000001AC94E2FEB8)
[LOG] SoundI::release                          :  (000001AC96862768)
[LOG] SoundI::release                          :     Carpet_Walk-004 (000001AD773564F8)
[LOG] SoundI::release                          :  (000001AC968621E8)
[LOG] SoundI::release                          :     Carpet_Walk-005 (000001AD773558F8)
[LOG] SoundI::release                          :  (000001AD1B52AD78)
[LOG] SoundI::release                          :     Carpet_Walk-006 (000001AC94E34838)
[LOG] SoundI::release                          :  (000001AD1B5289B8)
[LOG] SoundI::release                          :     Carpet_Walk-007 (000001AC94E334B8)
[LOG] SoundI::release                          :  (000001AD41C78438)
[LOG] SoundI::release                          :     Carpet_Walk-008 (000001AC2020A088)
[LOG] SoundI::release                          :  (000001AD417A5808)
[LOG] SoundI::release                          :     Wood_Run-001 (000001AC94E34CB8)
[LOG] SoundI::release                          :  (000001AD1B529E58)
[LOG] SoundI::release                          :     Wood_Run-002 (000001AC94E316B8)
[LOG] SoundI::release                          :  (000001AD417A4E68)
[LOG] SoundI::release                          :     Wood_Run-003 (000001AC94E36338)
[LOG] SoundI::release                          :  (000001AD417A5288)
[LOG] SoundI::release                          :     Wood_Run-004 (000001AC94E349B8)
[LOG] SoundI::release                          :  (000001AC69101CE8)
[LOG] SoundI::release                          :     Wood_Run-005 (000001AA49579958)
[LOG] SoundI::release                          :  (000001AD1B529778)
[LOG] SoundI::release                          :     Wood_Run-006 (000001AD83CAE0F8)
[LOG] SoundI::release                          :  (000001AD1B528F38)
[LOG] SoundI::release                          :     Wood_Run-007 (000001AC94E2F8B8)
[LOG] SoundI::release                          :  (000001AD4259D998)
[LOG] SoundI::release                          :     Wood_Run-008 (000001AC94E36DB8)
[LOG] SoundI::release                          :  (000001AD41C78C78)
[LOG] SoundI::release                          :     Cloth, Movement, Cotton, Sprint, Distant Perspective SND129141 S11 (000001AC20209A88)
[LOG] SoundI::release                          :  (000001AD1B52B5B8)
[LOG] SoundI::release                          :     Cloth, Movement, Cotton, Sprint, Distant Perspective SND129141 S12 (000001AC94E310B8)
[LOG] SoundI::release                          :  (000001AD41C789B8)
[LOG] SoundI::release                          :     Cloth, Movement, Cotton, Sprint, Distant Perspective SND129141 S13 (000001AD1B434258)
[LOG] SoundI::release                          :  (000001AC69101768)
[LOG] SoundI::release                          :     Cloth, Movement, Cotton, Sprint, Distant Perspective SND129141 S14 (000001AA49577B58)
[LOG] SoundI::release                          :  (000001AD83D6BD68)
[LOG] SoundI::release                          :     Cloth, Movement, Cotton, Sprint, Distant Perspective SND129141 S15 (000001AA49579AD8)
[LOG] SoundI::release                          :  (000001AD1B52A118)
[LOG] SoundI::release                          :     Cloth, Movement, Cotton, Sprint, Distant Perspective SND129141 S16 (000001AC94E31838)
[LOG] SoundI::release                          :  (000001ADD4443A08)
[LOG] SoundI::release                          :     Cloth, Movement, Cotton, Sprint, Distant Perspective SND129141 S17 (000001ACF1405B58)
[LOG] SoundI::release                          :  (000001AD1B528B18)
[LOG] SoundI::release                          :     Cloth, Movement, Cotton, Sprint, Distant Perspective SND129141 S18 (000001AC94E2F438)
[LOG] SoundI::release                          :  (000001AD1B527D58)
[LOG] SoundI::release                          :     Footsteps, Human, Slippers, Carpet, Wood, Walk, Distant SND128301 S00 2 (000001AC94E2FA38)
[LOG] SoundI::release                          :  (000001AA4D71E1F8)
[LOG] SoundI::release                          :     Footsteps, Human, Slippers, Carpet, Wood, Walk, Distant SND128301 S01 2 (000001AA49578458)
[LOG] SoundI::release                          :  (000001AD4259DAF8)
[LOG] SoundI::release                          :     Footsteps, Human, Slippers, Carpet, Wood, Walk, Distant SND128301 S02 2 (000001AC94E35138)
[LOG] SoundI::release                          :  (000001AD4259D838)
[LOG] SoundI::release                          :     Footsteps, Human, Slippers, Carpet, Wood, Walk, Distant SND128301 S03 2 (000001AC94E35EB8)
[LOG] SoundI::release                          :  (000001AD41C786F8)
[LOG] SoundI::release                          :     Footsteps, Human, Slippers, Carpet, Wood, Walk, Distant SND128301 S04 2 (000001AD1B4358D8)
[LOG] SoundI::release                          :  (000001AC691014A8)
[LOG] SoundI::release                          :     Footsteps, Human, Slippers, Carpet, Wood, Walk, Distant SND128301 S05 2 (000001AA49577CD8)
[LOG] SoundI::release                          :  (000001AD83D6BAA8)
[LOG] SoundI::release                          :     Footsteps, Human, Slippers, Carpet, Wood, Walk, Distant SND128301 S06 2 (000001AA495785D8)
[LOG] SoundI::release                          :  (000001AC691018C8)
[LOG] SoundI::release                          :     linoleum_Run-001 (000001AA4957AE58)
[LOG] SoundI::release                          :  (000001AA4D71E4B8)
[LOG] SoundI::release                          :     linoleum_Run-002 (000001AA495788D8)
[LOG] SoundI::release                          :  (000001AD1B5294B8)
[LOG] SoundI::release                          :     linoleum_Run-003 (000001AD83CAD1F8)
[LOG] SoundI::release                          :  (000001AD1B53A1F8)
[LOG] SoundI::release                          :     linoleum_Run-004 (000001AD6C949B98)
[LOG] SoundI::release                          :  (000001AD1B52B878)
[LOG] SoundI::release                          :     linoleum_Run-005 (000001AC94E313B8)
[LOG] SoundI::release                          :  (000001AD83D6C5A8)
[LOG] SoundI::release                          :     linoleum_Run-006 (000001AA4957AB58)
[LOG] SoundI::release                          :  (000001AC690ED928)
[LOG] SoundI::release                          :     linoleum_Run-007 (000001AC2020A508)
[LOG] SoundI::release                          :  (000001AD41C782D8)
[LOG] SoundI::release                          :     linoleum_Run-008 (000001AD1B435D58)
[LOG] SoundI::release                          :  (000001AD1B52A698)
[LOG] SoundI::release                          :     linoleum_Run-009 (000001AC94E33338)
[LOG] SoundI::release                          :  (000001AD417A5AC8)
[LOG] SoundI::release                          :     Glass-001 (000001AC94E355B8)
[LOG] SoundI::release                          :  (000001AC96862CE8)
[LOG] SoundI::release                          :     Glass-002 (000001AD77356F78)
[LOG] SoundI::release                          :  (000001AD1B529618)
[LOG] SoundI::release                          :     Glass-003 (000001AC94E319B8)
[LOG] SoundI::release                          :  (000001AD1B52AED8)
[LOG] SoundI::release                          :     Glass-004 (000001AC94E32BB8)
[LOG] SoundI::release                          :  (000001AD83D6C028)
[LOG] SoundI::release                          :     Glass-005 (000001AA49578A58)
[LOG] SoundI::release                          :  (000001AD1B53A778)
[LOG] SoundI::release                          :     Glass-006 (000001AC94E34538)
[LOG] SoundI::release                          :  (000001AD83D6B948)
[LOG] SoundI::release                          :     Glass-007 (000001AC94E2F738)
[LOG] SoundI::release                          :  (000001AD1C305538)
[LOG] SoundI::release                          :     loc_run_ammunition_01 (000001AD77354E78)
[LOG] SoundI::release                          :  (000001AD1B5291F8)
[LOG] SoundI::release                          :     loc_run_ammunition_02 (000001AC2020A688)
[LOG] SoundI::release                          :  (000001AD1B53A4B8)
[LOG] SoundI::release                          :     loc_run_ammunition_03 (000001AC94E34B38)
[LOG] SoundI::release                          :  (000001AC690ECF88)
[LOG] SoundI::release                          :     loc_run_ammunition_04 (000001AD1B435BD8)
[LOG] SoundI::release                          :  (000001AD842D88D8)
[LOG] SoundI::release                          :     loc_run_ammunition_05 (000001AD1B4343D8)
[LOG] SoundI::release                          :  (000001AD417A5C28)
[LOG] SoundI::release                          :     loc_run_ammunition_06 (000001AC94E2F5B8)
[LOG] SoundI::release                          :  (000001AC96862A28)
[LOG] SoundI::release                          :     loc_run_ammunition_07 (000001AC94E367B8)
[LOG] SoundI::release                          :  (000001AA4AF6DFD8)
[LOG] SoundI::release                          :     loc_run_ammunition_08 (000001AA49578ED8)
[LOG] SoundI::release                          :  (000001AD1B52B038)
[LOG] SoundI::release                          :     loc_run_ammunition_09 (000001ACF1405CD8)
[LOG] SoundI::release                          :  (000001AC690ECE28)
[LOG] SoundI::release                          :     loc_run_ammunition_10 (000001AD1B434E58)
[LOG] SoundI::release                          :  (000001AD4259CFF8)
[LOG] SoundI::release                          :     loc_walk_ammunition_01 (000001AA4957B158)
[LOG] SoundI::release                          :  (000001AA4D71E778)
[LOG] SoundI::release                          :     loc_walk_ammunition_02 (000001AC94E35738)
[LOG] SoundI::release                          :  (000001AA4AF6DE78)
[LOG] SoundI::release                          :     loc_walk_ammunition_03 (000001AA4957A858)
[LOG] SoundI::release                          :  (000001AD1C305958)
[LOG] SoundI::release                          :     loc_walk_ammunition_04 (000001AD77353678)
[LOG] SoundI::release                          :  (000001AD1B53A358)
[LOG] SoundI::release                          :     loc_walk_ammunition_05 (000001AC94E346B8)
[LOG] SoundI::release                          :  (000001AD41C78DD8)
[LOG] SoundI::release                          :     loc_walk_ammunition_06 (000001AD77354FF8)
[LOG] SoundI::release                          :  (000001AC96862608)
[LOG] SoundI::release                          :     loc_walk_ammunition_07 (000001AC94E36AB8)
[LOG] SoundI::release                          :  (000001AD842D8098)
[LOG] SoundI::release                          :     loc_walk_ammunition_08 (000001AD1B435758)
[LOG] SoundI::release                          :  (000001AC690ECCC8)
[LOG] SoundI::release                          :     loc_walk_ammunition_09 (000001AC2020A208)
[LOG] SoundI::release                          :  (000001AC69101E48)
[LOG] SoundI::release                          :     loc_walk_ammunition_10 (000001AC94E340B8)
[LOG] SoundI::release                          :  (000001AA4AF6E138)
[LOG] SoundI::release                          :     loc_walk_ammunition_11 (000001AA495779D8)
[LOG] SoundI::release                          :  (000001ADD4443328)
[LOG] SoundI::release                          :     loc_walk_ammunition_12 (000001AC94E31FB8)
[LOG] SoundI::release                          :  (000001AD842D84B8)
[LOG] SoundI::release                          :     loc_crouch_ammunition_1 (000001AD1B4346D8)
[LOG] SoundI::release                          :  (000001AD842D8E58)
[LOG] SoundI::release                          :     loc_crouch_ammunition_2 (000001AD1B4352D8)
[LOG] SoundI::release                          :  (000001AD41C78B18)
[LOG] SoundI::release                          :     loc_crouch_ammunition_3 (000001AD773555F8)
[LOG] SoundI::release                          :  (000001AD41C78858)
[LOG] SoundI::release                          :     loc_crouch_ammunition_4 (000001AD77355EF8)
[LOG] SoundI::release                          :  (000001AD1C304FB8)
[LOG] SoundI::release                          :     loc_crouch_ammunition_5 (000001AA495794D8)
[LOG] SoundI::release                          :  (000001ADD44435E8)
[LOG] SoundI::release                          :     loc_crouch_ammunition_6 (000001AC94E33038)
[LOG] SoundI::release                          :  (000001AD1C305698)
[LOG] SoundI::release                          :     Cloth, Movement, Cotton, Walk, Distant Perspective SND129133 S00 (000001AD77355A78)
[LOG] SoundI::release                          :  (000001AC96862E48)
[LOG] SoundI::release                          :     Cloth, Movement, Cotton, Walk, Distant Perspective SND129133 S01 (000001AC94E352B8)
[LOG] SoundI::release                          :  (000001AD1C304E58)
[LOG] SoundI::release                          :     Cloth, Movement, Cotton, Walk, Distant Perspective SND129133 S02 (000001AD773537F8)
[LOG] SoundI::release                          :  (000001AD1B52B198)
[LOG] SoundI::release                          :     Cloth, Movement, Cotton, Walk, Distant Perspective SND129133 S03 (000001ACF1405858)
[LOG] SoundI::release                          :  (000001AD83D6BEC8)
[LOG] SoundI::release                          :     Cloth, Movement, Cotton, Walk, Distant Perspective SND129133 S04 (000001AC94E32738)
[LOG] SoundI::release                          :  (000001AA4D71E8D8)
[LOG] SoundI::release                          :     Cloth, Movement, Cotton, Walk, Distant Perspective SND129133 S05 (000001AC94E35A38)
[LOG] SoundI::release                          :  (000001ADD4443748)
[LOG] SoundI::release                          :     Cloth, Movement, Cotton, Walk, Distant Perspective SND129133 S06 (000001AC94E33DB8)
[LOG] SoundI::release                          :  (000001AA4A1E9BB8)
[LOG] SoundI::release                          :     Run (000001AD7F6C3BF8)
[LOG] SoundI::release                          :  (000001AA4A1E9638)
[LOG] SoundI::release                          :     Idle (000001AD7F6C5578)
[LOG] Thread::callback                         : FMOD Studio update thread finished.
[LOG] Thread::callback                         : FMOD Studio bank load thread finished.
[LOG] Profile::disconnectAll                   : Profiler disconnecting all clients
[LOG] Thread::callback                         : FMOD Studio sample load thread finished.
[LOG] LiveUpdate::release                      : 
[LOG] LiveUpdate::reset                        : Reset connection (reason Disconnected)
[LOG] Thread::callback                         : FMOD stream thread finished.
[LOG] Thread::callback                         : FMOD mixer thread finished.
[LOG] Profile::disconnectAll                   : Profiler disconnecting all clients
[LOG] SystemI::closeInternal                   : Closed.
[LOG] BankLoader::serializeBank                : fileversion = 146, compatVersion = 146 (oldest = 44, newest = 146)
[LOG] BankLoader::serializeBank                : fileversion = 146, compatVersion = 146 (oldest = 44, newest = 146)
[LOG] BankLoader::serializeBank                : fileversion = 146, compatVersion = 146 (oldest = 44, newest = 146)
[LOG] PlaybackSystem::acquireMasterBus         : Setting master channel group format to 6
[LOG] Thread::callback                         : FMOD Studio bank load thread finished.
[LOG] Thread::callback                         : FMOD Studio sample load thread finished.
[LOG] LiveUpdate::release                      : 
[LOG] LiveUpdate::reset                        : Reset connection (reason Disconnected)
[LOG] Thread::callback                         : FMOD stream thread finished.
[LOG] Thread::callback                         : FMOD mixer thread finished.
[LOG] SystemI::closeInternal                   : Closed.
